unit,raw,step_status,status_date,note
21814-1/11,TE-Se-4,Terminé,2026-09-04,
21793-1/5,TE-Se-3,Terminé,2026-09-03,
21965-4/4,TE-Se-3,Terminé,2026-09-03,
21794-5/5,TE-Se-4,Terminé,2026-09-04,
21969-2/2,TE-Se-4,Terminé,2026-09-04,
21971-5/8,TE-Se-3,Terminé,2026-09-03,
21967-1/5,TE-Se-3,Terminé,2026-09-03,
21971-6/8,TE-Se-3,Terminé,2026-09-03,
21794-1/5,TE-Se-2,Terminé,2026-09-02,
21792-5/5,TE-Se-2,Terminé,2026-09-02,
21794-4/5,TE-Se-2,Terminé,2026-09-02,
21971-4/8,TE-Se-2,Terminé,2026-09-02,
21050W1-1/1,TE-Se-2,Terminé,2026-09-02,
21794-2/5,TE-Se-2,Terminé,2026-09-02,
21969-1/2,TE-Se-1,Terminé,2026-09-01,
21794-3/5,TE-Se-1,Terminé,2026-09-01,
21971-1/8,EC-Se-1,En cours,2026-09-01,
21971-2/8,TE-Se-1,Terminé,2026-09-01,
21971-3/8,EC-Se-1,En cours,2026-09-01,
21839-7/10,TE-Ao-27,Terminé,2026-08-27,
21839-9/10,TE-Ao-26,Terminé,2026-08-26,
21838-3/5,TE-Ao-26,Terminé,2026-08-26,
21840-3/10,TE-Ao-27,Terminé,2026-08-27,
21813-1/1,TE-Ao-26,Terminé,2026-08-26,
22032-14/20,TE-Ao-26,Terminé,2026-08-26,
22032-16/20,TE-Ao-26,Terminé,2026-08-26,
22032-17/20,TE-Ao-26,Terminé,2026-08-26,
21803-1/8,TE-Ao-26,Terminé,2026-08-26,
20164W2-1/1,TE-Ao-25,Terminé,2026-08-25,
22032-7/20,TE-Ao-24,Terminé,2026-08-24,
22032-12/20,TE-Ao-24,Terminé,2026-08-24,
22032-13/20,TE-Ao-24,Terminé,2026-08-24,
22032-15/20,TE-Ao-24,Terminé,2026-08-24,
22032-18/20,TE-Ao-24,Terminé,2026-08-24,
22032-19/20,TE-Ao-25,Terminé,2026-08-25,
22032-8/20,TE-Ao-24,Terminé,2026-08-24,
21966-2/3,TE-Ao-26,Terminé,2026-08-26,
22032-10/20,TE-Ao-20,Terminé,2026-08-20,
21966-3/3,TE-Ao-26,Terminé,2026-08-26,
21968-3/4,TE-Ao-26,Terminé,2026-08-26,
22032-4/20,TE-Ao-20,Terminé,2026-08-20,
21941-3/3,TE-Ao-20,Terminé,2026-08-20,
22032-9/20,TE-Ao-20,Terminé,2026-08-20,
22032-11/20,TE-Ao-20,Terminé,2026-08-20,
21944-2/4,TE-Ao-19,Terminé,2026-08-19,
21944-3/4,TE-Ao-19,Terminé,2026-08-19,
21944-4/4,TE-Ao-19,Terminé,2026-08-19,
21923-4/6,TE-Ao-17,Terminé,2026-08-17,
21968-1/4,TE-Ao-17,Terminé,2026-08-17,
21789-5/5,TE-Ao-17,Terminé,2026-08-17,
21944-1/4,TE-Ao-17,Terminé,2026-08-17,
22032-5/20,TE-Ao-17,Terminé,2026-08-17,
22032-6/20,TE-Ao-17,Terminé,2026-08-17,
21787-5/5,TE-Ao-14,Terminé,2026-08-14,
21966-1/3,TE-Ao-14,Terminé,2026-08-14,
21968-2/4,TE-Ao-14,Terminé,2026-08-14,
21952-1/1,TE-Ao-12,Terminé,2026-08-12,
21941-1/3,TE-Ao-12,Terminé,2026-08-12,
21787-3/5,TE-Ao-14,Terminé,2026-08-14,
21787-4/5,TE-Ao-12,Terminé,2026-08-12,
21941-2/3,TE-Ao-13,Terminé,2026-08-13,
21786-11/14,TE-Ao-12,Terminé,2026-08-12,
21787-2/5,TE-Ao-12,Terminé,2026-08-12,
22021-14/20,TE-Ao-11,Terminé,2026-08-11,
21786-10/14,TE-Ao-11,Terminé,2026-08-11,
21786-12/14,TE-Ao-11,Terminé,2026-08-11,
21786-13/14,TE-Ao-11,Terminé,2026-08-11,
21786-14/14,TE-Ao-11,Terminé,2026-08-11,
21787-1/5,TE-Ao-11,Terminé,2026-08-11,
21786-9/14,TE-Jui-24,Terminé,2026-07-24,JUI_resolved_from_stage_dates(ref=2026-08-17)
21945-1/2,TE-Jui-22,Terminé,2026-07-22,JUI_resolved_from_stage_dates(ref=2026-08-31)
22032-3/20,TE-Jui-22,Terminé,2026-07-22,JUI_resolved_from_stage_dates(ref=2026-08-18)
21945-2/2,TE-Ao-14,Terminé,2026-08-14,
22032-2/20,TE-Jui-21,Terminé,2026-07-21,JUI_resolved_from_stage_dates(ref=2026-08-18)
21881-2/2,TE-Jui-17,Terminé,2026-07-17,JUI_resolved_from_stage_dates(ref=2026-08-13)
22032-1/20,TE-Jui-17,Terminé,2026-07-17,JUI_resolved_from_stage_dates(ref=2026-08-18)
21408-1/1 SA,TE-Jui-16,Terminé,2026-07-16,JUI_resolved_from_stage_dates(ref=2026-08-31)
21408-1/1,TE-Jui-16,Terminé,2026-07-16,JUI_resolved_from_stage_dates(ref=2026-08-31)
21881-1/2,TE-Jui-15,Terminé,2026-07-15,JUI_resolved_from_stage_dates(ref=2026-08-13)
21912-9/10,TE-Jui-15,Terminé,2026-07-15,JUI_resolved_from_stage_dates(ref=2026-10-30)
21912-2/10,TE-Jui-13,Terminé,2026-07-13,JUI_resolved_from_stage_dates(ref=2026-10-30)
21912-7/10,TE-Jui-10,Terminé,2026-07-10,JUI_resolved_from_stage_dates(ref=2026-10-30)
21912-8/10,TE-Jui-10,Terminé,2026-07-10,JUI_resolved_from_stage_dates(ref=2026-10-30)
21912-10/10,TE-Jui-10,Terminé,2026-07-10,JUI_resolved_from_stage_dates(ref=2026-10-30)
21912-3/10,TE-Jui-8,Terminé,2026-07-08,JUI_resolved_from_stage_dates(ref=2026-10-30)
21912-4/10,TE-Jui-8,Terminé,2026-07-08,JUI_resolved_from_stage_dates(ref=2026-10-30)
21912-5/10,TE-Jui-8,Terminé,2026-07-08,JUI_resolved_from_stage_dates(ref=2026-10-30)
21912-1/10,TE-Jui-6,Terminé,2026-07-06,JUI_resolved_from_stage_dates(ref=2026-10-30)
21912-6/10,TE-Jui-6,Terminé,2026-07-06,JUI_resolved_from_stage_dates(ref=2026-10-30)
21386-2/2,TE-Ao-11,Terminé,2026-08-11,
21611-1/1,TE-Se-4,Terminé,2026-09-04,
21611-1/1 SA,TE-Se-4,Terminé,2026-09-04,
21714-1/4,TE-Se-4,Terminé,2026-09-04,
21714-2/4,TE-Se-4,Terminé,2026-09-04,
21910-1/3,TE-Se-4,Terminé,2026-09-04,
21943-8/8,TE-Se-4,Terminé,2026-09-04,
21910-2/3,TE-Se-4,Terminé,2026-09-04,
21657-1/1,TE-Se-4,Terminé,2026-09-04,
21839-6/10,TE-Ao-27,Terminé,2026-08-27,
21910-3/3,TE-Se-4,Terminé,2026-09-04,
21839-8/10,TE-Ao-27,Terminé,2026-08-27,
21040W2-1/1,EC-Se-4,En cours,2026-09-04,
21407-2/3,TE-Ao-21,Terminé,2026-08-21,
21776-1/1,EC-Ao-27,En cours,2026-08-27,
21838-1/5,EC-Ao-27,En cours,2026-08-27,
21777-1/1,EC-Se-4,En cours,2026-09-04,
21838-2/5,EC-Ao-27,En cours,2026-08-27,
21387-3/6,TE-Ao-27,Terminé,2026-08-27,
21840-1/10,EC-Ao-27,En cours,2026-08-27,
21840-2/10,EC-Ao-27,En cours,2026-08-27,
21844-1/1,EC-Ao-27,En cours,2026-08-27,
21845-1/1,EC-Ao-27,En cours,2026-08-27,
21840-4/10,EC-Ao-27,En cours,2026-08-27,
21965-1/4,EC-Ao-21,En cours,2026-08-21,
21965-2/4,TE-Ao-21,Terminé,2026-08-21,
21840-5/10,TE-Ao-27,Terminé,2026-08-27,
21846-1/1,TE-Ao-27,Terminé,2026-08-27,
21850-1/2,TE-Ao-27,Terminé,2026-08-27,
21838-4/5,TE-Ao-27,Terminé,2026-08-27,
21840-6/10,TE-Ao-27,Terminé,2026-08-27,
21840-7/10,EC-Ao-27,En cours,2026-08-27,
21850-2/2,TE-Ao-27,Terminé,2026-08-27,
21968-4/4,EC-Se-4,En cours,2026-09-04,
21838-5/5,EC-Ao-27,En cours,2026-08-27,
21839-10/10,TE-Ao-27,Terminé,2026-08-27,
21840-8/10,EC-Ao-27,En cours,2026-08-27,
21499-1/3,EC-Se-4,En cours,2026-09-04,
21499-1/3 SA,EC-Se-4,En cours,2026-09-04,
21803-2/8,EC-Ao-27,En cours,2026-08-27,
21840-10/10,TE-Se-4,Terminé,2026-09-04,
21840-9/10,EC-Ao-27,En cours,2026-08-27,
21965-3/4,EC-Ao-21,En cours,2026-08-21,
22032-20/20,EC-Ao-27,En cours,2026-08-27,
21792-1/5,EC-Ao-27,En cours,2026-08-27,
21792-2/5,TE-Ao-27,Terminé,2026-08-27,
21803-3/8,EC-Ao-27,En cours,2026-08-27,
21803-4/8,EC-Ao-27,En cours,2026-08-27,
21792-3/5,TE-Ao-27,Terminé,2026-08-27,
21792-4/5,EC-Ao-27,En cours,2026-08-27,
21803-5/8,EC-Se-4,En cours,2026-09-04,
22045-1/2,EC-Se-4,En cours,2026-09-04,
21970-1/2,EC-Se-4,En cours,2026-09-04,
21991-1/3,TE-Se-4,Terminé,2026-09-04,
21793-2/5,EC-Se-4,En cours,2026-09-04,
21793-3/5,TE-Se-4,Terminé,2026-09-04,
21970-2/2,EC-Se-4,En cours,2026-09-04,
21803-6/8,EC-Se-4,En cours,2026-09-04,
21835-1/1,TE-Se-4,Terminé,2026-09-04,
21971-7/8,EC-Se-4,En cours,2026-09-04,
21971-8/8,EC-Se-4,En cours,2026-09-04,
21991-2/3,TE-Se-4,Terminé,2026-09-04,
21793-4/5,TE-Se-4,Terminé,2026-09-04,
21793-5/5,EC-Se-4,En cours,2026-09-04,
21803-7/8,TE-Se-4,Terminé,2026-09-04,
21847-1/1,EC-Se-4,En cours,2026-09-04,
21851-1/2,TE-Se-4,Terminé,2026-09-04,
21851-2/2,EC-Se-4,En cours,2026-09-04,
21991-3/3,TE-Se-4,Terminé,2026-09-04,
21521-1/1,EC-Se-4,En cours,2026-09-04,
21803-8/8,TE-Se-4,Terminé,2026-09-04,
21967-2/5,EC-Se-4,En cours,2026-09-04,
21972-1/1,EC-Se-4,En cours,2026-09-04,
21979-1/1,EC-Se-4,En cours,2026-09-04,
21980-1/1,TE-Se-4,Terminé,2026-09-04,
22017-1/3,TE-Se-4,Terminé,2026-09-04,
21831-1/5,EC-Se-4,En cours,2026-09-04,
21831-2/5,EC-Se-4,En cours,2026-09-04,
21831-3/5,EC-Se-4,En cours,2026-09-04,
21993-1/8,EC-Se-4,En cours,2026-09-04,
21387-4/6,TE-Se-4,Terminé,2026-09-04,
21854-1/2,TE-Se-4,Terminé,2026-09-04,
21854-2/2,EC-Se-4,En cours,2026-09-04,
21967-3/5,EC-Se-4,En cours,2026-09-04,
21993-2/8,EC-Se-4,En cours,2026-09-04,
21993-3/8,EC-Se-4,En cours,2026-09-04,
22017-2/3,TE-Se-4,Terminé,2026-09-04,
21831-4/5,EC-Se-4,En cours,2026-09-04,
21831-5/5,EC-Se-4,En cours,2026-09-04,
21954-1/1,EC-Se-4,En cours,2026-09-04,
21967-4/5,EC-Se-4,En cours,2026-09-04,
21993-4/8,EC-Se-4,En cours,2026-09-04,
21886-1/2,TE-Se-4,Terminé,2026-09-04,
21886-2/2,TE-Se-4,Terminé,2026-09-04,
21967-5/5,TE-Se-4,Terminé,2026-09-04,
21993-5/8,TE-Se-4,Terminé,2026-09-04,
21993-6/8,TE-Se-4,Terminé,2026-09-04,
22017-3/3,TE-Se-4,Terminé,2026-09-04,
21795-1/5,TE-Se-4,Terminé,2026-09-04,
21795-2/5,EC-Se-4,En cours,2026-09-04,
21830-1/5,EC-Se-4,En cours,2026-09-04,
21830-2/5,TE-Se-4,Terminé,2026-09-04,
21955-1/2,TE-Se-4,Terminé,2026-09-04,
21992-1/6,TE-Se-4,Terminé,2026-09-04,
21993-7/8,TE-Se-4,Terminé,2026-09-04,
21795-3/5,B2-Se-4,Bobine 2,2026-09-04,
21832-1/11,B2-Se-4,Bobine 2,2026-09-04,
21848-1/3,TE-Se-4,Terminé,2026-09-04,
21992-2/6,TE-Se-4,Terminé,2026-09-04,
21992-3/6,TE-Se-4,Terminé,2026-09-04,
21993-8/8,TE-Se-4,Terminé,2026-09-04,
21387-5/6,EC-Se-4,En cours,2026-09-04,
21830-3/5,TE-Se-4,Terminé,2026-09-04,
21830-4/5,TE-Se-4,Terminé,2026-09-04,
21992-4/6,TE-Se-4,Terminé,2026-09-04,
21995-1/2,B1-Se-4,Bobine 1,2026-09-04,
21848-2/3,TE-Se-4,Terminé,2026-09-04,
21955-2/2,TE-Se-4,Terminé,2026-09-04,
21992-5/6,TE-Se-4,Terminé,2026-09-04,
21830-5/5,TE-Se-4,Terminé,2026-09-04,
21848-3/3,TE-Se-4,Terminé,2026-09-04,
21992-6/6,TE-Se-4,Terminé,2026-09-04,
21994-1/3,TE-Se-4,Terminé,2026-09-04,
21994-2/3,TE-Se-4,Terminé,2026-09-04,
21841-1/10,TE-Se-4,Terminé,2026-09-04,
21994-3/3,TE-Se-4,Terminé,2026-09-04,
21841-2/10,TE-Se-4,Terminé,2026-09-04,
21841-3/10,TE-Se-4,Terminé,2026-09-04,
21998-1/3,TE-Se-4,Terminé,2026-09-04,
21833-1/6,B1-Se-4,Bobine 1,2026-09-04,
21841-4/10,TE-Se-4,Terminé,2026-09-04,
21841-5/10,TE-Se-4,Terminé,2026-09-04,
21957-1/9,TE-Se-4,Terminé,2026-09-04,
21841-6/10,TE-Se-4,Terminé,2026-09-04,
21841-7/10,TE-Se-4,Terminé,2026-09-04,
21957-2/9,TE-Se-4,Terminé,2026-09-04,
21998-2/3,TE-Se-4,Terminé,2026-09-04,
21998-3/3,B1-Se-4,Bobine 1,2026-09-04,
21841-8/10,TE-Se-4,Terminé,2026-09-04,
21841-9/10,TE-Se-4,Terminé,2026-09-04,
21957-3/9,TE-Se-4,Terminé,2026-09-04,
21841-10/10,TE-Se-4,Terminé,2026-09-04,
21957-4/9,TE-Se-4,Terminé,2026-09-04,
21814-2/11,TE-Se-4,Terminé,2026-09-04,
21957-5/9,TE-Se-4,Terminé,2026-09-04,
21957-6/9,TE-Se-4,Terminé,2026-09-04,
22105-1/1,TE-Se-4,Terminé,2026-09-04,
21957-7/9,B1-Se-4,Bobine 1,2026-09-04,
21814-3/11,TE-Se-4,Terminé,2026-09-04,
21821-1/1,B3-Se-4,Bobine 3,2026-09-04,
21843-1/1,TE-Se-4,Terminé,2026-09-04,
21814-4/11,B1-Se-4,Bobine 1,2026-09-04,
21842-1/5,TE-Se-4,Terminé,2026-09-04,
21842-2/5,TE-Se-4,Terminé,2026-09-04,
21842-3/5,TE-Se-4,Terminé,2026-09-04,
21842-4/5,B3-Se-4,Bobine 3,2026-09-04,
21714-3/4,TE-Se-4,Terminé,2026-09-04,
21714-4/4,TE-Se-4,Terminé,2026-09-04,
