Order,Engineering Required,LDs,Engineering Required state,LDs state
21840-10/10,Y,Y,Y,Y
21386-2/2,Y,N,Y,N
21842-2/5,Y,Y,Y,Y
21611-1/1,Y,Y,Y,Y
21842-3/5,Y,Y,Y,Y
21611-1/1 SA,Y,,Y,blank
21842-4/5,Y,Y,Y,Y
21912-1/10,Y,,Y,blank
21842-5/5,Y,Y,Y,Y
21912-2/10,Y,,Y,blank
21842-1/5,Y,Y,Y,Y
21912-3/10,Y,,Y,blank
21911-1/7,Y,,Y,blank
21912-4/10,Y,,Y,blank
21911-6/7,Y,,Y,blank
21714-1/4,N,Y,N,Y
21969-1/2,N,,N,blank
21912-5/10,Y,,Y,blank
21794-3/5,N,Y,N,Y
21912-6/10,Y,,Y,blank
21971-1/8,N,,N,blank
21714-2/4,N,Y,N,Y
21971-2/8,N,,N,blank
21910-3/3,Y,,Y,blank
21971-3/8,N,,N,blank
21912-7/10,Y,,Y,blank
21794-2/5,N,Y,N,Y
21912-8/10,Y,,Y,blank
21793-1/5,N,Y,N,Y
21912-10/10,Y,,Y,blank
21792-5/5,N,Y,N,Y
21912-9/10,Y,,Y,blank
21794-4/5,N,Y,N,Y
21814-1/11,Y,Y,Y,Y
21965-4/4,N,,N,blank
21910-1/3,Y,,Y,blank
21971-4/8,N,,N,blank
21943-8/8,N,,N,blank
21971-5/8,N,,N,blank
21910-2/3,Y,,Y,blank
21967-1/5,N,,N,blank
P20001-1/1,Y,,Y,blank
21847-1/1,N,,N,blank
20164W2-1/1,,,blank,blank
21848-1/3,N,,N,blank
21657-1/1,Y,Y,Y,Y
21848-2/3,N,,N,blank
21040W2-1/1,Y,,Y,blank
21848-3/3,N,,N,blank
21968-4/4,N,,N,blank
21851-1/2,Y,,Y,blank
21050W1-1/1,Y,,Y,blank
21851-2/2,Y,,Y,blank
21499-1/3,Y,N,Y,N
21879-1/1,Y,,Y,blank
21499-1/3 SA,Y,,Y,blank
21854-1/2,Y,,Y,blank
21794-1/5,N,Y,N,Y
21854-2/2,Y,,Y,blank
22045-2/2,Y,,Y,blank
21954-1/1,Y,,Y,blank
21803-5/8,N,Y,N,Y
21821-1/1,N,Y,N,Y
22063-1/1,,,blank,blank
22045-1/2,Y,,Y,blank
22064-1/2,,,blank,blank
22078-1/1,,,blank,blank
21849-1/2,Y,,Y,blank
22064-2/2,,,blank,blank
21849-2/2,Y,,Y,blank
22083-1/2,,,blank,blank
21906-1/2,N,,N,blank
21906-2/2,N,,N,blank
22083-2/2,,,blank,blank
P1_001-1/1,,,blank,blank
21907-1/8,N,,N,blank
21794-5/5,N,Y,N,Y
22084-1/2,,,blank,blank
21969-2/2,N,,N,blank
21853-1/2,N,,N,blank
21970-1/2,N,,N,blank
21853-2/2,N,,N,blank
21907-2/8,N,,N,blank
22084-2/2,,,blank,blank
21991-1/3,N,,N,blank
21907-3/8,N,,N,blank
21777-1/1,Y,N,Y,N
21907-4/8,N,,N,blank
21793-2/5,N,Y,N,Y
21937-1/1,N,,N,blank
21793-3/5,N,Y,N,Y
22112-1/3,,,blank,blank
21907-5/8,N,,N,blank
21907-6/8,N,,N,blank
21970-2/2,N,,N,blank
22112-2/3,N,,N,blank
21971-6/8,N,,N,blank
22112-3/3,N,,N,blank
21803-6/8,N,Y,N,Y
21907-7/8,N,,N,blank
21835-1/1,Y,N,Y,N
21907-8/8,N,,N,blank
21971-7/8,N,,N,blank
22101-1/1,,,blank,blank
21971-8/8,N,,N,blank
21917-1/1,Y,,Y,blank
21991-2/3,N,,N,blank
21939-1/1,Y,,Y,blank
21793-4/5,N,Y,N,Y
22100-1/2,,,blank,blank
21793-5/5,N,Y,N,Y
21929-1/1,N,,N,blank
21803-7/8,N,Y,N,Y
21983-1/1,N,,N,blank
22005-1/2,Y,,Y,blank
22005-2/2,Y,,Y,blank
21991-3/3,N,,N,blank
22100-2/2,,,blank,blank
21803-8/8,N,Y,N,Y
22006-1/2,Y,,Y,blank
21967-2/5,N,,N,blank
22006-2/2,Y,,Y,blank
21972-1/1,N,,N,blank
22117-1/2,,,blank,blank
21993-1/8,Y,,Y,blank
22109-1/1,,,blank,blank
21993-2/8,Y,,Y,blank
21938-1/1,Y,,Y,blank
21993-3/8,Y,,Y,blank
22117-2/2,,,blank,blank
21831-1/5,N,Y,N,Y
22007-1/2,N,,N,blank
21831-2/5,N,Y,N,Y
22143-1/6,,,blank,blank
21831-3/5,N,Y,N,Y
22143-2/6,,,blank,blank
22007-2/2,N,,N,blank
22143-3/6,,,blank,blank
21967-3/5,N,,N,blank
22136-1/1,,,blank,blank
21831-4/5,N,Y,N,Y
22143-4/6,,,blank,blank
21831-5/5,N,Y,N,Y
22143-5/6,,,blank,blank
22143-6/6,,,blank,blank
21967-4/5,N,,N,blank
21959-1/2,N,,N,blank
21979-1/1,Y,,Y,blank
22142-1/1,,,blank,blank
21993-4/8,Y,,Y,blank
21959-2/2,N,,N,blank
21830-1/5,N,Y,N,Y
22133-1/1,,,blank,blank
21830-2/5,N,Y,N,Y
21960-1/2,N,,N,blank
21967-5/5,N,,N,blank
21960-2/2,N,,N,blank
21993-5/8,Y,,Y,blank
21961-1/2,N,,N,blank
21993-6/8,Y,,Y,blank
22138-1/2,,,blank,blank
21795-1/5,N,Y,N,Y
21961-2/2,N,,N,blank
21795-2/5,N,Y,N,Y
22008-1/2,N,,N,blank
21993-7/8,Y,,Y,blank
22138-2/2,,,blank,blank
22017-1/3,Y,,Y,blank
22008-2/2,N,,N,blank
22017-2/3,Y,,Y,blank
22139-1/2,,,blank,blank
21521-1/1,Y,N,Y,N
22139-2/2,,,blank,blank
21795-3/5,N,Y,N,Y
22102-1/1,,,blank,blank
21832-1/11,N,Y,N,Y
22140-1/2,,,blank,blank
21993-8/8,Y,,Y,blank
22140-2/2,,,blank,blank
22017-3/3,Y,,Y,blank
22141-1/2,,,blank,blank
21795-4/5,N,Y,N,Y
22141-2/2,,,blank,blank
21830-3/5,N,Y,N,Y
22004-1/2,N,,N,blank
21830-4/5,N,Y,N,Y
22004-2/2,N,,N,blank
21955-1/2,Y,,Y,blank
22009-1/2,N,,N,blank
21992-1/6,N,,N,blank
22009-2/2,N,,N,blank
21995-1/2,Y,,Y,blank
22018-1/1,N,,N,blank
21795-5/5,N,Y,N,Y
22019-1/1,Y,,Y,blank
21832-2/11,N,Y,N,Y
22080-1/3,,,blank,blank
22080-2/3,,,blank,blank
21955-2/2,Y,,Y,blank
22010-1/2,N,,N,blank
21992-2/6,N,,N,blank
22080-3/3,,,blank,blank
21995-2/2,Y,,Y,blank
21830-5/5,N,Y,N,Y
22010-2/2,N,,N,blank
21832-3/11,N,Y,N,Y
22066-1/2,,,blank,blank
22066-2/2,,,blank,blank
21992-3/6,N,,N,blank
22079-1/1,,,blank,blank
21994-1/3,Y,,Y,blank
22131-1/1,,,blank,blank
21994-2/3,Y,,Y,blank
22132-1/1,,,blank,blank
22105-1/1,,,blank,blank
22113-1/1,,,blank,blank
21832-4/11,N,Y,N,Y
22134-1/2,,,blank,blank
21841-1/10,Y,Y,Y,Y
22114-1/3,,,blank,blank
21992-4/6,N,,N,blank
21994-3/3,Y,,Y,blank
22134-2/2,,,blank,blank
22114-2/3,,,blank,blank
21832-5/11,N,Y,N,Y
22085-1/2,,,blank,blank
21841-2/10,Y,Y,Y,Y
21841-3/10,Y,Y,Y,Y
22114-3/3,,,blank,blank
21992-5/6,N,,N,blank
22085-2/2,,,blank,blank
21997-1/4,Y,,Y,blank
22115-1/1,,,blank,blank
21387-4/6,Y,N,Y,N
21833-1/6,N,Y,N,Y
22116-1/1,,,blank,blank
21841-4/10,Y,Y,Y,Y
21841-5/10,Y,Y,Y,Y
22135-1/2,,,blank,blank
21957-1/9,N,,N,blank
22135-2/2,,,blank,blank
21992-6/6,N,,N,blank
21997-2/4,Y,,Y,blank
22011-1/2,Y,,Y,blank
21833-2/6,N,Y,N,Y
21841-6/10,Y,Y,Y,Y
22011-2/2,Y,,Y,blank
21841-7/10,Y,Y,Y,Y
22012-1/2,N,,N,blank
21957-2/9,N,,N,blank
21998-1/3,Y,,Y,blank
22012-2/2,N,,N,blank
21387-5/6,Y,N,Y,N
21832-6/11,N,Y,N,Y
22013-1/2,N,,N,blank
21841-8/10,Y,Y,Y,Y
22013-2/2,N,,N,blank
21841-9/10,Y,Y,Y,Y
22015-1/2,Y,,Y,blank
21957-3/9,N,,N,blank
21997-3/4,Y,,Y,blank
22015-2/2,Y,,Y,blank
21832-7/11,N,Y,N,Y
21841-10/10,Y,Y,Y,Y
22016-1/2,N,,N,blank
21957-4/9,N,,N,blank
21997-4/4,Y,,Y,blank
22016-2/2,N,,N,blank
21998-2/3,Y,,Y,blank
P20004-1/2,,,blank,blank
20877R1-1/1,,,blank,blank
21814-2/11,Y,Y,Y,Y
E21003R1-1/1,,,blank,blank
21833-3/6,N,Y,N,Y
E21004-1/2,,,blank,blank
21957-5/9,N,,N,blank
21957-6/9,N,,N,blank
E21004-2/2,,,blank,blank
21996-1/10,Y,,Y,blank
E21007-1/1,,,blank,blank
21998-3/3,Y,,Y,blank
P20004-2/2,,,blank,blank
21832-8/11,N,Y,N,Y
21957-7/9,N,,N,blank
E21009-1/1,,,blank,blank
21996-2/10,Y,,Y,blank
21996-3/10,Y,,Y,blank
E21011-1/1,,,blank,blank
21996-4/10,Y,,Y,blank
21814-3/11,Y,Y,Y,Y
E21015-1/1,,,blank,blank
21886-1/2,Y,Y,Y,Y
E21016-1/1,,,blank,blank
21833-4/6,N,Y,N,Y
WRG3026-1/4,,,blank,blank
21957-8/9,N,,N,blank
21996-5/10,Y,,Y,blank
WRG3026-2/4,,,blank,blank
21996-6/10,Y,,Y,blank
WRG3026-3/4,,,blank,blank
21886-2/2,Y,Y,Y,Y
WRG3026-4/4,,,blank,blank
21996-7/10,Y,,Y,blank
21832-9/11,N,Y,N,Y
WRG3027-1/2,,,blank,blank
21957-9/9,N,,N,blank
WRG3027-2/2,,,blank,blank
21980-1/1,Y,,Y,blank
21996-10/10,Y,,Y,blank
21996-8/10,Y,,Y,blank
21996-9/10,Y,,Y,blank
21833-5/6,N,Y,N,Y
22056-1/6,Y,,Y,blank
22068-1/4,,,blank,blank
22068-2/4,,,blank,blank
22068-3/4,,,blank,blank
21832-10/11,N,Y,N,Y
21843-1/1,N,Y,N,Y
22056-2/6,Y,,Y,blank
22056-3/6,Y,,Y,blank
22068-4/4,,,blank,blank
22069-1/10,,,blank,blank
21387-6/6,Y,N,Y,N
21873-1/8,N,,N,blank
21873-2/8,N,,N,blank
21873-3/8,N,,N,blank
21913-1/7,Y,,Y,blank
21832-11/11,N,Y,N,Y
21913-2/7,Y,,Y,blank
21916-1/1,Y,,Y,blank
22056-4/6,Y,,Y,blank
22069-2/10,,,blank,blank
22069-3/10,,,blank,blank
21833-6/6,N,Y,N,Y
21873-4/8,N,,N,blank
21873-5/8,N,,N,blank
21873-6/8,N,,N,blank
21880-1/1,Y,,Y,blank
22069-4/10,,,blank,blank
21860-1/1,N,Y,N,Y
21873-7/8,N,,N,blank
21873-8/8,N,,N,blank
21988-1/1,Y,,Y,blank
22056-5/6,Y,,Y,blank
22069-5/10,,,blank,blank
21875-1/5,N,,N,blank
21875-2/5,N,,N,blank
21913-3/7,Y,,Y,blank
22056-6/6,Y,,Y,blank
21989-1/1,Y,,Y,blank
22069-6/10,,,blank,blank
22069-7/10,,,blank,blank
21814-4/11,Y,Y,Y,Y
21874-1/5,N,,N,blank
21874-2/5,N,,N,blank
21874-3/5,N,,N,blank
21911-2/7,Y,,Y,blank
21913-4/7,Y,,Y,blank
22069-8/10,,,blank,blank
21874-4/5,N,,N,blank
21874-5/5,N,,N,blank
21911-3/7,Y,,Y,blank
21911-4/7,Y,,Y,blank
21913-5/7,Y,,Y,blank
22057-1/9,Y,,Y,blank
22057-2/9,Y,,Y,blank
22069-9/10,,,blank,blank
21875-3/5,N,,N,blank
21875-4/5,N,,N,blank
22057-3/9,Y,,Y,blank
22069-10/10,,,blank,blank
21887-1/2,Y,Y,Y,Y
22070-1/8,,,blank,blank
22070-2/8,,,blank,blank
21875-5/5,N,,N,blank
21876-1/5,N,,N,blank
21911-5/7,Y,,Y,blank
21913-6/7,Y,,Y,blank
22057-4/9,Y,,Y,blank
22057-5/9,Y,,Y,blank
21539-1/2,Y,N,Y,N
21918-1/1,Y,,Y,blank
22070-3/8,,,blank,blank
21963-1/2,Y,,Y,blank
22070-4/8,,,blank,blank
22057-6/9,Y,,Y,blank
21876-2/5,N,,N,blank
22057-7/9,Y,,Y,blank
21876-3/5,N,,N,blank
21887-2/2,Y,Y,Y,Y
22070-5/8,,,blank,blank
22070-6/8,,,blank,blank
22070-7/8,,,blank,blank
22070-8/8,,,blank,blank
22071-1/8,,,blank,blank
21876-4/5,N,,N,blank
21913-7/7,Y,,Y,blank
21876-5/5,N,,N,blank
22057-8/9,Y,,Y,blank
22071-2/8,,,blank,blank
22071-3/8,,,blank,blank
22071-4/8,,,blank,blank
P21911_A-1/1,,,blank,blank
21877-1/5,N,,N,blank
21911-7/7,Y,,Y,blank
21877-2/5,N,,N,blank
21963-2/2,Y,,Y,blank
22071-5/8,,,blank,blank
21964-1/3,Y,,Y,blank
22071-6/8,,,blank,blank
22057-9/9,Y,,Y,blank
21877-3/5,N,,N,blank
21877-4/5,N,,N,blank
21877-5/5,N,,N,blank
22071-7/8,,,blank,blank
P21911_B-1/1,,,blank,blank
22071-8/8,,,blank,blank
22072-1/2,,,blank,blank
22072-2/2,,,blank,blank
21915-1/2,Y,,Y,blank
21900-1/8,N,,N,blank
21964-2/3,Y,,Y,blank
21900-2/8,N,,N,blank
21964-3/3,Y,,Y,blank
21900-3/8,N,,N,blank
21956-1/2,Y,,Y,blank
22087-1/4,,,blank,blank
22087-2/4,,,blank,blank
21814-5/11,Y,Y,Y,Y
21900-4/8,N,,N,blank
21900-5/8,N,,N,blank
21908-1/6,Y,,Y,blank
21900-6/8,N,,N,blank
21900-7/8,N,,N,blank
21900-8/8,N,,N,blank
22087-3/4,,,blank,blank
21901-1/5,N,,N,blank
21901-2/5,N,,N,blank
21901-3/5,N,,N,blank
21908-2/6,Y,,Y,blank
22087-4/4,,,blank,blank
21909-1/2,Y,,Y,blank
21901-4/5,N,,N,blank
21915-2/2,Y,,Y,blank
21901-5/5,N,,N,blank
21814-6/11,Y,Y,Y,Y
22088-1/4,N,,N,blank
21956-2/2,Y,,Y,blank
22088-2/4,,,blank,blank
22090-1/4,,,blank,blank
21908-3/6,Y,,Y,blank
21902-1/5,N,,N,blank
21902-2/5,N,,N,blank
21902-3/5,N,,N,blank
22088-3/4,,,blank,blank
21902-4/5,N,,N,blank
21902-5/5,N,,N,blank
21909-2/2,Y,,Y,blank
22090-2/4,,,blank,blank
22106-1/29,,,blank,blank
22106-2/29,,,blank,blank
22088-4/4,,,blank,blank
21908-4/6,Y,,Y,blank
22090-3/4,,,blank,blank
22090-4/4,,,blank,blank
22106-3/29,,,blank,blank
21903-1/5,N,,N,blank
21903-2/5,N,,N,blank
22106-4/29,,,blank,blank
22106-5/29,,,blank,blank
22106-6/29,,,blank,blank
21908-5/6,Y,,Y,blank
22106-7/29,,,blank,blank
21908-6/6,Y,,Y,blank
22106-8/29,,,blank,blank
21990-1/3,N,,N,blank
22106-9/29,,,blank,blank
22097-1/5,,,blank,blank
21523-1/3,Y,N,Y,N
22106-10/29,,,blank,blank
21523-1/3 SA,Y,,Y,blank
22106-11/29,,,blank,blank
22106-12/29,,,blank,blank
21990-2/3,N,,N,blank
21903-3/5,N,,N,blank
21903-4/5,N,,N,blank
22106-13/29,,,blank,blank
22111-1/10,,,blank,blank
22106-14/29,,,blank,blank
22106-15/29,,,blank,blank
21903-5/5,N,,N,blank
21990-3/3,N,,N,blank
22106-16/29,,,blank,blank
22106-17/29,,,blank,blank
22111-2/10,,,blank,blank
22106-18/29,,,blank,blank
21904-1/5,N,,N,blank
22106-19/29,,,blank,blank
22106-20/29,,,blank,blank
22089-1/5,,,blank,blank
22089-2/5,,,blank,blank
22097-2/5,,,blank,blank
22106-21/29,,,blank,blank
21927-1/5,N,,N,blank
22111-3/10,,,blank,blank
21927-2/5,N,,N,blank
21814-7/11,Y,Y,Y,Y
21927-3/5,N,,N,blank
22106-22/29,,,blank,blank
22106-23/29,,,blank,blank
21904-2/5,N,,N,blank
22111-4/10,,,blank,blank
21904-3/5,N,,N,blank
22089-3/5,,,blank,blank
22089-4/5,,,blank,blank
22089-5/5,,,blank,blank
22091-1/5,,,blank,blank
22091-2/5,,,blank,blank
21814-8/11,Y,Y,Y,Y
22097-3/5,,,blank,blank
22106-24/29,,,blank,blank
21924-1/3,N,,N,blank
22111-5/10,N,,N,blank
22106-25/29,,,blank,blank
22122-1/2,,,blank,blank
21904-4/5,N,,N,blank
21904-5/5,N,,N,blank
21962-1/1,Y,,Y,blank
22106-26/29,,,blank,blank
22106-27/29,,,blank,blank
22118-1/4,,,blank,blank
21934-1/2,Y,,Y,blank
21924-2/3,N,,N,blank
22091-3/5,,,blank,blank
22091-4/5,,,blank,blank
22111-6/10,N,,N,blank
22097-4/5,,,blank,blank
21814-9/11,Y,Y,Y,Y
22106-28/29,,,blank,blank
22091-5/5,,,blank,blank
22106-29/29,,,blank,blank
22122-2/2,,,blank,blank
22111-7/10,,,blank,blank
21925-1/10,N,,N,blank
21925-2/10,N,,N,blank
21925-3/10,N,,N,blank
21958-1/1,Y,,Y,blank
21925-4/10,N,,N,blank
22097-5/5,,,blank,blank
21814-10/11,Y,Y,Y,Y
21925-5/10,N,,N,blank
21925-6/10,N,,N,blank
21925-7/10,N,,N,blank
21924-3/3,N,,N,blank
21927-4/5,N,,N,blank
22118-2/4,,,blank,blank
21934-2/2,Y,,Y,blank
22118-3/4,,,blank,blank
22118-4/4,,,blank,blank
22121-1/8,,,blank,blank
21925-10/10,N,,N,blank
21925-8/10,N,,N,blank
21925-9/10,N,,N,blank
21927-5/5,N,,N,blank
22121-2/8,,,blank,blank
22121-3/8,,,blank,blank
22121-4/8,,,blank,blank
22111-8/10,,,blank,blank
22123-1/2,,,blank,blank
22123-2/2,,,blank,blank
22121-5/8,,,blank,blank
22121-6/8,,,blank,blank
22121-7/8,,,blank,blank
21523-2/3,Y,N,Y,N
22121-8/8,,,blank,blank
21523-2/3 SA,Y,,Y,blank
21946-1/5,N,,N,blank
21946-2/5,N,,N,blank
21946-3/5,N,,N,blank
21946-4/5,N,,N,blank
21950-1/5,N,,N,blank
22111-9/10,,,blank,blank
21950-2/5,N,,N,blank
22119-1/4,,,blank,blank
22130-1/3,,,blank,blank
21926-1/4,N,,N,blank
21926-2/4,N,,N,blank
21946-5/5,N,,N,blank
21928-1/5,N,,N,blank
21950-3/5,N,,N,blank
21950-4/5,N,,N,blank
22119-2/4,,,blank,blank
22111-10/10,,,blank,blank
21928-2/5,N,,N,blank
21928-3/5,N,,N,blank
21947-1/4,N,,N,blank
21947-2/4,N,,N,blank
21947-3/4,N,,N,blank
21947-4/4,N,,N,blank
21352-1/1,N,N,N,N
21926-3/4,N,,N,blank
21926-4/4,N,,N,blank
21951-1/4,N,,N,blank
22130-2/3,,,blank,blank
21928-4/5,N,,N,blank
21538-1/1,Y,N,Y,N
21928-5/5,N,,N,blank
21948-1/5,N,,N,blank
21948-2/5,N,,N,blank
22120-1/2,,,blank,blank
21948-3/5,N,,N,blank
21950-5/5,N,,N,blank
21949-1/5,N,,N,blank
21949-2/5,N,,N,blank
21949-3/5,N,,N,blank
22130-3/3,,,blank,blank
21948-4/5,N,,N,blank
21948-5/5,N,,N,blank
21951-2/4,N,,N,blank
21949-4/5,N,,N,blank
21949-5/5,N,,N,blank
21951-3/4,N,,N,blank
22129-1/4,,,blank,blank
22119-3/4,,,blank,blank
22120-2/2,,,blank,blank
22144-1/4,,,blank,blank
22146-1/5,,,blank,blank
21951-4/4,N,,N,blank
22129-2/4,,,blank,blank
21814-11/11,Y,Y,Y,Y
22146-2/5,,,blank,blank
22152-1/10,,,blank,blank
22119-4/4,,,blank,blank
22129-3/4,,,blank,blank
22144-2/4,,,blank,blank
22146-3/5,,,blank,blank
22153-1/4,,,blank,blank
22129-4/4,,,blank,blank
22152-2/10,,,blank,blank
22152-3/10,,,blank,blank
22152-4/10,,,blank,blank
21973-1/3,N,,N,blank
21973-2/3,N,,N,blank
22144-3/4,,,blank,blank
22020-1/2,N,,N,blank
22152-5/10,,,blank,blank
22152-6/10,,,blank,blank
22152-7/10,,,blank,blank
21974-1/5,N,,N,blank
21974-2/5,N,,N,blank
21974-3/5,N,,N,blank
22153-2/4,,,blank,blank
21973-3/3,N,,N,blank
21935-1/2,Y,,Y,blank
22144-4/4,,,blank,blank
21935-2/2,Y,,Y,blank
22152-8/10,,,blank,blank
22152-9/10,,,blank,blank
21358-1/1,N,N,N,N
21974-4/5,N,,N,blank
21974-5/5,N,,N,blank
21975-1/5,N,,N,blank
22146-4/5,,,blank,blank
22146-5/5,,,blank,blank
22145-1/2,,,blank,blank
22145-2/2,,,blank,blank
22020-2/2,N,,N,blank
22152-10/10,,,blank,blank
21975-2/5,N,,N,blank
21975-3/5,N,,N,blank
21523-3/3,Y,N,Y,N
21975-4/5,N,,N,blank
21523-3/3 SA,Y,,Y,blank
21975-5/5,N,,N,blank
22086-1/1,,,blank,blank
21978-1/5,N,,N,blank
22153-3/4,,,blank,blank
21976-1/5,N,,N,blank
21976-2/5,N,,N,blank
21976-3/5,N,,N,blank
21976-4/5,N,,N,blank
21976-5/5,N,,N,blank
22154-1/4,,,blank,blank
21977-1/5,N,,N,blank
21977-2/5,N,,N,blank
21977-3/5,N,,N,blank
21977-4/5,N,,N,blank
22153-4/4,,,blank,blank
21977-5/5,N,,N,blank
21978-2/5,N,,N,blank
21978-3/5,N,,N,blank
21978-4/5,N,,N,blank
21978-5/5,N,,N,blank
22154-2/4,,,blank,blank
21361-1/1,N,N,N,N
22154-3/4,,,blank,blank
22154-4/4,,,blank,blank
22155-1/1,,,blank,blank
21999-1/4,Y,,Y,blank
21999-2/4,Y,,Y,blank
21999-3/4,Y,,Y,blank
22001-1/8,Y,,Y,blank
21999-4/4,Y,,Y,blank
22000-1/8,Y,,Y,blank
21662-1/1,Y,Y,Y,Y
22000-2/8,Y,,Y,blank
22001-2/8,N,,N,blank
22000-3/8,Y,,Y,blank
22000-4/8,Y,,Y,blank
22081-1/2,,,blank,blank
22000-5/8,Y,,Y,blank
22001-3/8,Y,,Y,blank
22002-1/3,Y,,Y,blank
22000-6/8,Y,,Y,blank
22000-7/8,Y,,Y,blank
22000-8/8,Y,,Y,blank
22001-4/8,Y,,Y,blank
22002-2/3,Y,,Y,blank
22002-3/3,Y,,Y,blank
22001-5/8,Y,,Y,blank
22001-6/8,Y,,Y,blank
22003-1/5,Y,,Y,blank
22003-2/5,Y,,Y,blank
22001-7/8,Y,,Y,blank
22001-8/8,Y,,Y,blank
22003-3/5,Y,,Y,blank
22003-4/5,Y,,Y,blank
22003-5/5,Y,,Y,blank
22073-1/8,,,blank,blank
22073-2/8,,,blank,blank
22073-3/8,,,blank,blank
22076-1/4,,,blank,blank
21539-2/2,Y,N,Y,N
22073-4/8,,,blank,blank
22073-5/8,,,blank,blank
22073-6/8,,,blank,blank
22081-2/2,,,blank,blank
22076-2/4,,,blank,blank
22073-7/8,,,blank,blank
22073-8/8,,,blank,blank
22074-1/4,,,blank,blank
22074-2/4,,,blank,blank
22075-1/8,,,blank,blank
22075-2/8,,,blank,blank
22075-3/8,,,blank,blank
22076-3/4,,,blank,blank
22074-3/4,,,blank,blank
22074-4/4,,,blank,blank
22076-4/4,,,blank,blank
22075-4/8,,,blank,blank
22075-5/8,,,blank,blank
22075-6/8,,,blank,blank
22075-7/8,,,blank,blank
22075-8/8,,,blank,blank
22082-1/2,,,blank,blank
22077-1/4,,,blank,blank
22082-2/2,,,blank,blank
22077-2/4,,,blank,blank
22077-3/4,,,blank,blank
22077-4/4,,,blank,blank
22092-1/8,,,blank,blank
22092-2/8,,,blank,blank
22093-1/4,,,blank,blank
22093-2/4,,,blank,blank
22092-3/8,,,blank,blank
22092-4/8,,,blank,blank
22092-5/8,,,blank,blank
22093-3/4,,,blank,blank
22092-6/8,,,blank,blank
22092-7/8,,,blank,blank
22092-8/8,,,blank,blank
22093-4/4,,,blank,blank
22094-1/8,,,blank,blank
22094-2/8,,,blank,blank
22095-1/4,,,blank,blank
22095-2/4,,,blank,blank
22094-3/8,,,blank,blank
22094-4/8,,,blank,blank
22094-5/8,,,blank,blank
22095-3/4,,,blank,blank
22095-4/4,,,blank,blank
22094-6/8,,,blank,blank
22094-7/8,,,blank,blank
22094-8/8,,,blank,blank
22096-1/4,,,blank,blank
22096-2/4,,,blank,blank
22096-3/4,,,blank,blank
22096-4/4,,,blank,blank
22124-1/8,,,blank,blank
22124-2/8,,,blank,blank
22124-3/8,,,blank,blank
22124-4/8,,,blank,blank
22127-1/4,,,blank,blank
22124-5/8,,,blank,blank
22124-6/8,,,blank,blank
22124-7/8,,,blank,blank
22124-8/8,,,blank,blank
22125-1/4,,,blank,blank
22125-2/4,,,blank,blank
21364-1/1,N,N,N,N
22127-2/4,,,blank,blank
22128-1/4,,,blank,blank
22127-3/4,,,blank,blank
22125-3/4,,,blank,blank
22125-4/4,,,blank,blank
21359-1/1,N,N,N,N
22128-2/4,,,blank,blank
22128-3/4,,,blank,blank
22126-1/8,,,blank,blank
22126-2/8,,,blank,blank
22126-3/8,,,blank,blank
21365-1/1,N,N,N,N
22126-4/8,,,blank,blank
21540-1/2,Y,N,Y,N
22127-4/4,,,blank,blank
22128-4/4,,,blank,blank
22126-5/8,,,blank,blank
22126-6/8,,,blank,blank
22126-7/8,,,blank,blank
22126-8/8,,,blank,blank
22098-1/1,,,blank,blank
22098-1/1 SA,,,blank,blank
22099-1/1,,,blank,blank
22099-1/1 SA,,,blank,blank
22046-1/1,N,,N,blank
22046-1/1 SA,,,blank,blank
22039-1/1,,,blank,blank
22040-1/1,N,,N,blank
22041-1/1,N,,N,blank
22110-1/1,,,blank,blank
22110-1/1 SA,,,blank,blank
22061-1/1,N,,N,blank
22043-1/1,N,,N,blank
22048-1/1,N,,N,blank
21522-1/3,Y,N,Y,N
22048-1/1 SA,,,blank,blank
22044-1/1,N,,N,blank
22054-1/1,N,,N,blank
22055-1/1,N,,N,blank
22103-1/1,,,blank,blank
22147-1/5,,,blank,blank
22147-2/5,,,blank,blank
22147-3/5,,,blank,blank
22147-4/5,,,blank,blank
22147-5/5,,,blank,blank
21371-1/1,indéterrminé,N,indéterrminé,N
22148-1/4,,,blank,blank
22148-2/4,,,blank,blank
22148-3/4,,,blank,blank
21540-2/2,Y,N,Y,N
22148-4/4,,,blank,blank
22149-1/4,,,blank,blank
22149-2/4,,,blank,blank
22149-3/4,,,blank,blank
22149-4/4,,,blank,blank
22150-1/8,,,blank,blank
21522-2/3,Y,N,Y,N
22150-2/8,,,blank,blank
22150-3/8,,,blank,blank
22150-4/8,,,blank,blank
22150-5/8,,,blank,blank
22150-6/8,,,blank,blank
22150-7/8,,,blank,blank
22150-8/8,,,blank,blank
22151-1/8,,,blank,blank
22151-2/8,,,blank,blank
22151-3/8,,,blank,blank
22151-4/8,,,blank,blank
22151-5/8,,,blank,blank
22151-6/8,,,blank,blank
22151-7/8,,,blank,blank
22151-8/8,,,blank,blank
WRG3028-1/20,,,blank,blank
WRG3028-10/20,,,blank,blank
WRG3028-11/20,,,blank,blank
WRG3028-12/20,,,blank,blank
WRG3028-13/20,,,blank,blank
WRG3028-14/20,,,blank,blank
WRG3028-15/20,,,blank,blank
21407-3/3,Y,N,Y,N
WRG3028-16/20,,,blank,blank
WRG3028-17/20,,,blank,blank
WRG3028-18/20,,,blank,blank
WRG3028-19/20,,,blank,blank
WRG3028-2/20,,,blank,blank
WRG3028-20/20,,,blank,blank
WRG3028-3/20,,,blank,blank
WRG3028-4/20,,,blank,blank
WRG3028-5/20,,,blank,blank
WRG3028-6/20,,,blank,blank
WRG3028-7/20,,,blank,blank
21499-2/3,Y,N,Y,N
WRG3028-8/20,,,blank,blank
21499-2/3 SA,Y,,Y,blank
WRG3028-9/20,,,blank,blank
22157-1/10,,,blank,blank
22157-2/10,,,blank,blank
22157-3/10,,,blank,blank
22157-4/10,,,blank,blank
22157-5/10,,,blank,blank
22157-6/10,,,blank,blank
22157-7/10,,,blank,blank
22157-8/10,,,blank,blank
22157-9/10,,,blank,blank
22157-10/10,,,blank,blank
21522-3/3,Y,N,Y,N
22156-1/1,,,blank,blank
21663-1/1,Y,Y,Y,Y
21984-1/1,Y,Y,Y,Y
21982-1/1,Y,Y,Y,Y
21982-1/1 SA,Y,,Y,blank
21665-1/3,Y,Y,Y,Y
21665-1/3 SA,Y,,Y,blank
21613-1/2 SA,,,blank,blank
21665-2/3,Y,Y,Y,Y
21665-2/3 SA,Y,,Y,blank
21613-2/2 SA,,,blank,blank
21985-1/1,Y,Y,Y,Y
21661-1/3,Y,Y,Y,Y
21661-1/3 SA,Y,,Y,blank
21987-1/1,Y,Y,Y,Y
21981-1/1,Y,Y,Y,Y
21981-1/1 SA,Y,,Y,blank
21661-2/3,Y,Y,Y,Y
21661-2/3 SA,Y,,Y,blank
21661-3/3,Y,Y,Y,Y
21661-3/3 SA,Y,,Y,blank
22022-1/1,N,Y,N,Y
22022-1/1 SA,N,,N,blank
21749-1/1 SA,Y,,Y,blank
22023-1/1,N,Y,N,Y
22023-1/1 SA,N,,N,blank
22024-1/1,N,Y,N,Y
22024-1/1 SA,N,,N,blank
22029-1/1,N,Y,N,Y
22029-1/1 SA,N,,N,blank
21664-1/1,Y,Y,Y,Y
21664-1/1 SA,Y,,Y,blank
22025-1/1,N,Y,N,Y
22025-1/1 SA,N,,N,blank
22026-1/1,N,Y,N,Y
22026-1/1 SA,N,,N,blank
22031-1/1,N,Y,N,Y
22035-1/1,N,,N,blank
22037-1/1,N,,N,blank
22033-1/1,N,,N,blank
22036-1/1,N,,N,blank
22027-1/1,N,Y,N,Y
22027-1/1 SA,N,,N,blank
22030-1/1,N,Y,N,Y
22030-1/1 SA,N,,N,blank
22028-1/1,N,Y,N,Y
22028-1/1 SA,N,,N,blank
22034-1/1,N,,N,blank
22038-1/1,N,,N,blank
22051-1/1,N,,N,blank
22051-1/1 SA,,,blank,blank
22107-1/1,,,blank,blank
22107-1/1 SA,,,blank,blank
22052-1/1,N,,N,blank
22052-1/1 SA,,,blank,blank
21499-3/3,Y,N,Y,N
22058-1/1,Y,,Y,blank
21499-3/3 SA,Y,,Y,blank
22042-1/1,N,,N,blank
22062-1/1,N,,N,blank
22108-1/1,,,blank,blank
22108-1/1 SA,,,blank,blank
22047-1/1,N,,N,blank
22047-1/1 SA,,,blank,blank
22049-1/1,N,,N,blank
22049-1/1 SA,,,blank,blank
22059-1/1,Y,,Y,blank
22050-1/1,N,,N,blank
22050-1/1 SA,,,blank,blank
22060-1/1,Y,,Y,blank
22053-1/1,N,,N,blank
22053-1/1 SA,,,blank,blank
E21017CC-1/1,,,blank,blank
21612-1/1,N,Y,N,Y
21610-1/3,Y,Y,Y,Y
21610-2/3,Y,Y,Y,Y
21610-3/3,Y,Y,Y,Y
21749-1/1,Y,Y,Y,Y
21660-1/2,Y,Y,Y,Y
21660-2/2,Y,Y,Y,Y
21733-1/1,Y,Y,Y,Y
21382-1/2,Y,N,Y,N
21382-2/2,Y,N,Y,N
21613-1/2,N,Y,N,Y
21304-1/2,Y,Y,Y,Y
21304-2/2,Y,Y,Y,Y
21613-2/2,N,Y,N,Y
21665-3/3,Y,Y,Y,Y
21665-3/3 SA,Y,,Y,blank
21986-1/1,Y,Y,Y,Y
22014-1/2,N,,N,blank
22014-2/2,N,,N,blank
21815-1/2,Y,Y,Y,Y
21815-2/2,Y,Y,Y,Y
21351-1/1,N,N,N,N
21350-1/1,Y,N,Y,N
21362-1/1,N,N,N,N
21932-1/1,Y,Y,Y,Y
21932-1/1 SA,Y,,Y,blank
22104-1/1,,,blank,blank
19515-W4-39,,,blank,blank
19515-W4-53,,,blank,blank
22137-1/3,,,blank,blank
22137-2/3,,,blank,blank
22137-3/3,,,blank,blank
E21006-1/2,,,blank,blank
E21006-2/2,,,blank,blank
P20002-1/1,Y,,Y,blank
21714-3/4,N,Y,N,Y
21714-4/4,N,Y,N,Y
P00005-1/1,,,blank,blank
P10003-1/2,,,blank,blank
P10003-2/2,,,blank,blank
