unit,stage,verdict,status,end_date,location_after_X2,still_in_live_workbook
20164W2-1/1,Delivery,CLEAR_not_shipped,Completed,2026-08-28,Extérieur,True
21040W2-1/1,Delivery,CLEAR_not_shipped,Completed,2026-09-03,Finition,True
21050W1-1/1,Delivery,CLEAR_not_shipped,Completed,2026-09-03,Extérieur,True
21386-2/2,Delivery,CLEAR_not_shipped,Completed,2026-10-05,Extérieur,True
21387-4/6,Delivery,CLEAR_not_shipped,Completed,2026-09-30,Bobinage,True
21387-5/6,Delivery,CLEAR_not_shipped,Completed,2026-09-30,Bobinage,True
21387-6/6,Delivery,CLEAR_not_shipped,Completed,2026-10-30,,True
21499-1/3,Delivery,CLEAR_not_shipped,Completed,2026-09-15,Test,True
21499-1/3 SA,Delivery,CLEAR_not_shipped,Completed,2026-09-15,Test,True
21521-1/1,Delivery,CLEAR_not_shipped,Completed,2026-09-03,Assemblage,True
21777-1/1,Delivery,CLEAR_not_shipped,Completed,2026-09-30,Finition,True
21792-5/5,Delivery,CLEAR_not_shipped,Completed,2026-09-24,Extérieur,True
21793-1/5,Delivery,CLEAR_not_shipped,Completed,2026-09-24,Extérieur,True
21793-2/5,Delivery,CLEAR_not_shipped,Completed,2026-09-24,Finition,True
21793-3/5,Delivery,CLEAR_not_shipped,Completed,2026-09-24,Tanking,True
21793-4/5,Delivery,CLEAR_not_shipped,Completed,2026-09-24,Tanking,True
21793-5/5,Delivery,CLEAR_not_shipped,Completed,2026-09-24,Four,True
21794-1/5,Delivery,CLEAR_not_shipped,Completed,2026-08-27,Extérieur,True
21794-2/5,Delivery,CLEAR_not_shipped,Completed,2026-08-27,Extérieur,True
21794-3/5,Delivery,CLEAR_not_shipped,Completed,2026-09-24,Extérieur,True
21794-4/5,Delivery,CLEAR_not_shipped,Completed,2026-09-24,Extérieur,True
21794-5/5,Delivery,CLEAR_not_shipped,Completed,2026-09-24,Extérieur,True
21795-1/5,Delivery,CLEAR_not_shipped,Completed,2026-09-24,Assemblage,True
21795-2/5,Delivery,CLEAR_not_shipped,Completed,2026-09-24,Stacking,True
21795-3/5,Delivery,CLEAR_not_shipped,Completed,2026-09-24,Bobinage,True
21795-4/5,Delivery,CLEAR_not_shipped,Completed,2026-09-24,,True
21795-5/5,Delivery,CLEAR_not_shipped,Completed,2026-09-24,,True
21803-5/8,Delivery,CLEAR_not_shipped,Completed,2026-09-05,Finition,True
21803-6/8,Delivery,CLEAR_not_shipped,Completed,2026-09-05,Test,True
21803-7/8,Delivery,CLEAR_not_shipped,Completed,2026-09-05,Tanking,True
21803-8/8,Delivery,CLEAR_not_shipped,Completed,2026-09-05,Tanking,True
21814-1/11,Delivery,CLEAR_not_shipped,Completed,2026-12-15,Extérieur,True
21814-10/11,Delivery,CLEAR_not_shipped,Completed,2026-12-15,,True
21814-11/11,Delivery,CLEAR_not_shipped,Completed,2026-12-15,,True
21814-2/11,Delivery,CLEAR_not_shipped,Completed,2026-12-15,Assemblage,True
21814-3/11,Delivery,CLEAR_not_shipped,Completed,2026-12-15,Bobinage,True
21814-4/11,Delivery,CLEAR_not_shipped,Completed,2026-12-15,Bobinage,True
21814-5/11,Delivery,CLEAR_not_shipped,Completed,2026-12-15,,True
21814-6/11,Delivery,CLEAR_not_shipped,Completed,2026-12-15,,True
21814-7/11,Delivery,CLEAR_not_shipped,Completed,2026-12-15,,True
21814-8/11,Delivery,CLEAR_not_shipped,Completed,2026-12-15,,True
21814-9/11,Delivery,CLEAR_not_shipped,Completed,2026-12-15,,True
21821-1/1,Delivery,CLEAR_not_shipped,Completed,2026-09-02,Bobinage,True
21830-1/5,Delivery,CLEAR_not_shipped,Completed,2026-10-10,Four,True
21830-2/5,Delivery,CLEAR_not_shipped,Completed,2026-10-10,Assemblage,True
21830-3/5,Delivery,CLEAR_not_shipped,Completed,2026-10-10,Bobinage,True
21830-4/5,Delivery,CLEAR_not_shipped,Completed,2026-10-10,Bobinage,True
21830-5/5,Delivery,CLEAR_not_shipped,Completed,2026-10-10,Bobinage,True
21831-1/5,Delivery,CLEAR_not_shipped,Completed,2026-10-10,Four,True
21831-2/5,Delivery,CLEAR_not_shipped,Completed,2026-10-10,Four,True
21831-3/5,Delivery,CLEAR_not_shipped,Completed,2026-10-10,Four,True
21831-4/5,Delivery,CLEAR_not_shipped,Completed,2026-10-10,Four,True
21831-5/5,Delivery,CLEAR_not_shipped,Completed,2026-10-10,Four,True
21832-1/11,Delivery,CLEAR_not_shipped,Completed,2026-10-30,Bobinage,True
21832-10/11,Delivery,CLEAR_not_shipped,Completed,2026-10-30,,True
21832-11/11,Delivery,CLEAR_not_shipped,Completed,2026-10-30,,True
21832-2/11,Delivery,CLEAR_not_shipped,Completed,2026-10-30,,True
21832-3/11,Delivery,CLEAR_not_shipped,Completed,2026-10-30,,True
21832-4/11,Delivery,CLEAR_not_shipped,Completed,2026-10-30,,True
21832-5/11,Delivery,CLEAR_not_shipped,Completed,2026-10-30,,True
21832-6/11,Delivery,CLEAR_not_shipped,Completed,2026-10-30,,True
21832-7/11,Delivery,CLEAR_not_shipped,Completed,2026-10-30,,True
21832-8/11,Delivery,CLEAR_not_shipped,Completed,2026-10-30,,True
21832-9/11,Delivery,CLEAR_not_shipped,Completed,2026-10-30,,True
21833-1/6,Delivery,CLEAR_not_shipped,Completed,2026-10-30,Bobinage,True
21833-2/6,Delivery,CLEAR_not_shipped,Completed,2026-10-30,,True
21833-3/6,Delivery,CLEAR_not_shipped,Completed,2026-10-30,,True
21833-4/6,Delivery,CLEAR_not_shipped,Completed,2026-10-30,,True
21833-5/6,Delivery,CLEAR_not_shipped,Completed,2026-10-30,,True
21833-6/6,Delivery,CLEAR_not_shipped,Completed,2026-10-30,,True
21835-1/1,Delivery,CLEAR_not_shipped,Completed,2026-09-05,Tanking,True
21840-10/10,Delivery,CLEAR_not_shipped,Completed,2026-08-31,Tanking,True
21847-1/1,Delivery,CLEAR_not_shipped,Completed,2026-09-03,Test,True
21848-1/3,Delivery,CLEAR_not_shipped,Completed,2026-09-30,Bobinage,True
21848-2/3,Delivery,CLEAR_not_shipped,Completed,2026-09-30,Bobinage,True
21848-3/3,Delivery,CLEAR_not_shipped,Completed,2026-09-30,Bobinage,True
21849-1/2,Delivery,CLEAR_not_shipped,Completed,2026-11-29,,True
21849-2/2,Delivery,CLEAR_not_shipped,Completed,2026-11-29,,True
21851-1/2,Delivery,CLEAR_not_shipped,Completed,2026-09-01,Tanking,True
21851-2/2,Delivery,CLEAR_not_shipped,Completed,2026-09-01,Tanking,True
21853-1/2,Delivery,CLEAR_not_shipped,Completed,2026-12-18,,True
21853-2/2,Delivery,CLEAR_not_shipped,Completed,2026-12-18,,True
21854-1/2,Delivery,CLEAR_not_shipped,Completed,2026-10-29,Assemblage,True
21854-2/2,Delivery,CLEAR_not_shipped,Completed,2026-10-29,Assemblage,True
21873-1/8,Delivery,CLEAR_not_shipped,Completed,2026-11-10,,True
21873-2/8,Delivery,CLEAR_not_shipped,Completed,2026-11-10,,True
21873-3/8,Delivery,CLEAR_not_shipped,Completed,2026-11-10,,True
21873-4/8,Delivery,CLEAR_not_shipped,Completed,2026-11-10,,True
21873-5/8,Delivery,CLEAR_not_shipped,Completed,2026-11-10,,True
21873-6/8,Delivery,CLEAR_not_shipped,Completed,2026-11-10,,True
21873-7/8,Delivery,CLEAR_not_shipped,Completed,2026-11-10,,True
21873-8/8,Delivery,CLEAR_not_shipped,Completed,2026-11-10,,True
21874-1/5,Delivery,CLEAR_not_shipped,Completed,2026-11-10,,True
21874-2/5,Delivery,CLEAR_not_shipped,Completed,2026-11-10,,True
21874-3/5,Delivery,CLEAR_not_shipped,Completed,2026-11-10,,True
21874-4/5,Delivery,CLEAR_not_shipped,Completed,2026-11-10,,True
21874-5/5,Delivery,CLEAR_not_shipped,Completed,2026-11-10,,True
21875-1/5,Delivery,CLEAR_not_shipped,Completed,2026-11-10,,True
21875-2/5,Delivery,CLEAR_not_shipped,Completed,2026-11-10,,True
21875-3/5,Delivery,CLEAR_not_shipped,Completed,2026-11-10,,True
21875-4/5,Delivery,CLEAR_not_shipped,Completed,2026-11-10,,True
21875-5/5,Delivery,CLEAR_not_shipped,Completed,2026-11-10,,True
21876-1/5,Delivery,CLEAR_not_shipped,Completed,2026-11-26,,True
21876-2/5,Delivery,CLEAR_not_shipped,Completed,2026-11-26,,True
21876-3/5,Delivery,CLEAR_not_shipped,Completed,2026-11-26,,True
21876-4/5,Delivery,CLEAR_not_shipped,Completed,2026-11-26,,True
21876-5/5,Delivery,CLEAR_not_shipped,Completed,2026-11-26,,True
21877-1/5,Delivery,CLEAR_not_shipped,Completed,2026-11-26,,True
21877-2/5,Delivery,CLEAR_not_shipped,Completed,2026-11-26,,True
21877-3/5,Delivery,CLEAR_not_shipped,Completed,2026-11-26,,True
21877-4/5,Delivery,CLEAR_not_shipped,Completed,2026-11-26,,True
21877-5/5,Delivery,CLEAR_not_shipped,Completed,2026-11-26,,True
21879-1/1,Delivery,CLEAR_not_shipped,Completed,2026-10-30,,True
21900-1/8,Delivery,CLEAR_not_shipped,Completed,2026-12-11,,True
21900-2/8,Delivery,CLEAR_not_shipped,Completed,2026-12-11,,True
21900-3/8,Delivery,CLEAR_not_shipped,Completed,2026-12-11,,True
21900-4/8,Delivery,CLEAR_not_shipped,Completed,2026-12-11,,True
21900-5/8,Delivery,CLEAR_not_shipped,Completed,2026-12-11,,True
21900-6/8,Delivery,CLEAR_not_shipped,Completed,2026-12-11,,True
21900-7/8,Delivery,CLEAR_not_shipped,Completed,2026-12-11,,True
21900-8/8,Delivery,CLEAR_not_shipped,Completed,2026-12-11,,True
21901-1/5,Delivery,CLEAR_not_shipped,Completed,2026-12-11,,True
21901-2/5,Delivery,CLEAR_not_shipped,Completed,2026-12-11,,True
21901-3/5,Delivery,CLEAR_not_shipped,Completed,2026-12-11,,True
21901-4/5,Delivery,CLEAR_not_shipped,Completed,2026-12-11,,True
21901-5/5,Delivery,CLEAR_not_shipped,Completed,2026-12-11,,True
21902-1/5,Delivery,CLEAR_not_shipped,Completed,2026-12-11,,True
21902-2/5,Delivery,CLEAR_not_shipped,Completed,2026-12-11,,True
21902-3/5,Delivery,CLEAR_not_shipped,Completed,2026-12-11,,True
21902-4/5,Delivery,CLEAR_not_shipped,Completed,2026-12-11,,True
21902-5/5,Delivery,CLEAR_not_shipped,Completed,2026-12-11,,True
21903-1/5,Delivery,CLEAR_not_shipped,Completed,2026-12-17,,True
21903-2/5,Delivery,CLEAR_not_shipped,Completed,2026-12-17,,True
21903-3/5,Delivery,CLEAR_not_shipped,Completed,2026-12-17,,True
21903-4/5,Delivery,CLEAR_not_shipped,Completed,2026-12-17,,True
21903-5/5,Delivery,CLEAR_not_shipped,Completed,2026-12-17,,True
21904-1/5,Delivery,CLEAR_not_shipped,Completed,2026-12-17,,True
21904-2/5,Delivery,CLEAR_not_shipped,Completed,2026-12-17,,True
21904-3/5,Delivery,CLEAR_not_shipped,Completed,2026-12-17,,True
21904-4/5,Delivery,CLEAR_not_shipped,Completed,2026-12-17,,True
21904-5/5,Delivery,CLEAR_not_shipped,Completed,2026-12-17,,True
21906-1/2,Delivery,CLEAR_not_shipped,Completed,2026-12-11,,True
21906-2/2,Delivery,CLEAR_not_shipped,Completed,2026-12-11,,True
21907-1/8,Delivery,CLEAR_not_shipped,Completed,2026-12-11,,True
21907-2/8,Delivery,CLEAR_not_shipped,Completed,2026-12-11,,True
21907-3/8,Delivery,CLEAR_not_shipped,Completed,2026-12-11,,True
21907-4/8,Delivery,CLEAR_not_shipped,Completed,2026-12-11,,True
21907-5/8,Delivery,CLEAR_not_shipped,Completed,2026-12-11,,True
21907-6/8,Delivery,CLEAR_not_shipped,Completed,2026-12-11,,True
21907-7/8,Delivery,CLEAR_not_shipped,Completed,2026-12-11,,True
21907-8/8,Delivery,CLEAR_not_shipped,Completed,2026-12-11,,True
21909-1/2,Delivery,CLEAR_not_shipped,Completed,2026-10-01,,True
21909-2/2,Delivery,CLEAR_not_shipped,Completed,2026-10-01,,True
21910-1/3,Delivery,CLEAR_not_shipped,Completed,2026-10-30,Tanking,True
21910-2/3,Delivery,CLEAR_not_shipped,Completed,2026-10-30,Tanking,True
21910-3/3,Delivery,CLEAR_not_shipped,Completed,2026-10-30,Tanking,True
21911-1/7,Delivery,CLEAR_not_shipped,Completed,2026-10-30,,True
21911-2/7,Delivery,CLEAR_not_shipped,Completed,2026-10-30,,True
21911-3/7,Delivery,CLEAR_not_shipped,Completed,2026-10-30,,True
21911-4/7,Delivery,CLEAR_not_shipped,Completed,2026-10-30,,True
21911-5/7,Delivery,CLEAR_not_shipped,Completed,2026-10-30,,True
21911-6/7,Delivery,CLEAR_not_shipped,Completed,2026-10-30,,True
21911-7/7,Delivery,CLEAR_not_shipped,Completed,2026-10-30,,True
21912-1/10,Delivery,CLEAR_not_shipped,Completed,2026-10-30,Extérieur,True
21912-10/10,Delivery,CLEAR_not_shipped,Completed,2026-10-30,Extérieur,True
21912-2/10,Delivery,CLEAR_not_shipped,Completed,2026-10-30,Extérieur,True
21912-3/10,Delivery,CLEAR_not_shipped,Completed,2026-10-30,Extérieur,True
21912-4/10,Delivery,CLEAR_not_shipped,Completed,2026-10-30,Extérieur,True
21912-5/10,Delivery,CLEAR_not_shipped,Completed,2026-10-30,Extérieur,True
21912-6/10,Delivery,CLEAR_not_shipped,Completed,2026-10-30,Extérieur,True
21912-7/10,Delivery,CLEAR_not_shipped,Completed,2026-10-30,Extérieur,True
21912-8/10,Delivery,CLEAR_not_shipped,Completed,2026-10-30,Extérieur,True
21912-9/10,Delivery,CLEAR_not_shipped,Completed,2026-10-30,Extérieur,True
21913-1/7,Delivery,CLEAR_not_shipped,Completed,2026-10-01,,True
21913-2/7,Delivery,CLEAR_not_shipped,Completed,2026-10-01,,True
21913-3/7,Delivery,CLEAR_not_shipped,Completed,2026-10-01,,True
21913-4/7,Delivery,CLEAR_not_shipped,Completed,2026-10-01,,True
21913-5/7,Delivery,CLEAR_not_shipped,Completed,2026-10-01,,True
21913-6/7,Delivery,CLEAR_not_shipped,Completed,2026-10-01,,True
21913-7/7,Delivery,CLEAR_not_shipped,Completed,2026-10-01,,True
21915-1/2,Delivery,CLEAR_not_shipped,Completed,2026-12-26,,True
21915-2/2,Delivery,CLEAR_not_shipped,Completed,2026-12-26,,True
21916-1/1,Delivery,CLEAR_not_shipped,Completed,2026-12-26,,True
21917-1/1,Delivery,CLEAR_not_shipped,Completed,2027-01-06,,True
21918-1/1,Delivery,CLEAR_not_shipped,Completed,2026-11-30,,True
21924-1/3,Delivery,CLEAR_not_shipped,Completed,2027-01-28,,True
21929-1/1,Delivery,CLEAR_not_shipped,Completed,2027-01-14,,True
21937-1/1,Delivery,CLEAR_not_shipped,Completed,2026-12-04,,True
21938-1/1,Delivery,CLEAR_not_shipped,Completed,2027-01-27,,True
21939-1/1,Delivery,CLEAR_not_shipped,Completed,2026-12-16,,True
21943-8/8,Delivery,CLEAR_not_shipped,Completed,2026-08-31,Tanking,True
21954-1/1,Delivery,CLEAR_not_shipped,Completed,2026-09-21,Stacking,True
21955-1/2,Delivery,CLEAR_not_shipped,Completed,2026-09-30,Bobinage,True
21955-2/2,Delivery,CLEAR_not_shipped,Completed,2026-09-30,Bobinage,True
21956-1/2,Delivery,CLEAR_not_shipped,Completed,2027-01-29,,True
21956-2/2,Delivery,CLEAR_not_shipped,Completed,2027-01-29,,True
21968-4/4,Delivery,CLEAR_not_shipped,Completed,2026-09-02,Finition,True
21970-1/2,Delivery,CLEAR_not_shipped,Completed,2026-09-03,Finition,True
21970-2/2,Delivery,CLEAR_not_shipped,Completed,2026-09-03,Finition,True
21979-1/1,Delivery,CLEAR_not_shipped,Completed,2026-09-15,Four,True
21980-1/1,Delivery,CLEAR_not_shipped,Completed,2026-09-15,Assemblage,True
21990-1/3,Delivery,CLEAR_not_shipped,Completed,2026-12-18,,True
21990-2/3,Delivery,CLEAR_not_shipped,Completed,2026-12-18,,True
21990-3/3,Delivery,CLEAR_not_shipped,Completed,2026-12-18,,True
21991-1/3,Delivery,CLEAR_not_shipped,Completed,2026-09-01,Tanking,True
21991-2/3,Delivery,CLEAR_not_shipped,Completed,2026-09-01,Tanking,True
21991-3/3,Delivery,CLEAR_not_shipped,Completed,2026-09-01,Tanking,True
21992-1/6,Delivery,CLEAR_not_shipped,Completed,2026-09-30,Bobinage,True
21992-2/6,Delivery,CLEAR_not_shipped,Completed,2026-09-30,Bobinage,True
21992-3/6,Delivery,CLEAR_not_shipped,Completed,2026-09-30,Bobinage,True
21992-4/6,Delivery,CLEAR_not_shipped,Completed,2026-09-30,Bobinage,True
21992-5/6,Delivery,CLEAR_not_shipped,Completed,2026-09-30,Bobinage,True
21992-6/6,Delivery,CLEAR_not_shipped,Completed,2026-09-30,Bobinage,True
21993-1/8,Delivery,CLEAR_not_shipped,Completed,2026-10-30,Four,True
21993-2/8,Delivery,CLEAR_not_shipped,Completed,2026-10-30,Four,True
21993-3/8,Delivery,CLEAR_not_shipped,Completed,2026-10-30,Four,True
21993-4/8,Delivery,CLEAR_not_shipped,Completed,2026-10-30,Four,True
21993-5/8,Delivery,CLEAR_not_shipped,Completed,2026-10-30,Assemblage,True
21993-6/8,Delivery,CLEAR_not_shipped,Completed,2026-10-30,Assemblage,True
21993-7/8,Delivery,CLEAR_not_shipped,Completed,2026-10-30,Assemblage,True
21993-8/8,Delivery,CLEAR_not_shipped,Completed,2026-10-30,Assemblage,True
21994-1/3,Delivery,CLEAR_not_shipped,Completed,2026-10-30,Bobinage,True
21994-2/3,Delivery,CLEAR_not_shipped,Completed,2026-10-30,Bobinage,True
21994-3/3,Delivery,CLEAR_not_shipped,Completed,2026-10-30,Bobinage,True
21995-1/2,Delivery,CLEAR_not_shipped,Completed,2026-10-30,Bobinage,True
21995-2/2,Delivery,CLEAR_not_shipped,Completed,2026-10-30,,True
21996-1/10,Delivery,CLEAR_not_shipped,Completed,2026-10-30,,True
21996-10/10,Delivery,CLEAR_not_shipped,Completed,2026-10-30,,True
21996-2/10,Delivery,CLEAR_not_shipped,Completed,2026-10-30,,True
21996-3/10,Delivery,CLEAR_not_shipped,Completed,2026-10-30,,True
21996-4/10,Delivery,CLEAR_not_shipped,Completed,2026-10-30,,True
21996-5/10,Delivery,CLEAR_not_shipped,Completed,2026-10-30,,True
21996-6/10,Delivery,CLEAR_not_shipped,Completed,2026-10-30,,True
21996-7/10,Delivery,CLEAR_not_shipped,Completed,2026-10-30,,True
21996-8/10,Delivery,CLEAR_not_shipped,Completed,2026-10-30,,True
21996-9/10,Delivery,CLEAR_not_shipped,Completed,2026-10-30,,True
21997-1/4,Delivery,CLEAR_not_shipped,Completed,2026-10-30,,True
21997-2/4,Delivery,CLEAR_not_shipped,Completed,2026-10-30,,True
21997-3/4,Delivery,CLEAR_not_shipped,Completed,2026-10-30,,True
21997-4/4,Delivery,CLEAR_not_shipped,Completed,2026-10-30,,True
21998-1/3,Delivery,CLEAR_not_shipped,Completed,2026-10-30,Bobinage,True
21998-2/3,Delivery,CLEAR_not_shipped,Completed,2026-10-30,Bobinage,True
21998-3/3,Delivery,CLEAR_not_shipped,Completed,2026-10-30,Bobinage,True
21999-1/4,Delivery,CLEAR_not_shipped,Completed,2027-04-29,,True
21999-2/4,Delivery,CLEAR_not_shipped,Completed,2027-04-29,,True
21999-3/4,Delivery,CLEAR_not_shipped,Completed,2027-04-29,,True
21999-4/4,Delivery,CLEAR_not_shipped,Completed,2027-04-29,,True
22000-1/8,Delivery,CLEAR_not_shipped,Completed,2027-04-29,,True
22000-2/8,Delivery,CLEAR_not_shipped,Completed,2027-04-29,,True
22000-3/8,Delivery,CLEAR_not_shipped,Completed,2027-04-29,,True
22000-4/8,Delivery,CLEAR_not_shipped,Completed,2027-04-29,,True
22000-5/8,Delivery,CLEAR_not_shipped,Completed,2027-04-29,,True
22000-6/8,Delivery,CLEAR_not_shipped,Completed,2027-04-29,,True
22000-7/8,Delivery,CLEAR_not_shipped,Completed,2027-04-29,,True
22000-8/8,Delivery,CLEAR_not_shipped,Completed,2027-04-29,,True
22001-1/8,Delivery,CLEAR_not_shipped,Completed,2027-04-29,,True
22001-2/8,Delivery,CLEAR_not_shipped,Completed,2027-04-29,,True
22001-3/8,Delivery,CLEAR_not_shipped,Completed,2027-04-29,,True
22001-4/8,Delivery,CLEAR_not_shipped,Completed,2027-04-29,,True
22001-5/8,Delivery,CLEAR_not_shipped,Completed,2027-04-29,,True
22001-6/8,Delivery,CLEAR_not_shipped,Completed,2027-04-29,,True
22001-7/8,Delivery,CLEAR_not_shipped,Completed,2027-04-29,,True
22001-8/8,Delivery,CLEAR_not_shipped,Completed,2027-04-29,,True
22002-1/3,Delivery,CLEAR_not_shipped,Completed,2027-04-29,,True
22002-2/3,Delivery,CLEAR_not_shipped,Completed,2027-04-29,,True
22002-3/3,Delivery,CLEAR_not_shipped,Completed,2027-04-29,,True
22003-1/5,Delivery,CLEAR_not_shipped,Completed,2027-04-29,,True
22003-2/5,Delivery,CLEAR_not_shipped,Completed,2027-04-29,,True
22003-3/5,Delivery,CLEAR_not_shipped,Completed,2027-04-29,,True
22003-4/5,Delivery,CLEAR_not_shipped,Completed,2027-04-29,,True
22003-5/5,Delivery,CLEAR_not_shipped,Completed,2027-04-29,,True
22004-1/2,Delivery,CLEAR_not_shipped,Completed,2027-04-07,,True
22004-2/2,Delivery,CLEAR_not_shipped,Completed,2027-04-07,,True
22005-1/2,Delivery,CLEAR_not_shipped,Completed,2027-01-14,,True
22005-2/2,Delivery,CLEAR_not_shipped,Completed,2027-01-14,,True
22020-1/2,Delivery,CLEAR_not_shipped,Completed,2026-12-20,,True
22020-2/2,Delivery,CLEAR_not_shipped,Completed,2026-12-20,,True
22045-1/2,Delivery,CLEAR_not_shipped,Completed,2026-09-10,Test,True
22082-1/2,Delivery,CLEAR_not_shipped,Completed,2027-02-01,,True
22082-2/2,Delivery,CLEAR_not_shipped,Completed,2027-02-01,,True
22084-1/2,Delivery,CLEAR_not_shipped,Completed,2026-11-19,,True
22084-2/2,Delivery,CLEAR_not_shipped,Completed,2026-11-19,,True
22088-1/4,Delivery,CLEAR_not_shipped,Completed,2026-12-11,,True
22091-1/5,Delivery,CLEAR_not_shipped,Completed,2026-12-17,,True
22091-2/5,Delivery,CLEAR_not_shipped,Completed,2026-12-17,,True
22091-3/5,Delivery,CLEAR_not_shipped,Completed,2026-12-17,,True
22091-4/5,Delivery,CLEAR_not_shipped,Completed,2026-12-17,,True
22091-5/5,Delivery,CLEAR_not_shipped,Completed,2026-12-17,,True
22111-1/10,Delivery,CLEAR_not_shipped,Completed,2026-12-15,,True
22111-10/10,Delivery,CLEAR_not_shipped,Completed,2026-12-15,,True
22111-2/10,Delivery,CLEAR_not_shipped,Completed,2026-12-15,,True
22111-3/10,Delivery,CLEAR_not_shipped,Completed,2026-12-15,,True
22111-4/10,Delivery,CLEAR_not_shipped,Completed,2026-12-15,,True
22111-5/10,Delivery,CLEAR_not_shipped,Completed,2026-12-15,,True
22111-6/10,Delivery,CLEAR_not_shipped,Completed,2026-12-15,,True
22111-7/10,Delivery,CLEAR_not_shipped,Completed,2026-12-15,,True
22111-8/10,Delivery,CLEAR_not_shipped,Completed,2026-12-15,,True
22111-9/10,Delivery,CLEAR_not_shipped,Completed,2026-12-15,,True
22112-2/3,Delivery,CLEAR_not_shipped,Completed,2026-12-11,,True
22112-3/3,Delivery,CLEAR_not_shipped,Completed,2026-12-11,,True
22117-1/2,Delivery,CLEAR_not_shipped,Completed,2027-01-22,,True
22117-2/2,Delivery,CLEAR_not_shipped,Completed,2027-01-22,,True
22134-1/2,Delivery,CLEAR_not_shipped,Completed,2027-02-05,,True
22134-2/2,Delivery,CLEAR_not_shipped,Completed,2027-06-30,,True
22135-1/2,Delivery,CLEAR_not_shipped,Completed,2027-06-30,,True
22135-2/2,Delivery,CLEAR_not_shipped,Completed,2027-06-30,,True
22136-1/1,Delivery,CLEAR_not_shipped,Completed,2027-06-30,,True
21387-3/6,Delivery,KEEP_LI_with_delivery_date,Completed,2026-08-31,Livraison,False
21407-2/3,Delivery,KEEP_LI_with_delivery_date,Completed,2026-08-24,Livraison,False
21408-1/1,Delivery,KEEP_LI_with_delivery_date,Completed,2026-08-31,Livraison,False
21408-1/1 SA,Delivery,KEEP_LI_with_delivery_date,Completed,2026-08-31,Livraison,False
21776-1/1,Delivery,KEEP_LI_with_delivery_date,Completed,2026-08-28,Livraison,False
21786-10/14,Delivery,KEEP_LI_with_delivery_date,Completed,2026-08-17,Livraison,False
21786-11/14,Delivery,KEEP_LI_with_delivery_date,Completed,2026-08-17,Livraison,False
21786-12/14,Delivery,KEEP_LI_with_delivery_date,Completed,2026-08-17,Livraison,False
21786-13/14,Delivery,KEEP_LI_with_delivery_date,Completed,2026-08-19,Livraison,False
21786-14/14,Delivery,KEEP_LI_with_delivery_date,Completed,2026-08-17,Livraison,False
21786-9/14,Delivery,KEEP_LI_with_delivery_date,Completed,2026-08-17,Livraison,False
21787-1/5,Delivery,KEEP_LI_with_delivery_date,Completed,2026-08-26,Livraison,False
21787-2/5,Delivery,KEEP_LI_with_delivery_date,Completed,2026-08-17,Livraison,False
21787-3/5,Delivery,KEEP_LI_with_delivery_date,Completed,2026-08-17,Livraison,False
21787-4/5,Delivery,KEEP_LI_with_delivery_date,Completed,2026-08-17,Livraison,False
21787-5/5,Delivery,KEEP_LI_with_delivery_date,Completed,2026-08-19,Livraison,False
21789-5/5,Delivery,KEEP_LI_with_delivery_date,Completed,2026-08-20,Livraison,False
21792-1/5,Delivery,KEEP_LI_with_delivery_date,Completed,2026-09-05,Livraison,False
21792-2/5,Delivery,KEEP_LI_with_delivery_date,Completed,2026-09-05,Livraison,False
21792-3/5,Delivery,KEEP_LI_with_delivery_date,Completed,2026-09-24,Livraison,False
21792-4/5,Delivery,KEEP_LI_with_delivery_date,Completed,2026-09-24,Livraison,False
21803-1/8,Delivery,KEEP_LI_with_delivery_date,Completed,2026-08-26,Livraison,False
21803-2/8,Delivery,KEEP_LI_with_delivery_date,Completed,2026-08-27,Livraison,False
21803-3/8,Delivery,KEEP_LI_with_delivery_date,Completed,2026-09-05,Livraison,False
21803-4/8,Delivery,KEEP_LI_with_delivery_date,Completed,2026-09-05,Livraison,False
21813-1/1,Delivery,KEEP_LI_with_delivery_date,Completed,2026-08-28,Livraison,False
21838-1/5,Delivery,KEEP_LI_with_delivery_date,Completed,2026-08-31,Livraison,False
21838-2/5,Delivery,KEEP_LI_with_delivery_date,Completed,2026-08-31,Livraison,False
21838-3/5,Delivery,KEEP_LI_with_delivery_date,Completed,2026-08-28,Livraison,False
21838-4/5,Delivery,KEEP_LI_with_delivery_date,Completed,2026-08-31,Livraison,False
21838-5/5,Delivery,KEEP_LI_with_delivery_date,Completed,2026-08-28,Livraison,False
21839-10/10,Delivery,KEEP_LI_with_delivery_date,Completed,2026-08-31,Livraison,False
21839-6/10,Delivery,KEEP_LI_with_delivery_date,Completed,2026-08-31,Livraison,False
21839-7/10,Delivery,KEEP_LI_with_delivery_date,Completed,2026-08-28,Livraison,False
21839-8/10,Delivery,KEEP_LI_with_delivery_date,Completed,2026-08-31,Livraison,False
21839-9/10,Delivery,KEEP_LI_with_delivery_date,Completed,2026-08-28,Livraison,False
21840-1/10,Delivery,KEEP_LI_with_delivery_date,Completed,2026-08-28,Livraison,False
21840-2/10,Delivery,KEEP_LI_with_delivery_date,Completed,2026-08-28,Livraison,False
21840-3/10,Delivery,KEEP_LI_with_delivery_date,Completed,2026-08-28,Livraison,False
21840-4/10,Delivery,KEEP_LI_with_delivery_date,Completed,2026-08-31,Livraison,False
21840-5/10,Delivery,KEEP_LI_with_delivery_date,Completed,2026-08-31,Livraison,False
21840-6/10,Delivery,KEEP_LI_with_delivery_date,Completed,2026-08-31,Livraison,False
21840-7/10,Delivery,KEEP_LI_with_delivery_date,Completed,2026-08-28,Livraison,False
21840-8/10,Delivery,KEEP_LI_with_delivery_date,Completed,2026-08-31,Livraison,False
21840-9/10,Delivery,KEEP_LI_with_delivery_date,Completed,2026-08-31,Livraison,False
21844-1/1,Delivery,KEEP_LI_with_delivery_date,Completed,2026-09-30,Livraison,False
21845-1/1,Delivery,KEEP_LI_with_delivery_date,Completed,2026-09-01,Livraison,False
21846-1/1,Delivery,KEEP_LI_with_delivery_date,Completed,2026-09-02,Livraison,False
21850-1/2,Delivery,KEEP_LI_with_delivery_date,Completed,2026-08-28,Livraison,False
21850-2/2,Delivery,KEEP_LI_with_delivery_date,Completed,2026-08-28,Livraison,False
21881-1/2,Delivery,KEEP_LI_with_delivery_date,Completed,2026-08-13,Livraison,False
21881-2/2,Delivery,KEEP_LI_with_delivery_date,Completed,2026-08-13,Livraison,False
21923-4/6,Delivery,KEEP_LI_with_delivery_date,Completed,2026-08-20,Livraison,False
21941-1/3,Delivery,KEEP_LI_with_delivery_date,Completed,2026-08-19,Livraison,False
21941-2/3,Delivery,KEEP_LI_with_delivery_date,Completed,2026-08-19,Livraison,False
21941-3/3,Delivery,KEEP_LI_with_delivery_date,Completed,2026-08-26,Livraison,False
21944-1/4,Delivery,KEEP_LI_with_delivery_date,Completed,2026-08-20,Livraison,False
21944-2/4,Delivery,KEEP_LI_with_delivery_date,Completed,2026-08-20,Livraison,False
21944-3/4,Delivery,KEEP_LI_with_delivery_date,Completed,2026-08-20,Livraison,False
21944-4/4,Delivery,KEEP_LI_with_delivery_date,Completed,2026-08-20,Livraison,False
21945-1/2,Delivery,KEEP_LI_with_delivery_date,Completed,2026-08-31,Livraison,False
21945-2/2,Delivery,KEEP_LI_with_delivery_date,Completed,2026-08-31,Livraison,False
21952-1/1,Delivery,KEEP_LI_with_delivery_date,Completed,2026-08-31,Livraison,False
21965-1/4,Delivery,KEEP_LI_with_delivery_date,Completed,2026-08-27,Livraison,False
21965-2/4,Delivery,KEEP_LI_with_delivery_date,Completed,2026-08-27,Livraison,False
21965-3/4,Delivery,KEEP_LI_with_delivery_date,Completed,2026-08-27,Livraison,False
21966-1/3,Delivery,KEEP_LI_with_delivery_date,Completed,2026-08-19,Livraison,False
21966-2/3,Delivery,KEEP_LI_with_delivery_date,Completed,2026-08-26,Livraison,False
21966-3/3,Delivery,KEEP_LI_with_delivery_date,Completed,2026-08-26,Livraison,False
21968-1/4,Delivery,KEEP_LI_with_delivery_date,Completed,2026-08-19,Livraison,False
21968-2/4,Delivery,KEEP_LI_with_delivery_date,Completed,2026-08-19,Livraison,False
21968-3/4,Delivery,KEEP_LI_with_delivery_date,Completed,2026-08-26,Livraison,False
22021-14/20,Delivery,KEEP_LI_with_delivery_date,Completed,2026-08-18,Livraison,False
22032-1/20,Delivery,KEEP_LI_with_delivery_date,Completed,2026-08-18,Livraison,False
22032-10/20,Delivery,KEEP_LI_with_delivery_date,Completed,2026-08-25,Livraison,False
22032-11/20,Delivery,KEEP_LI_with_delivery_date,Completed,2026-08-25,Livraison,False
22032-12/20,Delivery,KEEP_LI_with_delivery_date,Completed,2026-08-26,Livraison,False
22032-13/20,Delivery,KEEP_LI_with_delivery_date,Completed,2026-08-26,Livraison,False
22032-14/20,Delivery,KEEP_LI_with_delivery_date,Completed,2026-08-26,Livraison,False
22032-15/20,Delivery,KEEP_LI_with_delivery_date,Completed,2026-08-26,Livraison,False
22032-16/20,Delivery,KEEP_LI_with_delivery_date,Completed,2026-08-26,Livraison,False
22032-17/20,Delivery,KEEP_LI_with_delivery_date,Completed,2026-08-26,Livraison,False
22032-18/20,Delivery,KEEP_LI_with_delivery_date,Completed,2026-08-26,Livraison,False
22032-19/20,Delivery,KEEP_LI_with_delivery_date,Completed,2026-08-26,Livraison,False
22032-2/20,Delivery,KEEP_LI_with_delivery_date,Completed,2026-08-18,Livraison,False
22032-20/20,Delivery,KEEP_LI_with_delivery_date,Completed,2026-08-27,Livraison,False
22032-3/20,Delivery,KEEP_LI_with_delivery_date,Completed,2026-08-18,Livraison,False
22032-4/20,Delivery,KEEP_LI_with_delivery_date,Completed,2026-08-25,Livraison,False
22032-5/20,Delivery,KEEP_LI_with_delivery_date,Completed,2026-08-18,Livraison,False
22032-6/20,Delivery,KEEP_LI_with_delivery_date,Completed,2026-08-18,Livraison,False
22032-7/20,Delivery,KEEP_LI_with_delivery_date,Completed,2026-08-25,Livraison,False
22032-8/20,Delivery,KEEP_LI_with_delivery_date,Completed,2026-08-25,Livraison,False
22032-9/20,Delivery,KEEP_LI_with_delivery_date,Completed,2026-08-25,Livraison,False
21304-1/2,Tanking,CLEAR_at_or_before_tanking,Completed,2027-09-29,,True
21304-2/2,Tanking,CLEAR_at_or_before_tanking,Completed,2027-10-13,,True
21350-1/1,Tanking,CLEAR_at_or_before_tanking,Completed,2027-12-06,,True
21351-1/1,Tanking,CLEAR_at_or_before_tanking,Completed,2027-12-02,,True
21352-1/1,Tanking,CLEAR_at_or_before_tanking,Completed,2026-12-01,,True
21358-1/1,Tanking,CLEAR_at_or_before_tanking,Completed,2026-12-14,,True
21359-1/1,Tanking,CLEAR_at_or_before_tanking,Completed,2027-02-02,,True
21361-1/1,Tanking,CLEAR_at_or_before_tanking,Completed,2027-01-04,,True
21362-1/1,Tanking,CLEAR_at_or_before_tanking,Completed,2028-01-05,,True
21364-1/1,Tanking,CLEAR_at_or_before_tanking,Completed,2027-02-01,,True
21365-1/1,Tanking,CLEAR_at_or_before_tanking,Completed,2027-02-03,,True
21371-1/1,Tanking,CLEAR_at_or_before_tanking,Completed,2027-02-17,,True
21382-1/2,Tanking,CLEAR_at_or_before_tanking,Completed,2028-04-19,,True
21382-2/2,Tanking,CLEAR_at_or_before_tanking,Completed,2028-05-03,,True
21387-4/6,Tanking,CLEAR_at_or_before_tanking,Completed,2026-09-15,Bobinage,True
21387-5/6,Tanking,CLEAR_at_or_before_tanking,Completed,2026-09-17,Bobinage,True
21387-6/6,Tanking,CLEAR_at_or_before_tanking,Completed,2026-10-07,,True
21407-3/3,Tanking,CLEAR_at_or_before_tanking,Completed,2027-03-17,,True
21499-2/3,Tanking,CLEAR_at_or_before_tanking,Completed,2027-03-24,,True
21499-2/3 SA,Tanking,CLEAR_at_or_before_tanking,Completed,2027-03-24,,True
21499-3/3,Tanking,CLEAR_at_or_before_tanking,Completed,2027-05-19,,True
21499-3/3 SA,Tanking,CLEAR_at_or_before_tanking,Completed,2027-05-19,,True
21521-1/1,Tanking,CLEAR_at_or_before_tanking,Completed,2026-09-08,Assemblage,True
21522-1/3,Tanking,CLEAR_at_or_before_tanking,Completed,2027-02-10,,True
21522-2/3,Tanking,CLEAR_at_or_before_tanking,Completed,2027-03-03,,True
21522-3/3,Tanking,CLEAR_at_or_before_tanking,Completed,2027-04-07,,True
21523-1/3,Tanking,CLEAR_at_or_before_tanking,Completed,2026-11-04,,True
21523-1/3 SA,Tanking,CLEAR_at_or_before_tanking,Completed,2026-11-04,,True
21523-2/3,Tanking,CLEAR_at_or_before_tanking,Completed,2026-11-25,,True
21523-2/3 SA,Tanking,CLEAR_at_or_before_tanking,Completed,2026-11-25,,True
21523-3/3,Tanking,CLEAR_at_or_before_tanking,Completed,2026-12-16,,True
21523-3/3 SA,Tanking,CLEAR_at_or_before_tanking,Completed,2026-12-16,,True
21538-1/1,Tanking,CLEAR_at_or_before_tanking,Completed,2026-12-02,,True
21539-1/2,Tanking,CLEAR_at_or_before_tanking,Completed,2026-10-21,,True
21539-2/2,Tanking,CLEAR_at_or_before_tanking,Completed,2027-01-13,,True
21540-1/2,Tanking,CLEAR_at_or_before_tanking,Completed,2027-02-03,,True
21540-2/2,Tanking,CLEAR_at_or_before_tanking,Completed,2027-02-24,,True
21610-1/3,Tanking,CLEAR_at_or_before_tanking,Completed,2027-07-19,,True
21610-2/3,Tanking,CLEAR_at_or_before_tanking,Completed,2027-09-01,,True
21610-3/3,Tanking,CLEAR_at_or_before_tanking,Completed,2027-10-27,,True
21612-1/1,Tanking,CLEAR_at_or_before_tanking,Completed,2027-06-02,,True
21613-1/2,Tanking,CLEAR_at_or_before_tanking,Completed,2027-06-30,,True
21613-1/2 SA,Tanking,CLEAR_at_or_before_tanking,Completed,2027-06-30,,True
21613-2/2,Tanking,CLEAR_at_or_before_tanking,Completed,2027-07-14,,True
21613-2/2 SA,Tanking,CLEAR_at_or_before_tanking,Completed,2027-07-14,,True
21660-1/2,Tanking,CLEAR_at_or_before_tanking,Completed,2028-03-15,,True
21660-2/2,Tanking,CLEAR_at_or_before_tanking,Completed,2028-03-28,,True
21661-1/3,Tanking,CLEAR_at_or_before_tanking,Completed,2027-09-22,,True
21661-1/3 SA,Tanking,CLEAR_at_or_before_tanking,Completed,2027-09-22,,True
21661-2/3,Tanking,CLEAR_at_or_before_tanking,Completed,2027-11-10,,True
21661-2/3 SA,Tanking,CLEAR_at_or_before_tanking,Completed,2027-11-10,,True
21661-3/3,Tanking,CLEAR_at_or_before_tanking,Completed,2027-11-24,,True
21661-3/3 SA,Tanking,CLEAR_at_or_before_tanking,Completed,2027-11-24,,True
21662-1/1,Tanking,CLEAR_at_or_before_tanking,Completed,2027-01-06,,True
21663-1/1,Tanking,CLEAR_at_or_before_tanking,Completed,2027-04-28,,True
21664-1/1,Tanking,CLEAR_at_or_before_tanking,Completed,2028-03-01,,True
21664-1/1 SA,Tanking,CLEAR_at_or_before_tanking,Completed,2028-03-01,,True
21665-1/3,Tanking,CLEAR_at_or_before_tanking,Completed,2027-06-23,,True
21665-1/3 SA,Tanking,CLEAR_at_or_before_tanking,Completed,2027-06-23,,True
21665-2/3,Tanking,CLEAR_at_or_before_tanking,Completed,2027-07-07,,True
21665-2/3 SA,Tanking,CLEAR_at_or_before_tanking,Completed,2027-07-07,,True
21665-3/3,Tanking,CLEAR_at_or_before_tanking,Completed,2027-08-11,,True
21665-3/3 SA,Tanking,CLEAR_at_or_before_tanking,Completed,2027-08-11,,True
21714-1/4,Tanking,CLEAR_at_or_before_tanking,Completed,2026-06-17,Tanking,True
21714-2/4,Tanking,CLEAR_at_or_before_tanking,Completed,2026-06-22,Tanking,True
21733-1/1,Tanking,CLEAR_at_or_before_tanking,Completed,2028-04-05,,True
21749-1/1,Tanking,CLEAR_at_or_before_tanking,Completed,2027-12-08,,True
21749-1/1 SA,Tanking,CLEAR_at_or_before_tanking,Completed,2027-12-08,,True
21793-3/5,Tanking,CLEAR_at_or_before_tanking,Completed,2026-09-01,Tanking,True
21793-4/5,Tanking,CLEAR_at_or_before_tanking,Completed,2026-09-03,Tanking,True
21793-5/5,Tanking,CLEAR_at_or_before_tanking,Completed,2026-09-03,Four,True
21795-1/5,Tanking,CLEAR_at_or_before_tanking,Completed,2026-09-14,Assemblage,True
21795-2/5,Tanking,CLEAR_at_or_before_tanking,Completed,2026-09-14,Stacking,True
21795-3/5,Tanking,CLEAR_at_or_before_tanking,Completed,2026-09-15,Bobinage,True
21795-4/5,Tanking,CLEAR_at_or_before_tanking,Completed,2026-09-16,,True
21795-5/5,Tanking,CLEAR_at_or_before_tanking,Completed,2026-09-17,,True
21803-7/8,Tanking,CLEAR_at_or_before_tanking,Completed,2026-09-04,Tanking,True
21803-8/8,Tanking,CLEAR_at_or_before_tanking,Completed,2026-09-04,Tanking,True
21814-10/11,Tanking,CLEAR_at_or_before_tanking,Completed,2026-11-19,,True
21814-11/11,Tanking,CLEAR_at_or_before_tanking,Completed,2026-12-08,,True
21814-2/11,Tanking,CLEAR_at_or_before_tanking,Completed,2026-09-29,Assemblage,True
21814-3/11,Tanking,CLEAR_at_or_before_tanking,Completed,2026-10-01,Bobinage,True
21814-4/11,Tanking,CLEAR_at_or_before_tanking,Completed,2026-10-15,Bobinage,True
21814-5/11,Tanking,CLEAR_at_or_before_tanking,Completed,2026-10-27,,True
21814-6/11,Tanking,CLEAR_at_or_before_tanking,Completed,2026-10-29,,True
21814-7/11,Tanking,CLEAR_at_or_before_tanking,Completed,2026-11-10,,True
21814-8/11,Tanking,CLEAR_at_or_before_tanking,Completed,2026-11-12,,True
21814-9/11,Tanking,CLEAR_at_or_before_tanking,Completed,2026-11-17,,True
21815-1/2,Tanking,CLEAR_at_or_before_tanking,Completed,2027-11-15,,True
21815-2/2,Tanking,CLEAR_at_or_before_tanking,Completed,2027-11-17,,True
21821-1/1,Tanking,CLEAR_at_or_before_tanking,Completed,2026-10-05,Bobinage,True
21830-1/5,Tanking,CLEAR_at_or_before_tanking,Completed,2026-09-11,Four,True
21830-2/5,Tanking,CLEAR_at_or_before_tanking,Completed,2026-09-11,Assemblage,True
21830-3/5,Tanking,CLEAR_at_or_before_tanking,Completed,2026-09-16,Bobinage,True
21830-4/5,Tanking,CLEAR_at_or_before_tanking,Completed,2026-09-16,Bobinage,True
21830-5/5,Tanking,CLEAR_at_or_before_tanking,Completed,2026-09-18,Bobinage,True
21831-1/5,Tanking,CLEAR_at_or_before_tanking,Completed,2026-09-09,Four,True
21831-2/5,Tanking,CLEAR_at_or_before_tanking,Completed,2026-09-09,Four,True
21831-3/5,Tanking,CLEAR_at_or_before_tanking,Completed,2026-09-09,Four,True
21831-4/5,Tanking,CLEAR_at_or_before_tanking,Completed,2026-09-10,Four,True
21831-5/5,Tanking,CLEAR_at_or_before_tanking,Completed,2026-09-10,Four,True
21832-1/11,Tanking,CLEAR_at_or_before_tanking,Completed,2026-09-15,Bobinage,True
21832-10/11,Tanking,CLEAR_at_or_before_tanking,Completed,2026-10-06,,True
21832-11/11,Tanking,CLEAR_at_or_before_tanking,Completed,2026-10-08,,True
21832-2/11,Tanking,CLEAR_at_or_before_tanking,Completed,2026-09-17,,True
21832-3/11,Tanking,CLEAR_at_or_before_tanking,Completed,2026-09-18,,True
21832-4/11,Tanking,CLEAR_at_or_before_tanking,Completed,2026-09-21,,True
21832-5/11,Tanking,CLEAR_at_or_before_tanking,Completed,2026-09-22,,True
21832-6/11,Tanking,CLEAR_at_or_before_tanking,Completed,2026-09-25,,True
21832-7/11,Tanking,CLEAR_at_or_before_tanking,Completed,2026-09-28,,True
21832-8/11,Tanking,CLEAR_at_or_before_tanking,Completed,2026-09-30,,True
21832-9/11,Tanking,CLEAR_at_or_before_tanking,Completed,2026-10-02,,True
21833-1/6,Tanking,CLEAR_at_or_before_tanking,Completed,2026-09-23,Bobinage,True
21833-2/6,Tanking,CLEAR_at_or_before_tanking,Completed,2026-09-24,,True
21833-3/6,Tanking,CLEAR_at_or_before_tanking,Completed,2026-09-29,,True
21833-4/6,Tanking,CLEAR_at_or_before_tanking,Completed,2026-10-01,,True
21833-5/6,Tanking,CLEAR_at_or_before_tanking,Completed,2026-10-05,,True
21833-6/6,Tanking,CLEAR_at_or_before_tanking,Completed,2026-10-09,,True
21835-1/1,Tanking,CLEAR_at_or_before_tanking,Completed,2026-09-02,Tanking,True
21840-10/10,Tanking,CLEAR_at_or_before_tanking,Completed,2026-08-24,Tanking,True
21841-1/10,Tanking,CLEAR_at_or_before_tanking,Completed,2026-09-21,Bobinage,True
21841-10/10,Tanking,CLEAR_at_or_before_tanking,Completed,2026-09-28,Bobinage,True
21841-2/10,Tanking,CLEAR_at_or_before_tanking,Completed,2026-09-22,Bobinage,True
21841-3/10,Tanking,CLEAR_at_or_before_tanking,Completed,2026-09-22,Bobinage,True
21841-4/10,Tanking,CLEAR_at_or_before_tanking,Completed,2026-09-23,Bobinage,True
21841-5/10,Tanking,CLEAR_at_or_before_tanking,Completed,2026-09-23,Bobinage,True
21841-6/10,Tanking,CLEAR_at_or_before_tanking,Completed,2026-09-24,Bobinage,True
21841-7/10,Tanking,CLEAR_at_or_before_tanking,Completed,2026-09-24,Bobinage,True
21841-8/10,Tanking,CLEAR_at_or_before_tanking,Completed,2026-09-25,Bobinage,True
21841-9/10,Tanking,CLEAR_at_or_before_tanking,Completed,2026-09-25,Bobinage,True
21842-1/5,Tanking,CLEAR_at_or_before_tanking,Completed,2026-10-28,Bobinage,True
21842-2/5,Tanking,CLEAR_at_or_before_tanking,Completed,2026-10-29,Bobinage,True
21842-3/5,Tanking,CLEAR_at_or_before_tanking,Completed,2026-10-30,Bobinage,True
21842-4/5,Tanking,CLEAR_at_or_before_tanking,Completed,2026-11-02,Bobinage,True
21842-5/5,Tanking,CLEAR_at_or_before_tanking,Completed,2026-11-04,,True
21843-1/1,Tanking,CLEAR_at_or_before_tanking,Completed,2026-10-06,Bobinage,True
21848-1/3,Tanking,CLEAR_at_or_before_tanking,Completed,2026-09-15,Bobinage,True
21848-2/3,Tanking,CLEAR_at_or_before_tanking,Completed,2026-09-17,Bobinage,True
21848-3/3,Tanking,CLEAR_at_or_before_tanking,Completed,2026-09-18,Bobinage,True
21849-1/2,Tanking,CLEAR_at_or_before_tanking,Completed,2026-10-27,,True
21849-2/2,Tanking,CLEAR_at_or_before_tanking,Completed,2026-10-29,,True
21851-1/2,Tanking,CLEAR_at_or_before_tanking,Completed,2026-09-03,Tanking,True
21851-2/2,Tanking,CLEAR_at_or_before_tanking,Completed,2026-09-04,Tanking,True
21853-1/2,Tanking,CLEAR_at_or_before_tanking,Completed,2026-11-05,,True
21853-2/2,Tanking,CLEAR_at_or_before_tanking,Completed,2026-11-05,,True
21854-1/2,Tanking,CLEAR_at_or_before_tanking,Completed,2026-09-09,Assemblage,True
21854-2/2,Tanking,CLEAR_at_or_before_tanking,Completed,2026-09-09,Assemblage,True
21860-1/1,Tanking,CLEAR_at_or_before_tanking,Completed,2026-10-13,,True
21873-1/8,Tanking,CLEAR_at_or_before_tanking,Completed,2026-10-07,,True
21873-2/8,Tanking,CLEAR_at_or_before_tanking,Completed,2026-10-07,,True
21873-3/8,Tanking,CLEAR_at_or_before_tanking,Completed,2026-10-07,,True
21873-4/8,Tanking,CLEAR_at_or_before_tanking,Completed,2026-10-09,,True
21873-5/8,Tanking,CLEAR_at_or_before_tanking,Completed,2026-10-09,,True
21873-6/8,Tanking,CLEAR_at_or_before_tanking,Completed,2026-10-09,,True
21873-7/8,Tanking,CLEAR_at_or_before_tanking,Completed,2026-10-13,,True
21873-8/8,Tanking,CLEAR_at_or_before_tanking,Completed,2026-10-13,,True
21874-1/5,Tanking,CLEAR_at_or_before_tanking,Completed,2026-10-15,,True
21874-2/5,Tanking,CLEAR_at_or_before_tanking,Completed,2026-10-15,,True
21874-3/5,Tanking,CLEAR_at_or_before_tanking,Completed,2026-10-15,,True
21874-4/5,Tanking,CLEAR_at_or_before_tanking,Completed,2026-10-16,,True
21874-5/5,Tanking,CLEAR_at_or_before_tanking,Completed,2026-10-16,,True
21875-1/5,Tanking,CLEAR_at_or_before_tanking,Completed,2026-10-14,,True
21875-2/5,Tanking,CLEAR_at_or_before_tanking,Completed,2026-10-14,,True
21875-3/5,Tanking,CLEAR_at_or_before_tanking,Completed,2026-10-19,,True
21875-4/5,Tanking,CLEAR_at_or_before_tanking,Completed,2026-10-19,,True
21875-5/5,Tanking,CLEAR_at_or_before_tanking,Completed,2026-10-20,,True
21876-1/5,Tanking,CLEAR_at_or_before_tanking,Completed,2026-10-20,,True
21876-2/5,Tanking,CLEAR_at_or_before_tanking,Completed,2026-10-22,,True
21876-3/5,Tanking,CLEAR_at_or_before_tanking,Completed,2026-10-22,,True
21876-4/5,Tanking,CLEAR_at_or_before_tanking,Completed,2026-10-26,,True
21876-5/5,Tanking,CLEAR_at_or_before_tanking,Completed,2026-10-26,,True
21877-1/5,Tanking,CLEAR_at_or_before_tanking,Completed,2026-10-28,,True
21877-2/5,Tanking,CLEAR_at_or_before_tanking,Completed,2026-10-28,,True
21877-3/5,Tanking,CLEAR_at_or_before_tanking,Completed,2026-10-30,,True
21877-4/5,Tanking,CLEAR_at_or_before_tanking,Completed,2026-10-30,,True
21877-5/5,Tanking,CLEAR_at_or_before_tanking,Completed,2026-10-30,,True
21879-1/1,Tanking,CLEAR_at_or_before_tanking,Completed,2026-10-30,,True
21880-1/1,Tanking,CLEAR_at_or_before_tanking,Completed,2026-11-03,,True
21886-1/2,Tanking,CLEAR_at_or_before_tanking,Completed,2026-10-19,Bobinage,True
21886-2/2,Tanking,CLEAR_at_or_before_tanking,Completed,2026-10-21,Bobinage,True
21887-1/2,Tanking,CLEAR_at_or_before_tanking,Completed,2026-10-27,,True
21887-2/2,Tanking,CLEAR_at_or_before_tanking,Completed,2027-01-14,,True
21900-1/8,Tanking,CLEAR_at_or_before_tanking,Completed,2026-11-03,,True
21900-2/8,Tanking,CLEAR_at_or_before_tanking,Completed,2026-11-03,,True
21900-3/8,Tanking,CLEAR_at_or_before_tanking,Completed,2026-11-03,,True
21900-4/8,Tanking,CLEAR_at_or_before_tanking,Completed,2026-11-06,,True
21900-5/8,Tanking,CLEAR_at_or_before_tanking,Completed,2026-11-06,,True
21900-6/8,Tanking,CLEAR_at_or_before_tanking,Completed,2026-11-06,,True
21900-7/8,Tanking,CLEAR_at_or_before_tanking,Completed,2026-11-09,,True
21900-8/8,Tanking,CLEAR_at_or_before_tanking,Completed,2026-11-09,,True
21901-1/5,Tanking,CLEAR_at_or_before_tanking,Completed,2026-11-11,,True
21901-2/5,Tanking,CLEAR_at_or_before_tanking,Completed,2026-11-11,,True
21901-3/5,Tanking,CLEAR_at_or_before_tanking,Completed,2026-11-11,,True
21901-4/5,Tanking,CLEAR_at_or_before_tanking,Completed,2026-11-13,,True
21901-5/5,Tanking,CLEAR_at_or_before_tanking,Completed,2026-11-13,,True
21902-1/5,Tanking,CLEAR_at_or_before_tanking,Completed,2026-11-17,,True
21902-2/5,Tanking,CLEAR_at_or_before_tanking,Completed,2026-11-17,,True
21902-3/5,Tanking,CLEAR_at_or_before_tanking,Completed,2026-11-17,,True
21902-4/5,Tanking,CLEAR_at_or_before_tanking,Completed,2026-11-19,,True
21902-5/5,Tanking,CLEAR_at_or_before_tanking,Completed,2026-11-19,,True
21903-1/5,Tanking,CLEAR_at_or_before_tanking,Completed,2026-11-23,,True
21903-2/5,Tanking,CLEAR_at_or_before_tanking,Completed,2026-11-23,,True
21903-3/5,Tanking,CLEAR_at_or_before_tanking,Completed,2026-11-26,,True
21903-4/5,Tanking,CLEAR_at_or_before_tanking,Completed,2026-11-26,,True
21903-5/5,Tanking,CLEAR_at_or_before_tanking,Completed,2026-11-27,,True
21904-1/5,Tanking,CLEAR_at_or_before_tanking,Completed,2026-11-30,,True
21904-2/5,Tanking,CLEAR_at_or_before_tanking,Completed,2026-12-03,,True
21904-3/5,Tanking,CLEAR_at_or_before_tanking,Completed,2026-12-03,,True
21904-4/5,Tanking,CLEAR_at_or_before_tanking,Completed,2026-12-08,,True
21904-5/5,Tanking,CLEAR_at_or_before_tanking,Completed,2026-12-08,,True
21906-1/2,Tanking,CLEAR_at_or_before_tanking,Completed,2026-11-02,,True
21906-2/2,Tanking,CLEAR_at_or_before_tanking,Completed,2026-11-02,,True
21907-1/8,Tanking,CLEAR_at_or_before_tanking,Completed,2026-11-04,,True
21907-2/8,Tanking,CLEAR_at_or_before_tanking,Completed,2026-11-06,,True
21907-3/8,Tanking,CLEAR_at_or_before_tanking,Completed,2026-11-10,,True
21907-4/8,Tanking,CLEAR_at_or_before_tanking,Completed,2026-11-10,,True
21907-5/8,Tanking,CLEAR_at_or_before_tanking,Completed,2026-11-12,,True
21907-6/8,Tanking,CLEAR_at_or_before_tanking,Completed,2026-11-12,,True
21907-7/8,Tanking,CLEAR_at_or_before_tanking,Completed,2026-11-18,,True
21907-8/8,Tanking,CLEAR_at_or_before_tanking,Completed,2026-11-18,,True
21908-1/6,Tanking,CLEAR_at_or_before_tanking,Completed,2026-10-27,,True
21908-2/6,Tanking,CLEAR_at_or_before_tanking,Completed,2026-10-28,,True
21908-3/6,Tanking,CLEAR_at_or_before_tanking,Completed,2026-10-29,,True
21908-4/6,Tanking,CLEAR_at_or_before_tanking,Completed,2026-11-02,,True
21908-5/6,Tanking,CLEAR_at_or_before_tanking,Completed,2026-11-03,,True
21908-6/6,Tanking,CLEAR_at_or_before_tanking,Completed,2026-11-03,,True
21909-1/2,Tanking,CLEAR_at_or_before_tanking,Completed,2026-10-28,,True
21909-2/2,Tanking,CLEAR_at_or_before_tanking,Completed,2026-10-30,,True
21910-1/3,Tanking,CLEAR_at_or_before_tanking,Completed,2026-07-16,Tanking,True
21910-2/3,Tanking,CLEAR_at_or_before_tanking,Completed,2026-07-17,Tanking,True
21910-3/3,Tanking,CLEAR_at_or_before_tanking,Completed,2026-08-10,Tanking,True
21911-1/7,Tanking,CLEAR_at_or_before_tanking,Completed,2026-10-15,,True
21911-2/7,Tanking,CLEAR_at_or_before_tanking,Completed,2026-10-15,,True
21911-3/7,Tanking,CLEAR_at_or_before_tanking,Completed,2026-10-16,,True
21911-4/7,Tanking,CLEAR_at_or_before_tanking,Completed,2026-10-16,,True
21911-5/7,Tanking,CLEAR_at_or_before_tanking,Completed,2026-10-20,,True
21911-6/7,Tanking,CLEAR_at_or_before_tanking,Completed,2026-10-22,,True
21911-7/7,Tanking,CLEAR_at_or_before_tanking,Completed,2026-10-23,,True
21913-1/7,Tanking,CLEAR_at_or_before_tanking,Completed,2026-10-07,,True
21913-2/7,Tanking,CLEAR_at_or_before_tanking,Completed,2026-10-08,,True
21913-3/7,Tanking,CLEAR_at_or_before_tanking,Completed,2026-10-14,,True
21913-4/7,Tanking,CLEAR_at_or_before_tanking,Completed,2026-10-15,,True
21913-5/7,Tanking,CLEAR_at_or_before_tanking,Completed,2026-10-16,,True
21913-6/7,Tanking,CLEAR_at_or_before_tanking,Completed,2026-10-20,,True
21913-7/7,Tanking,CLEAR_at_or_before_tanking,Completed,2026-10-22,,True
21915-1/2,Tanking,CLEAR_at_or_before_tanking,Completed,2026-10-26,,True
21915-2/2,Tanking,CLEAR_at_or_before_tanking,Completed,2026-10-28,,True
21916-1/1,Tanking,CLEAR_at_or_before_tanking,Completed,2026-10-08,,True
21917-1/1,Tanking,CLEAR_at_or_before_tanking,Completed,2026-11-30,,True
21918-1/1,Tanking,CLEAR_at_or_before_tanking,Completed,2026-10-21,,True
21924-1/3,Tanking,CLEAR_at_or_before_tanking,Completed,2026-12-07,,True
21924-2/3,Tanking,CLEAR_at_or_before_tanking,Completed,2026-12-09,,True
21924-3/3,Tanking,CLEAR_at_or_before_tanking,Completed,2026-12-15,,True
21925-1/10,Tanking,CLEAR_at_or_before_tanking,Completed,2026-12-11,,True
21925-10/10,Tanking,CLEAR_at_or_before_tanking,Completed,2026-12-17,,True
21925-2/10,Tanking,CLEAR_at_or_before_tanking,Completed,2026-12-11,,True
21925-3/10,Tanking,CLEAR_at_or_before_tanking,Completed,2026-12-11,,True
21925-4/10,Tanking,CLEAR_at_or_before_tanking,Completed,2026-12-11,,True
21925-5/10,Tanking,CLEAR_at_or_before_tanking,Completed,2026-12-14,,True
21925-6/10,Tanking,CLEAR_at_or_before_tanking,Completed,2026-12-14,,True
21925-7/10,Tanking,CLEAR_at_or_before_tanking,Completed,2026-12-14,,True
21925-8/10,Tanking,CLEAR_at_or_before_tanking,Completed,2026-12-17,,True
21925-9/10,Tanking,CLEAR_at_or_before_tanking,Completed,2026-12-17,,True
21926-1/4,Tanking,CLEAR_at_or_before_tanking,Completed,2027-01-06,,True
21926-2/4,Tanking,CLEAR_at_or_before_tanking,Completed,2027-01-06,,True
21926-3/4,Tanking,CLEAR_at_or_before_tanking,Completed,2027-01-11,,True
21926-4/4,Tanking,CLEAR_at_or_before_tanking,Completed,2027-01-11,,True
21927-1/5,Tanking,CLEAR_at_or_before_tanking,Completed,2026-12-02,,True
21927-2/5,Tanking,CLEAR_at_or_before_tanking,Completed,2026-12-02,,True
21927-3/5,Tanking,CLEAR_at_or_before_tanking,Completed,2026-12-02,,True
21927-4/5,Tanking,CLEAR_at_or_before_tanking,Completed,2026-12-15,,True
21927-5/5,Tanking,CLEAR_at_or_before_tanking,Completed,2026-12-17,,True
21928-1/5,Tanking,CLEAR_at_or_before_tanking,Completed,2027-01-07,,True
21928-2/5,Tanking,CLEAR_at_or_before_tanking,Completed,2027-01-08,,True
21928-3/5,Tanking,CLEAR_at_or_before_tanking,Completed,2027-01-08,,True
21928-4/5,Tanking,CLEAR_at_or_before_tanking,Completed,2027-01-12,,True
21928-5/5,Tanking,CLEAR_at_or_before_tanking,Completed,2027-01-12,,True
21929-1/1,Tanking,CLEAR_at_or_before_tanking,Completed,2026-12-04,,True
21932-1/1,Tanking,CLEAR_at_or_before_tanking,Completed,2030-01-08,,True
21932-1/1 SA,Tanking,CLEAR_at_or_before_tanking,Completed,2030-01-08,,True
21934-1/2,Tanking,CLEAR_at_or_before_tanking,Completed,2026-11-16,,True
21934-2/2,Tanking,CLEAR_at_or_before_tanking,Completed,2026-11-20,,True
21935-1/2,Tanking,CLEAR_at_or_before_tanking,Completed,2026-12-11,,True
21935-2/2,Tanking,CLEAR_at_or_before_tanking,Completed,2026-12-11,,True
21937-1/1,Tanking,CLEAR_at_or_before_tanking,Completed,2026-11-10,,True
21938-1/1,Tanking,CLEAR_at_or_before_tanking,Completed,2026-12-17,,True
21939-1/1,Tanking,CLEAR_at_or_before_tanking,Completed,2026-11-30,,True
21943-8/8,Tanking,CLEAR_at_or_before_tanking,Completed,2026-07-16,Tanking,True
21946-1/5,Tanking,CLEAR_at_or_before_tanking,Completed,2027-01-04,,True
21946-2/5,Tanking,CLEAR_at_or_before_tanking,Completed,2027-01-04,,True
21946-3/5,Tanking,CLEAR_at_or_before_tanking,Completed,2027-01-04,,True
21946-4/5,Tanking,CLEAR_at_or_before_tanking,Completed,2027-01-04,,True
21946-5/5,Tanking,CLEAR_at_or_before_tanking,Completed,2027-01-06,,True
21947-1/4,Tanking,CLEAR_at_or_before_tanking,Completed,2027-01-08,,True
21947-2/4,Tanking,CLEAR_at_or_before_tanking,Completed,2027-01-08,,True
21947-3/4,Tanking,CLEAR_at_or_before_tanking,Completed,2027-01-08,,True
21947-4/4,Tanking,CLEAR_at_or_before_tanking,Completed,2027-01-08,,True
21948-1/5,Tanking,CLEAR_at_or_before_tanking,Completed,2027-01-12,,True
21948-2/5,Tanking,CLEAR_at_or_before_tanking,Completed,2027-01-12,,True
21948-3/5,Tanking,CLEAR_at_or_before_tanking,Completed,2027-01-13,,True
21948-4/5,Tanking,CLEAR_at_or_before_tanking,Completed,2027-01-15,,True
21948-5/5,Tanking,CLEAR_at_or_before_tanking,Completed,2027-01-15,,True
21949-1/5,Tanking,CLEAR_at_or_before_tanking,Completed,2027-01-14,,True
21949-2/5,Tanking,CLEAR_at_or_before_tanking,Completed,2027-01-14,,True
21949-3/5,Tanking,CLEAR_at_or_before_tanking,Completed,2027-01-14,,True
21949-4/5,Tanking,CLEAR_at_or_before_tanking,Completed,2027-01-18,,True
21949-5/5,Tanking,CLEAR_at_or_before_tanking,Completed,2027-01-18,,True
21950-1/5,Tanking,CLEAR_at_or_before_tanking,Completed,2027-01-05,,True
21950-2/5,Tanking,CLEAR_at_or_before_tanking,Completed,2027-01-05,,True
21950-3/5,Tanking,CLEAR_at_or_before_tanking,Completed,2027-01-07,,True
21950-4/5,Tanking,CLEAR_at_or_before_tanking,Completed,2027-01-07,,True
21950-5/5,Tanking,CLEAR_at_or_before_tanking,Completed,2027-01-13,,True
21951-1/4,Tanking,CLEAR_at_or_before_tanking,Completed,2027-01-11,,True
21951-2/4,Tanking,CLEAR_at_or_before_tanking,Completed,2027-01-15,,True
21951-3/4,Tanking,CLEAR_at_or_before_tanking,Completed,2027-01-18,,True
21951-4/4,Tanking,CLEAR_at_or_before_tanking,Completed,2027-01-20,,True
21954-1/1,Tanking,CLEAR_at_or_before_tanking,Completed,2026-09-11,Stacking,True
21955-1/2,Tanking,CLEAR_at_or_before_tanking,Completed,2026-09-14,Bobinage,True
21955-2/2,Tanking,CLEAR_at_or_before_tanking,Completed,2026-09-17,Bobinage,True
21956-1/2,Tanking,CLEAR_at_or_before_tanking,Completed,2027-01-07,,True
21956-2/2,Tanking,CLEAR_at_or_before_tanking,Completed,2027-01-07,,True
21957-1/9,Tanking,CLEAR_at_or_before_tanking,Completed,2026-09-23,Bobinage,True
21957-2/9,Tanking,CLEAR_at_or_before_tanking,Completed,2026-09-24,Bobinage,True
21957-3/9,Tanking,CLEAR_at_or_before_tanking,Completed,2026-09-25,Bobinage,True
21957-4/9,Tanking,CLEAR_at_or_before_tanking,Completed,2026-09-28,Bobinage,True
21957-5/9,Tanking,CLEAR_at_or_before_tanking,Completed,2026-09-29,Bobinage,True
21957-6/9,Tanking,CLEAR_at_or_before_tanking,Completed,2026-09-29,Bobinage,True
21957-7/9,Tanking,CLEAR_at_or_before_tanking,Completed,2026-09-30,Bobinage,True
21957-8/9,Tanking,CLEAR_at_or_before_tanking,Completed,2026-10-01,,True
21957-9/9,Tanking,CLEAR_at_or_before_tanking,Completed,2026-10-02,,True
21958-1/1,Tanking,CLEAR_at_or_before_tanking,Completed,2026-11-18,,True
21959-1/2,Tanking,CLEAR_at_or_before_tanking,Completed,2027-02-01,,True
21959-2/2,Tanking,CLEAR_at_or_before_tanking,Completed,2027-02-03,,True
21960-1/2,Tanking,CLEAR_at_or_before_tanking,Completed,2027-02-05,,True
21960-2/2,Tanking,CLEAR_at_or_before_tanking,Completed,2027-02-08,,True
21961-1/2,Tanking,CLEAR_at_or_before_tanking,Completed,2027-02-10,,True
21961-2/2,Tanking,CLEAR_at_or_before_tanking,Completed,2027-02-12,,True
21962-1/1,Tanking,CLEAR_at_or_before_tanking,Completed,2026-11-13,,True
21963-1/2,Tanking,CLEAR_at_or_before_tanking,Completed,2026-10-21,,True
21963-2/2,Tanking,CLEAR_at_or_before_tanking,Completed,2026-10-23,,True
21964-1/3,Tanking,CLEAR_at_or_before_tanking,Completed,2026-10-23,,True
21964-2/3,Tanking,CLEAR_at_or_before_tanking,Completed,2026-10-26,,True
21964-3/3,Tanking,CLEAR_at_or_before_tanking,Completed,2026-10-26,,True
21967-2/5,Tanking,CLEAR_at_or_before_tanking,Completed,2026-09-04,Four,True
21967-3/5,Tanking,CLEAR_at_or_before_tanking,Completed,2026-09-09,Four,True
21967-4/5,Tanking,CLEAR_at_or_before_tanking,Completed,2026-09-10,Four,True
21967-5/5,Tanking,CLEAR_at_or_before_tanking,Completed,2026-09-11,Assemblage,True
21972-1/1,Tanking,CLEAR_at_or_before_tanking,Completed,2026-09-08,Four,True
21973-1/3,Tanking,CLEAR_at_or_before_tanking,Completed,2027-01-25,,True
21973-2/3,Tanking,CLEAR_at_or_before_tanking,Completed,2027-01-25,,True
21973-3/3,Tanking,CLEAR_at_or_before_tanking,Completed,2027-01-27,,True
21974-1/5,Tanking,CLEAR_at_or_before_tanking,Completed,2027-01-26,,True
21974-2/5,Tanking,CLEAR_at_or_before_tanking,Completed,2027-01-26,,True
21974-3/5,Tanking,CLEAR_at_or_before_tanking,Completed,2027-01-26,,True
21974-4/5,Tanking,CLEAR_at_or_before_tanking,Completed,2027-01-28,,True
21974-5/5,Tanking,CLEAR_at_or_before_tanking,Completed,2027-01-28,,True
21975-1/5,Tanking,CLEAR_at_or_before_tanking,Completed,2027-01-28,,True
21975-2/5,Tanking,CLEAR_at_or_before_tanking,Completed,2027-02-01,,True
21975-3/5,Tanking,CLEAR_at_or_before_tanking,Completed,2027-02-01,,True
21975-4/5,Tanking,CLEAR_at_or_before_tanking,Completed,2027-02-01,,True
21975-5/5,Tanking,CLEAR_at_or_before_tanking,Completed,2027-02-02,,True
21976-1/5,Tanking,CLEAR_at_or_before_tanking,Completed,2027-02-03,,True
21976-2/5,Tanking,CLEAR_at_or_before_tanking,Completed,2027-02-03,,True
21976-3/5,Tanking,CLEAR_at_or_before_tanking,Completed,2027-02-04,,True
21976-4/5,Tanking,CLEAR_at_or_before_tanking,Completed,2027-02-04,,True
21976-5/5,Tanking,CLEAR_at_or_before_tanking,Completed,2027-02-04,,True
21977-1/5,Tanking,CLEAR_at_or_before_tanking,Completed,2027-02-05,,True
21977-2/5,Tanking,CLEAR_at_or_before_tanking,Completed,2027-02-05,,True
21977-3/5,Tanking,CLEAR_at_or_before_tanking,Completed,2027-02-05,,True
21977-4/5,Tanking,CLEAR_at_or_before_tanking,Completed,2027-02-05,,True
21977-5/5,Tanking,CLEAR_at_or_before_tanking,Completed,2027-02-08,,True
21978-1/5,Tanking,CLEAR_at_or_before_tanking,Completed,2027-02-02,,True
21978-2/5,Tanking,CLEAR_at_or_before_tanking,Completed,2027-02-08,,True
21978-3/5,Tanking,CLEAR_at_or_before_tanking,Completed,2027-02-09,,True
21978-4/5,Tanking,CLEAR_at_or_before_tanking,Completed,2027-02-09,,True
21978-5/5,Tanking,CLEAR_at_or_before_tanking,Completed,2027-02-10,,True
21979-1/1,Tanking,CLEAR_at_or_before_tanking,Completed,2026-09-10,Four,True
21980-1/1,Tanking,CLEAR_at_or_before_tanking,Completed,2026-10-26,Assemblage,True
21981-1/1,Tanking,CLEAR_at_or_before_tanking,Completed,2027-11-03,,True
21981-1/1 SA,Tanking,CLEAR_at_or_before_tanking,Completed,2027-11-03,,True
21982-1/1,Tanking,CLEAR_at_or_before_tanking,Completed,2027-06-09,,True
21982-1/1 SA,Tanking,CLEAR_at_or_before_tanking,Completed,2027-06-09,,True
21983-1/1,Tanking,CLEAR_at_or_before_tanking,Completed,2026-12-04,,True
21984-1/1,Tanking,CLEAR_at_or_before_tanking,Completed,2027-05-26,,True
21985-1/1,Tanking,CLEAR_at_or_before_tanking,Completed,2027-09-08,,True
21986-1/1,Tanking,CLEAR_at_or_before_tanking,Completed,2027-08-18,,True
21987-1/1,Tanking,CLEAR_at_or_before_tanking,Completed,2027-10-20,,True
21988-1/1,Tanking,CLEAR_at_or_before_tanking,Completed,2026-10-13,,True
21989-1/1,Tanking,CLEAR_at_or_before_tanking,Completed,2026-09-25,,True
21990-1/3,Tanking,CLEAR_at_or_before_tanking,Completed,2026-11-12,,True
21990-2/3,Tanking,CLEAR_at_or_before_tanking,Completed,2026-11-16,,True
21990-3/3,Tanking,CLEAR_at_or_before_tanking,Completed,2026-11-18,,True
21991-1/3,Tanking,CLEAR_at_or_before_tanking,Completed,2026-08-31,Tanking,True
21991-2/3,Tanking,CLEAR_at_or_before_tanking,Completed,2026-09-03,Tanking,True
21991-3/3,Tanking,CLEAR_at_or_before_tanking,Completed,2026-09-04,Tanking,True
21992-1/6,Tanking,CLEAR_at_or_before_tanking,Completed,2026-09-16,Bobinage,True
21992-2/6,Tanking,CLEAR_at_or_before_tanking,Completed,2026-09-17,Bobinage,True
21992-3/6,Tanking,CLEAR_at_or_before_tanking,Completed,2026-09-18,Bobinage,True
21992-4/6,Tanking,CLEAR_at_or_before_tanking,Completed,2026-09-21,Bobinage,True
21992-5/6,Tanking,CLEAR_at_or_before_tanking,Completed,2026-09-22,Bobinage,True
21992-6/6,Tanking,CLEAR_at_or_before_tanking,Completed,2026-09-23,Bobinage,True
21993-1/8,Tanking,CLEAR_at_or_before_tanking,Completed,2026-09-08,Four,True
21993-2/8,Tanking,CLEAR_at_or_before_tanking,Completed,2026-09-08,Four,True
21993-3/8,Tanking,CLEAR_at_or_before_tanking,Completed,2026-09-08,Four,True
21993-4/8,Tanking,CLEAR_at_or_before_tanking,Completed,2026-09-10,Four,True
21993-5/8,Tanking,CLEAR_at_or_before_tanking,Completed,2026-09-11,Assemblage,True
21993-6/8,Tanking,CLEAR_at_or_before_tanking,Completed,2026-09-11,Assemblage,True
21993-7/8,Tanking,CLEAR_at_or_before_tanking,Completed,2026-09-14,Assemblage,True
21993-8/8,Tanking,CLEAR_at_or_before_tanking,Completed,2026-09-15,Assemblage,True
21994-1/3,Tanking,CLEAR_at_or_before_tanking,Completed,2026-09-18,Bobinage,True
21994-2/3,Tanking,CLEAR_at_or_before_tanking,Completed,2026-09-18,Bobinage,True
21994-3/3,Tanking,CLEAR_at_or_before_tanking,Completed,2026-09-21,Bobinage,True
21995-1/2,Tanking,CLEAR_at_or_before_tanking,Completed,2026-09-16,Bobinage,True
21995-2/2,Tanking,CLEAR_at_or_before_tanking,Completed,2026-09-17,,True
21996-1/10,Tanking,CLEAR_at_or_before_tanking,Completed,2026-09-29,,True
21996-10/10,Tanking,CLEAR_at_or_before_tanking,Completed,2026-10-02,,True
21996-2/10,Tanking,CLEAR_at_or_before_tanking,Completed,2026-09-30,,True
21996-3/10,Tanking,CLEAR_at_or_before_tanking,Completed,2026-09-30,,True
21996-4/10,Tanking,CLEAR_at_or_before_tanking,Completed,2026-09-30,,True
21996-5/10,Tanking,CLEAR_at_or_before_tanking,Completed,2026-10-01,,True
21996-6/10,Tanking,CLEAR_at_or_before_tanking,Completed,2026-10-01,,True
21996-7/10,Tanking,CLEAR_at_or_before_tanking,Completed,2026-10-01,,True
21996-8/10,Tanking,CLEAR_at_or_before_tanking,Completed,2026-10-02,,True
21996-9/10,Tanking,CLEAR_at_or_before_tanking,Completed,2026-10-02,,True
21997-1/4,Tanking,CLEAR_at_or_before_tanking,Completed,2026-09-22,,True
21997-2/4,Tanking,CLEAR_at_or_before_tanking,Completed,2026-09-23,,True
21997-3/4,Tanking,CLEAR_at_or_before_tanking,Completed,2026-09-25,,True
21997-4/4,Tanking,CLEAR_at_or_before_tanking,Completed,2026-09-28,,True
21998-1/3,Tanking,CLEAR_at_or_before_tanking,Completed,2026-09-24,Bobinage,True
21998-2/3,Tanking,CLEAR_at_or_before_tanking,Completed,2026-09-28,Bobinage,True
21998-3/3,Tanking,CLEAR_at_or_before_tanking,Completed,2026-09-29,Bobinage,True
21999-1/4,Tanking,CLEAR_at_or_before_tanking,Completed,2027-03-08,,True
21999-2/4,Tanking,CLEAR_at_or_before_tanking,Completed,2027-03-08,,True
21999-3/4,Tanking,CLEAR_at_or_before_tanking,Completed,2027-03-08,,True
21999-4/4,Tanking,CLEAR_at_or_before_tanking,Completed,2027-03-10,,True
22000-1/8,Tanking,CLEAR_at_or_before_tanking,Completed,2027-03-10,,True
22000-2/8,Tanking,CLEAR_at_or_before_tanking,Completed,2027-03-10,,True
22000-3/8,Tanking,CLEAR_at_or_before_tanking,Completed,2027-03-12,,True
22000-4/8,Tanking,CLEAR_at_or_before_tanking,Completed,2027-03-12,,True
22000-5/8,Tanking,CLEAR_at_or_before_tanking,Completed,2027-03-12,,True
22000-6/8,Tanking,CLEAR_at_or_before_tanking,Completed,2027-03-16,,True
22000-7/8,Tanking,CLEAR_at_or_before_tanking,Completed,2027-03-16,,True
22000-8/8,Tanking,CLEAR_at_or_before_tanking,Completed,2027-03-16,,True
22001-1/8,Tanking,CLEAR_at_or_before_tanking,Completed,2027-03-09,,True
22001-2/8,Tanking,CLEAR_at_or_before_tanking,Completed,2027-03-11,,True
22001-3/8,Tanking,CLEAR_at_or_before_tanking,Completed,2027-03-15,,True
22001-4/8,Tanking,CLEAR_at_or_before_tanking,Completed,2027-03-17,,True
22001-5/8,Tanking,CLEAR_at_or_before_tanking,Completed,2027-03-19,,True
22001-6/8,Tanking,CLEAR_at_or_before_tanking,Completed,2027-03-19,,True
22001-7/8,Tanking,CLEAR_at_or_before_tanking,Completed,2027-03-23,,True
22001-8/8,Tanking,CLEAR_at_or_before_tanking,Completed,2027-03-23,,True
22002-1/3,Tanking,CLEAR_at_or_before_tanking,Completed,2027-03-15,,True
22002-2/3,Tanking,CLEAR_at_or_before_tanking,Completed,2027-03-17,,True
22002-3/3,Tanking,CLEAR_at_or_before_tanking,Completed,2027-03-18,,True
22003-1/5,Tanking,CLEAR_at_or_before_tanking,Completed,2027-03-22,,True
22003-2/5,Tanking,CLEAR_at_or_before_tanking,Completed,2027-03-22,,True
22003-3/5,Tanking,CLEAR_at_or_before_tanking,Completed,2027-03-24,,True
22003-4/5,Tanking,CLEAR_at_or_before_tanking,Completed,2027-03-25,,True
22003-5/5,Tanking,CLEAR_at_or_before_tanking,Completed,2027-03-25,,True
22004-1/2,Tanking,CLEAR_at_or_before_tanking,Completed,2027-03-09,,True
22004-2/2,Tanking,CLEAR_at_or_before_tanking,Completed,2027-03-11,,True
22005-1/2,Tanking,CLEAR_at_or_before_tanking,Completed,2026-12-07,,True
22005-2/2,Tanking,CLEAR_at_or_before_tanking,Completed,2026-12-07,,True
22006-1/2,Tanking,CLEAR_at_or_before_tanking,Completed,2026-12-10,,True
22006-2/2,Tanking,CLEAR_at_or_before_tanking,Completed,2026-12-10,,True
22007-1/2,Tanking,CLEAR_at_or_before_tanking,Completed,2027-01-11,,True
22007-2/2,Tanking,CLEAR_at_or_before_tanking,Completed,2027-01-15,,True
22008-1/2,Tanking,CLEAR_at_or_before_tanking,Completed,2027-02-15,,True
22008-2/2,Tanking,CLEAR_at_or_before_tanking,Completed,2027-02-18,,True
22009-1/2,Tanking,CLEAR_at_or_before_tanking,Completed,2027-03-16,,True
22009-2/2,Tanking,CLEAR_at_or_before_tanking,Completed,2027-03-19,,True
22010-1/2,Tanking,CLEAR_at_or_before_tanking,Completed,2027-04-12,,True
22010-2/2,Tanking,CLEAR_at_or_before_tanking,Completed,2027-04-15,,True
22011-1/2,Tanking,CLEAR_at_or_before_tanking,Completed,2027-06-07,,True
22011-2/2,Tanking,CLEAR_at_or_before_tanking,Completed,2027-06-10,,True
22012-1/2,Tanking,CLEAR_at_or_before_tanking,Completed,2027-06-25,,True
22012-2/2,Tanking,CLEAR_at_or_before_tanking,Completed,2027-06-30,,True
22013-1/2,Tanking,CLEAR_at_or_before_tanking,Completed,2027-07-13,,True
22013-2/2,Tanking,CLEAR_at_or_before_tanking,Completed,2027-07-16,,True
22014-1/2,Tanking,CLEAR_at_or_before_tanking,Completed,2027-08-23,,True
22014-2/2,Tanking,CLEAR_at_or_before_tanking,Completed,2027-08-26,,True
22015-1/2,Tanking,CLEAR_at_or_before_tanking,Completed,2027-09-14,,True
22015-2/2,Tanking,CLEAR_at_or_before_tanking,Completed,2027-09-17,,True
22016-1/2,Tanking,CLEAR_at_or_before_tanking,Completed,2027-10-18,,True
22016-2/2,Tanking,CLEAR_at_or_before_tanking,Completed,2027-10-22,,True
22017-1/3,Tanking,CLEAR_at_or_before_tanking,Completed,2026-09-14,Assemblage,True
22017-2/3,Tanking,CLEAR_at_or_before_tanking,Completed,2026-09-14,Assemblage,True
22017-3/3,Tanking,CLEAR_at_or_before_tanking,Completed,2026-09-15,Assemblage,True
22018-1/1,Tanking,CLEAR_at_or_before_tanking,Completed,2027-03-30,,True
22019-1/1,Tanking,CLEAR_at_or_before_tanking,Completed,2027-04-01,,True
22020-1/2,Tanking,CLEAR_at_or_before_tanking,Completed,2026-12-10,,True
22020-2/2,Tanking,CLEAR_at_or_before_tanking,Completed,2026-12-15,,True
22022-1/1,Tanking,CLEAR_at_or_before_tanking,Completed,2027-11-30,,True
22022-1/1 SA,Tanking,CLEAR_at_or_before_tanking,Completed,2027-11-30,,True
22023-1/1,Tanking,CLEAR_at_or_before_tanking,Completed,2027-12-14,,True
22023-1/1 SA,Tanking,CLEAR_at_or_before_tanking,Completed,2027-12-14,,True
22024-1/1,Tanking,CLEAR_at_or_before_tanking,Completed,2028-01-12,,True
22024-1/1 SA,Tanking,CLEAR_at_or_before_tanking,Completed,2028-01-12,,True
22025-1/1,Tanking,CLEAR_at_or_before_tanking,Completed,2028-05-31,,True
22025-1/1 SA,Tanking,CLEAR_at_or_before_tanking,Completed,2028-05-31,,True
22026-1/1,Tanking,CLEAR_at_or_before_tanking,Completed,2028-06-21,,True
22026-1/1 SA,Tanking,CLEAR_at_or_before_tanking,Completed,2028-06-21,,True
22027-1/1,Tanking,CLEAR_at_or_before_tanking,Completed,2028-09-26,,True
22027-1/1 SA,Tanking,CLEAR_at_or_before_tanking,Completed,2028-09-26,,True
22028-1/1,Tanking,CLEAR_at_or_before_tanking,Completed,2028-10-31,,True
22028-1/1 SA,Tanking,CLEAR_at_or_before_tanking,Completed,2028-10-31,,True
22029-1/1,Tanking,CLEAR_at_or_before_tanking,Completed,2028-01-26,,True
22029-1/1 SA,Tanking,CLEAR_at_or_before_tanking,Completed,2028-01-26,,True
22030-1/1,Tanking,CLEAR_at_or_before_tanking,Completed,2028-10-03,,True
22030-1/1 SA,Tanking,CLEAR_at_or_before_tanking,Completed,2028-10-03,,True
22031-1/1,Tanking,CLEAR_at_or_before_tanking,Completed,2028-06-27,,True
22033-1/1,Tanking,CLEAR_at_or_before_tanking,Completed,2028-08-23,,True
22034-1/1,Tanking,CLEAR_at_or_before_tanking,Completed,2028-11-22,,True
22035-1/1,Tanking,CLEAR_at_or_before_tanking,Completed,2028-08-01,,True
22036-1/1,Tanking,CLEAR_at_or_before_tanking,Completed,2028-09-06,,True
22037-1/1,Tanking,CLEAR_at_or_before_tanking,Completed,2028-08-09,,True
22038-1/1,Tanking,CLEAR_at_or_before_tanking,Completed,2028-11-29,,True
22039-1/1,Tanking,CLEAR_at_or_before_tanking,Completed,2029-01-04,,True
22040-1/1,Tanking,CLEAR_at_or_before_tanking,Completed,2029-01-31,,True
22041-1/1,Tanking,CLEAR_at_or_before_tanking,Completed,2029-02-28,,True
22042-1/1,Tanking,CLEAR_at_or_before_tanking,Completed,2029-05-23,,True
22043-1/1,Tanking,CLEAR_at_or_before_tanking,Completed,2029-06-27,,True
22044-1/1,Tanking,CLEAR_at_or_before_tanking,Completed,2029-08-08,,True
22045-2/2,Tanking,CLEAR_at_or_before_tanking,Completed,2026-09-21,,True
22046-1/1,Tanking,CLEAR_at_or_before_tanking,Completed,2028-12-12,,True
22046-1/1 SA,Tanking,CLEAR_at_or_before_tanking,Completed,2028-12-12,,True
22047-1/1,Tanking,CLEAR_at_or_before_tanking,Completed,2029-07-03,,True
22047-1/1 SA,Tanking,CLEAR_at_or_before_tanking,Completed,2029-07-03,,True
22048-1/1,Tanking,CLEAR_at_or_before_tanking,Completed,2029-07-11,,True
22048-1/1 SA,Tanking,CLEAR_at_or_before_tanking,Completed,2029-07-11,,True
22049-1/1,Tanking,CLEAR_at_or_before_tanking,Completed,2029-09-26,,True
22049-1/1 SA,Tanking,CLEAR_at_or_before_tanking,Completed,2029-09-26,,True
22050-1/1,Tanking,CLEAR_at_or_before_tanking,Completed,2029-10-31,,True
22050-1/1 SA,Tanking,CLEAR_at_or_before_tanking,Completed,2029-10-31,,True
22051-1/1,Tanking,CLEAR_at_or_before_tanking,Completed,2029-02-06,,True
22051-1/1 SA,Tanking,CLEAR_at_or_before_tanking,Completed,2029-02-06,,True
22052-1/1,Tanking,CLEAR_at_or_before_tanking,Completed,2029-05-02,,True
22052-1/1 SA,Tanking,CLEAR_at_or_before_tanking,Completed,2029-05-02,,True
22053-1/1,Tanking,CLEAR_at_or_before_tanking,Completed,2029-11-20,,True
22053-1/1 SA,Tanking,CLEAR_at_or_before_tanking,Completed,2029-11-20,,True
22054-1/1,Tanking,CLEAR_at_or_before_tanking,Completed,2029-08-29,,True
22055-1/1,Tanking,CLEAR_at_or_before_tanking,Completed,2029-11-28,,True
22056-1/6,Tanking,CLEAR_at_or_before_tanking,Completed,2026-10-05,,True
22056-2/6,Tanking,CLEAR_at_or_before_tanking,Completed,2026-10-06,,True
22056-3/6,Tanking,CLEAR_at_or_before_tanking,Completed,2026-10-06,,True
22056-4/6,Tanking,CLEAR_at_or_before_tanking,Completed,2026-10-08,,True
22056-5/6,Tanking,CLEAR_at_or_before_tanking,Completed,2026-10-13,,True
22056-6/6,Tanking,CLEAR_at_or_before_tanking,Completed,2026-10-14,,True
22057-1/9,Tanking,CLEAR_at_or_before_tanking,Completed,2026-10-16,,True
22057-2/9,Tanking,CLEAR_at_or_before_tanking,Completed,2026-10-16,,True
22057-3/9,Tanking,CLEAR_at_or_before_tanking,Completed,2026-10-19,,True
22057-4/9,Tanking,CLEAR_at_or_before_tanking,Completed,2026-10-20,,True
22057-5/9,Tanking,CLEAR_at_or_before_tanking,Completed,2026-10-20,,True
22057-6/9,Tanking,CLEAR_at_or_before_tanking,Completed,2026-10-21,,True
22057-7/9,Tanking,CLEAR_at_or_before_tanking,Completed,2026-10-21,,True
22057-8/9,Tanking,CLEAR_at_or_before_tanking,Completed,2026-10-22,,True
22057-9/9,Tanking,CLEAR_at_or_before_tanking,Completed,2026-10-23,,True
22058-1/1,Tanking,CLEAR_at_or_before_tanking,Completed,2029-05-08,,True
22059-1/1,Tanking,CLEAR_at_or_before_tanking,Completed,2029-10-02,,True
22060-1/1,Tanking,CLEAR_at_or_before_tanking,Completed,2029-11-06,,True
22061-1/1,Tanking,CLEAR_at_or_before_tanking,Completed,2029-03-28,,True
22062-1/1,Tanking,CLEAR_at_or_before_tanking,Completed,2029-05-29,,True
22063-1/1,Tanking,CLEAR_at_or_before_tanking,Completed,2026-10-14,,True
22064-1/2,Tanking,CLEAR_at_or_before_tanking,Completed,2026-10-20,,True
22064-2/2,Tanking,CLEAR_at_or_before_tanking,Completed,2026-10-27,,True
22066-1/2,Tanking,CLEAR_at_or_before_tanking,Completed,2027-04-19,,True
22066-2/2,Tanking,CLEAR_at_or_before_tanking,Completed,2027-04-21,,True
22068-1/4,Tanking,CLEAR_at_or_before_tanking,Completed,2026-10-05,,True
22068-2/4,Tanking,CLEAR_at_or_before_tanking,Completed,2026-10-05,,True
22068-3/4,Tanking,CLEAR_at_or_before_tanking,Completed,2026-10-05,,True
22068-4/4,Tanking,CLEAR_at_or_before_tanking,Completed,2026-10-06,,True
22069-1/10,Tanking,CLEAR_at_or_before_tanking,Completed,2026-10-06,,True
22069-10/10,Tanking,CLEAR_at_or_before_tanking,Completed,2026-10-19,,True
22069-2/10,Tanking,CLEAR_at_or_before_tanking,Completed,2026-10-08,,True
22069-3/10,Tanking,CLEAR_at_or_before_tanking,Completed,2026-10-08,,True
22069-4/10,Tanking,CLEAR_at_or_before_tanking,Completed,2026-10-09,,True
22069-5/10,Tanking,CLEAR_at_or_before_tanking,Completed,2026-10-13,,True
22069-6/10,Tanking,CLEAR_at_or_before_tanking,Completed,2026-10-14,,True
22069-7/10,Tanking,CLEAR_at_or_before_tanking,Completed,2026-10-14,,True
22069-8/10,Tanking,CLEAR_at_or_before_tanking,Completed,2026-10-15,,True
22069-9/10,Tanking,CLEAR_at_or_before_tanking,Completed,2026-10-16,,True
22070-1/8,Tanking,CLEAR_at_or_before_tanking,Completed,2026-10-19,,True
22070-2/8,Tanking,CLEAR_at_or_before_tanking,Completed,2026-10-19,,True
22070-3/8,Tanking,CLEAR_at_or_before_tanking,Completed,2026-10-21,,True
22070-4/8,Tanking,CLEAR_at_or_before_tanking,Completed,2026-10-21,,True
22070-5/8,Tanking,CLEAR_at_or_before_tanking,Completed,2026-10-22,,True
22070-6/8,Tanking,CLEAR_at_or_before_tanking,Completed,2026-10-22,,True
22070-7/8,Tanking,CLEAR_at_or_before_tanking,Completed,2026-10-23,,True
22070-8/8,Tanking,CLEAR_at_or_before_tanking,Completed,2026-10-23,,True
22071-1/8,Tanking,CLEAR_at_or_before_tanking,Completed,2026-10-23,,True
22071-2/8,Tanking,CLEAR_at_or_before_tanking,Completed,2026-10-27,,True
22071-3/8,Tanking,CLEAR_at_or_before_tanking,Completed,2026-10-27,,True
22071-4/8,Tanking,CLEAR_at_or_before_tanking,Completed,2026-10-27,,True
22071-5/8,Tanking,CLEAR_at_or_before_tanking,Completed,2026-10-29,,True
22071-6/8,Tanking,CLEAR_at_or_before_tanking,Completed,2026-10-29,,True
22071-7/8,Tanking,CLEAR_at_or_before_tanking,Completed,2026-11-02,,True
22071-8/8,Tanking,CLEAR_at_or_before_tanking,Completed,2026-11-02,,True
22072-1/2,Tanking,CLEAR_at_or_before_tanking,Completed,2026-11-02,,True
22072-2/2,Tanking,CLEAR_at_or_before_tanking,Completed,2026-11-02,,True
22073-1/8,Tanking,CLEAR_at_or_before_tanking,Completed,2027-04-05,,True
22073-2/8,Tanking,CLEAR_at_or_before_tanking,Completed,2027-04-05,,True
22073-3/8,Tanking,CLEAR_at_or_before_tanking,Completed,2027-04-05,,True
22073-4/8,Tanking,CLEAR_at_or_before_tanking,Completed,2027-04-07,,True
22073-5/8,Tanking,CLEAR_at_or_before_tanking,Completed,2027-04-07,,True
22073-6/8,Tanking,CLEAR_at_or_before_tanking,Completed,2027-04-07,,True
22073-7/8,Tanking,CLEAR_at_or_before_tanking,Completed,2027-04-09,,True
22073-8/8,Tanking,CLEAR_at_or_before_tanking,Completed,2027-04-09,,True
22074-1/4,Tanking,CLEAR_at_or_before_tanking,Completed,2027-04-09,,True
22074-2/4,Tanking,CLEAR_at_or_before_tanking,Completed,2027-04-12,,True
22074-3/4,Tanking,CLEAR_at_or_before_tanking,Completed,2027-04-14,,True
22074-4/4,Tanking,CLEAR_at_or_before_tanking,Completed,2027-04-14,,True
22075-1/8,Tanking,CLEAR_at_or_before_tanking,Completed,2027-04-13,,True
22075-2/8,Tanking,CLEAR_at_or_before_tanking,Completed,2027-04-13,,True
22075-3/8,Tanking,CLEAR_at_or_before_tanking,Completed,2027-04-13,,True
22075-4/8,Tanking,CLEAR_at_or_before_tanking,Completed,2027-04-16,,True
22075-5/8,Tanking,CLEAR_at_or_before_tanking,Completed,2027-04-16,,True
22075-6/8,Tanking,CLEAR_at_or_before_tanking,Completed,2027-04-16,,True
22075-7/8,Tanking,CLEAR_at_or_before_tanking,Completed,2027-04-19,,True
22075-8/8,Tanking,CLEAR_at_or_before_tanking,Completed,2027-04-19,,True
22076-1/4,Tanking,CLEAR_at_or_before_tanking,Completed,2027-04-06,,True
22076-2/4,Tanking,CLEAR_at_or_before_tanking,Completed,2027-04-08,,True
22076-3/4,Tanking,CLEAR_at_or_before_tanking,Completed,2027-04-13,,True
22076-4/4,Tanking,CLEAR_at_or_before_tanking,Completed,2027-04-15,,True
22077-1/4,Tanking,CLEAR_at_or_before_tanking,Completed,2027-04-19,,True
22077-2/4,Tanking,CLEAR_at_or_before_tanking,Completed,2027-04-21,,True
22077-3/4,Tanking,CLEAR_at_or_before_tanking,Completed,2027-04-23,,True
22077-4/4,Tanking,CLEAR_at_or_before_tanking,Completed,2027-04-26,,True
22078-1/1,Tanking,CLEAR_at_or_before_tanking,Completed,2026-10-26,,True
22079-1/1,Tanking,CLEAR_at_or_before_tanking,Completed,2027-04-27,,True
22080-1/3,Tanking,CLEAR_at_or_before_tanking,Completed,2027-04-06,,True
22080-2/3,Tanking,CLEAR_at_or_before_tanking,Completed,2027-04-09,,True
22080-3/3,Tanking,CLEAR_at_or_before_tanking,Completed,2027-04-14,,True
22081-1/2,Tanking,CLEAR_at_or_before_tanking,Completed,2027-01-06,,True
22081-2/2,Tanking,CLEAR_at_or_before_tanking,Completed,2027-01-13,,True
22082-1/2,Tanking,CLEAR_at_or_before_tanking,Completed,2027-01-19,,True
22082-2/2,Tanking,CLEAR_at_or_before_tanking,Completed,2027-01-19,,True
22083-1/2,Tanking,CLEAR_at_or_before_tanking,Completed,2026-10-30,,True
22083-2/2,Tanking,CLEAR_at_or_before_tanking,Completed,2026-11-03,,True
22084-1/2,Tanking,CLEAR_at_or_before_tanking,Completed,2026-11-04,,True
22084-2/2,Tanking,CLEAR_at_or_before_tanking,Completed,2026-11-06,,True
22085-1/2,Tanking,CLEAR_at_or_before_tanking,Completed,2027-05-11,,True
22085-2/2,Tanking,CLEAR_at_or_before_tanking,Completed,2027-05-13,,True
22086-1/1,Tanking,CLEAR_at_or_before_tanking,Completed,2026-12-16,,True
22087-1/4,Tanking,CLEAR_at_or_before_tanking,Completed,2026-11-04,,True
22087-2/4,Tanking,CLEAR_at_or_before_tanking,Completed,2026-11-05,,True
22087-3/4,Tanking,CLEAR_at_or_before_tanking,Completed,2026-11-09,,True
22087-4/4,Tanking,CLEAR_at_or_before_tanking,Completed,2026-11-11,,True
22088-1/4,Tanking,CLEAR_at_or_before_tanking,Completed,2026-11-13,,True
22088-2/4,Tanking,CLEAR_at_or_before_tanking,Completed,2026-11-16,,True
22088-3/4,Tanking,CLEAR_at_or_before_tanking,Completed,2026-11-18,,True
22088-4/4,Tanking,CLEAR_at_or_before_tanking,Completed,2026-11-20,,True
22089-1/5,Tanking,CLEAR_at_or_before_tanking,Completed,2026-12-01,,True
22089-2/5,Tanking,CLEAR_at_or_before_tanking,Completed,2026-12-01,,True
22089-3/5,Tanking,CLEAR_at_or_before_tanking,Completed,2026-12-03,,True
22089-4/5,Tanking,CLEAR_at_or_before_tanking,Completed,2026-12-03,,True
22089-5/5,Tanking,CLEAR_at_or_before_tanking,Completed,2026-12-03,,True
22090-1/4,Tanking,CLEAR_at_or_before_tanking,Completed,2026-11-16,,True
22090-2/4,Tanking,CLEAR_at_or_before_tanking,Completed,2026-11-19,,True
22090-3/4,Tanking,CLEAR_at_or_before_tanking,Completed,2026-11-20,,True
22090-4/4,Tanking,CLEAR_at_or_before_tanking,Completed,2026-11-20,,True
22091-1/5,Tanking,CLEAR_at_or_before_tanking,Completed,2026-12-04,,True
22091-2/5,Tanking,CLEAR_at_or_before_tanking,Completed,2026-12-04,,True
22091-3/5,Tanking,CLEAR_at_or_before_tanking,Completed,2026-12-09,,True
22091-4/5,Tanking,CLEAR_at_or_before_tanking,Completed,2026-12-09,,True
22091-5/5,Tanking,CLEAR_at_or_before_tanking,Completed,2026-12-10,,True
22092-1/8,Tanking,CLEAR_at_or_before_tanking,Completed,2027-05-06,,True
22092-2/8,Tanking,CLEAR_at_or_before_tanking,Completed,2027-05-06,,True
22092-3/8,Tanking,CLEAR_at_or_before_tanking,Completed,2027-05-11,,True
22092-4/8,Tanking,CLEAR_at_or_before_tanking,Completed,2027-05-11,,True
22092-5/8,Tanking,CLEAR_at_or_before_tanking,Completed,2027-05-11,,True
22092-6/8,Tanking,CLEAR_at_or_before_tanking,Completed,2027-05-13,,True
22092-7/8,Tanking,CLEAR_at_or_before_tanking,Completed,2027-05-13,,True
22092-8/8,Tanking,CLEAR_at_or_before_tanking,Completed,2027-05-13,,True
22093-1/4,Tanking,CLEAR_at_or_before_tanking,Completed,2027-05-07,,True
22093-2/4,Tanking,CLEAR_at_or_before_tanking,Completed,2027-05-10,,True
22093-3/4,Tanking,CLEAR_at_or_before_tanking,Completed,2027-05-12,,True
22093-4/4,Tanking,CLEAR_at_or_before_tanking,Completed,2027-05-14,,True
22094-1/8,Tanking,CLEAR_at_or_before_tanking,Completed,2027-05-17,,True
22094-2/8,Tanking,CLEAR_at_or_before_tanking,Completed,2027-05-17,,True
22094-3/8,Tanking,CLEAR_at_or_before_tanking,Completed,2027-05-19,,True
22094-4/8,Tanking,CLEAR_at_or_before_tanking,Completed,2027-05-19,,True
22094-5/8,Tanking,CLEAR_at_or_before_tanking,Completed,2027-05-19,,True
22094-6/8,Tanking,CLEAR_at_or_before_tanking,Completed,2027-05-21,,True
22094-7/8,Tanking,CLEAR_at_or_before_tanking,Completed,2027-05-21,,True
22094-8/8,Tanking,CLEAR_at_or_before_tanking,Completed,2027-05-21,,True
22095-1/4,Tanking,CLEAR_at_or_before_tanking,Completed,2027-05-18,,True
22095-2/4,Tanking,CLEAR_at_or_before_tanking,Completed,2027-05-18,,True
22095-3/4,Tanking,CLEAR_at_or_before_tanking,Completed,2027-05-20,,True
22095-4/4,Tanking,CLEAR_at_or_before_tanking,Completed,2027-05-20,,True
22096-1/4,Tanking,CLEAR_at_or_before_tanking,Completed,2027-05-26,,True
22096-2/4,Tanking,CLEAR_at_or_before_tanking,Completed,2027-05-26,,True
22096-3/4,Tanking,CLEAR_at_or_before_tanking,Completed,2027-05-28,,True
22096-4/4,Tanking,CLEAR_at_or_before_tanking,Completed,2027-05-28,,True
22097-1/5,Tanking,CLEAR_at_or_before_tanking,Completed,2026-11-25,,True
22097-2/5,Tanking,CLEAR_at_or_before_tanking,Completed,2026-12-01,,True
22097-3/5,Tanking,CLEAR_at_or_before_tanking,Completed,2026-12-04,,True
22097-4/5,Tanking,CLEAR_at_or_before_tanking,Completed,2026-12-09,,True
22097-5/5,Tanking,CLEAR_at_or_before_tanking,Completed,2026-12-11,,True
22098-1/1,Tanking,CLEAR_at_or_before_tanking,Completed,2028-06-06,,True
22098-1/1 SA,Tanking,CLEAR_at_or_before_tanking,Completed,2028-06-06,,True
22099-1/1,Tanking,CLEAR_at_or_before_tanking,Completed,2028-11-07,,True
22099-1/1 SA,Tanking,CLEAR_at_or_before_tanking,Completed,2028-11-07,,True
22100-1/2,Tanking,CLEAR_at_or_before_tanking,Completed,2026-12-02,,True
22100-2/2,Tanking,CLEAR_at_or_before_tanking,Completed,2026-12-08,,True
22101-1/1,Tanking,CLEAR_at_or_before_tanking,Completed,2026-11-24,,True
22102-1/1,Tanking,CLEAR_at_or_before_tanking,Completed,2027-03-01,,True
22103-1/1,Tanking,CLEAR_at_or_before_tanking,Completed,2030-03-05,,True
22104-1/1,Tanking,CLEAR_at_or_before_tanking,Completed,2030-05-29,,True
22105-1/1,Tanking,CLEAR_at_or_before_tanking,Completed,2026-09-14,Bobinage,True
22106-1/29,Tanking,CLEAR_at_or_before_tanking,Completed,2026-11-19,,True
22106-10/29,Tanking,CLEAR_at_or_before_tanking,Completed,2026-11-25,,True
22106-11/29,Tanking,CLEAR_at_or_before_tanking,Completed,2026-11-25,,True
22106-12/29,Tanking,CLEAR_at_or_before_tanking,Completed,2026-11-25,,True
22106-13/29,Tanking,CLEAR_at_or_before_tanking,Completed,2026-11-26,,True
22106-14/29,Tanking,CLEAR_at_or_before_tanking,Completed,2026-11-26,,True
22106-15/29,Tanking,CLEAR_at_or_before_tanking,Completed,2026-11-26,,True
22106-16/29,Tanking,CLEAR_at_or_before_tanking,Completed,2026-11-27,,True
22106-17/29,Tanking,CLEAR_at_or_before_tanking,Completed,2026-11-27,,True
22106-18/29,Tanking,CLEAR_at_or_before_tanking,Completed,2026-11-27,,True
22106-19/29,Tanking,CLEAR_at_or_before_tanking,Completed,2026-11-30,,True
22106-2/29,Tanking,CLEAR_at_or_before_tanking,Completed,2026-11-19,,True
22106-20/29,Tanking,CLEAR_at_or_before_tanking,Completed,2026-11-30,,True
22106-21/29,Tanking,CLEAR_at_or_before_tanking,Completed,2026-12-01,,True
22106-22/29,Tanking,CLEAR_at_or_before_tanking,Completed,2026-12-02,,True
22106-23/29,Tanking,CLEAR_at_or_before_tanking,Completed,2026-12-02,,True
22106-24/29,Tanking,CLEAR_at_or_before_tanking,Completed,2026-12-04,,True
22106-25/29,Tanking,CLEAR_at_or_before_tanking,Completed,2026-12-07,,True
22106-26/29,Tanking,CLEAR_at_or_before_tanking,Completed,2026-12-08,,True
22106-27/29,Tanking,CLEAR_at_or_before_tanking,Completed,2026-12-08,,True
22106-28/29,Tanking,CLEAR_at_or_before_tanking,Completed,2026-12-09,,True
22106-29/29,Tanking,CLEAR_at_or_before_tanking,Completed,2026-12-10,,True
22106-3/29,Tanking,CLEAR_at_or_before_tanking,Completed,2026-11-20,,True
22106-4/29,Tanking,CLEAR_at_or_before_tanking,Completed,2026-11-23,,True
22106-5/29,Tanking,CLEAR_at_or_before_tanking,Completed,2026-11-23,,True
22106-6/29,Tanking,CLEAR_at_or_before_tanking,Completed,2026-11-23,,True
22106-7/29,Tanking,CLEAR_at_or_before_tanking,Completed,2026-11-24,,True
22106-8/29,Tanking,CLEAR_at_or_before_tanking,Completed,2026-11-24,,True
22106-9/29,Tanking,CLEAR_at_or_before_tanking,Completed,2026-11-24,,True
22107-1/1,Tanking,CLEAR_at_or_before_tanking,Completed,2029-03-07,,True
22107-1/1 SA,Tanking,CLEAR_at_or_before_tanking,Completed,2029-03-07,,True
22108-1/1,Tanking,CLEAR_at_or_before_tanking,Completed,2029-06-06,,True
22108-1/1 SA,Tanking,CLEAR_at_or_before_tanking,Completed,2029-06-06,,True
22109-1/1,Tanking,CLEAR_at_or_before_tanking,Completed,2026-12-16,,True
22110-1/1,Tanking,CLEAR_at_or_before_tanking,Completed,2029-03-13,,True
22110-1/1 SA,Tanking,CLEAR_at_or_before_tanking,Completed,2029-03-13,,True
22111-1/10,Tanking,CLEAR_at_or_before_tanking,Completed,2026-11-04,,True
22111-10/10,Tanking,CLEAR_at_or_before_tanking,Completed,2026-11-27,,True
22111-2/10,Tanking,CLEAR_at_or_before_tanking,Completed,2026-11-05,,True
22111-3/10,Tanking,CLEAR_at_or_before_tanking,Completed,2026-11-09,,True
22111-4/10,Tanking,CLEAR_at_or_before_tanking,Completed,2026-11-10,,True
22111-5/10,Tanking,CLEAR_at_or_before_tanking,Completed,2026-11-12,,True
22111-6/10,Tanking,CLEAR_at_or_before_tanking,Completed,2026-11-16,,True
22111-7/10,Tanking,CLEAR_at_or_before_tanking,Completed,2026-11-17,,True
22111-8/10,Tanking,CLEAR_at_or_before_tanking,Completed,2026-11-23,,True
22111-9/10,Tanking,CLEAR_at_or_before_tanking,Completed,2026-11-25,,True
22112-1/3,Tanking,CLEAR_at_or_before_tanking,Completed,2026-11-10,,True
22112-2/3,Tanking,CLEAR_at_or_before_tanking,Completed,2026-11-12,,True
22112-3/3,Tanking,CLEAR_at_or_before_tanking,Completed,2026-11-13,,True
22113-1/1,Tanking,CLEAR_at_or_before_tanking,Completed,2027-05-03,,True
22114-1/3,Tanking,CLEAR_at_or_before_tanking,Completed,2027-05-05,,True
22114-2/3,Tanking,CLEAR_at_or_before_tanking,Completed,2027-05-07,,True
22114-3/3,Tanking,CLEAR_at_or_before_tanking,Completed,2027-05-12,,True
22115-1/1,Tanking,CLEAR_at_or_before_tanking,Completed,2027-05-14,,True
22116-1/1,Tanking,CLEAR_at_or_before_tanking,Completed,2027-05-17,,True
22117-1/2,Tanking,CLEAR_at_or_before_tanking,Completed,2026-12-14,,True
22117-2/2,Tanking,CLEAR_at_or_before_tanking,Completed,2026-12-17,,True
22118-1/4,Tanking,CLEAR_at_or_before_tanking,Completed,2026-12-08,,True
22118-2/4,Tanking,CLEAR_at_or_before_tanking,Completed,2026-12-15,,True
22118-3/4,Tanking,CLEAR_at_or_before_tanking,Completed,2026-12-15,,True
22118-4/4,Tanking,CLEAR_at_or_before_tanking,Completed,2026-12-16,,True
22119-1/4,Tanking,CLEAR_at_or_before_tanking,Completed,2027-01-05,,True
22119-2/4,Tanking,CLEAR_at_or_before_tanking,Completed,2027-01-07,,True
22119-3/4,Tanking,CLEAR_at_or_before_tanking,Completed,2027-01-19,,True
22119-4/4,Tanking,CLEAR_at_or_before_tanking,Completed,2027-01-21,,True
22120-1/2,Tanking,CLEAR_at_or_before_tanking,Completed,2027-01-12,,True
22120-2/2,Tanking,CLEAR_at_or_before_tanking,Completed,2027-01-19,,True
22121-1/8,Tanking,CLEAR_at_or_before_tanking,Completed,2026-12-16,,True
22121-2/8,Tanking,CLEAR_at_or_before_tanking,Completed,2026-12-18,,True
22121-3/8,Tanking,CLEAR_at_or_before_tanking,Completed,2026-12-18,,True
22121-4/8,Tanking,CLEAR_at_or_before_tanking,Completed,2026-12-18,,True
22121-5/8,Tanking,CLEAR_at_or_before_tanking,Completed,2026-12-21,,True
22121-6/8,Tanking,CLEAR_at_or_before_tanking,Completed,2026-12-21,,True
22121-7/8,Tanking,CLEAR_at_or_before_tanking,Completed,2026-12-21,,True
22121-8/8,Tanking,CLEAR_at_or_before_tanking,Completed,2026-12-21,,True
22122-1/2,Tanking,CLEAR_at_or_before_tanking,Completed,2026-12-07,,True
22122-2/2,Tanking,CLEAR_at_or_before_tanking,Completed,2026-12-10,,True
22123-1/2,Tanking,CLEAR_at_or_before_tanking,Completed,2026-12-18,,True
22123-2/2,Tanking,CLEAR_at_or_before_tanking,Completed,2026-12-18,,True
22124-1/8,Tanking,CLEAR_at_or_before_tanking,Completed,2027-06-21,,True
22124-2/8,Tanking,CLEAR_at_or_before_tanking,Completed,2027-06-21,,True
22124-3/8,Tanking,CLEAR_at_or_before_tanking,Completed,2027-06-21,,True
22124-4/8,Tanking,CLEAR_at_or_before_tanking,Completed,2027-06-21,,True
22124-5/8,Tanking,CLEAR_at_or_before_tanking,Completed,2027-06-25,,True
22124-6/8,Tanking,CLEAR_at_or_before_tanking,Completed,2027-06-25,,True
22124-7/8,Tanking,CLEAR_at_or_before_tanking,Completed,2027-06-25,,True
22124-8/8,Tanking,CLEAR_at_or_before_tanking,Completed,2027-06-25,,True
22125-1/4,Tanking,CLEAR_at_or_before_tanking,Completed,2027-06-28,,True
22125-2/4,Tanking,CLEAR_at_or_before_tanking,Completed,2027-06-28,,True
22125-3/4,Tanking,CLEAR_at_or_before_tanking,Completed,2027-07-02,,True
22125-4/4,Tanking,CLEAR_at_or_before_tanking,Completed,2027-07-02,,True
22126-1/8,Tanking,CLEAR_at_or_before_tanking,Completed,2027-07-06,,True
22126-2/8,Tanking,CLEAR_at_or_before_tanking,Completed,2027-07-06,,True
22126-3/8,Tanking,CLEAR_at_or_before_tanking,Completed,2027-07-06,,True
22126-4/8,Tanking,CLEAR_at_or_before_tanking,Completed,2027-07-06,,True
22126-5/8,Tanking,CLEAR_at_or_before_tanking,Completed,2027-07-09,,True
22126-6/8,Tanking,CLEAR_at_or_before_tanking,Completed,2027-07-09,,True
22126-7/8,Tanking,CLEAR_at_or_before_tanking,Completed,2027-07-09,,True
22126-8/8,Tanking,CLEAR_at_or_before_tanking,Completed,2027-07-09,,True
22127-1/4,Tanking,CLEAR_at_or_before_tanking,Completed,2027-06-23,,True
22127-2/4,Tanking,CLEAR_at_or_before_tanking,Completed,2027-06-29,,True
22127-3/4,Tanking,CLEAR_at_or_before_tanking,Completed,2027-06-30,,True
22127-4/4,Tanking,CLEAR_at_or_before_tanking,Completed,2027-07-07,,True
22128-1/4,Tanking,CLEAR_at_or_before_tanking,Completed,2027-06-29,,True
22128-2/4,Tanking,CLEAR_at_or_before_tanking,Completed,2027-07-02,,True
22128-3/4,Tanking,CLEAR_at_or_before_tanking,Completed,2027-07-05,,True
22128-4/4,Tanking,CLEAR_at_or_before_tanking,Completed,2027-07-08,,True
22129-1/4,Tanking,CLEAR_at_or_before_tanking,Completed,2027-01-18,,True
22129-2/4,Tanking,CLEAR_at_or_before_tanking,Completed,2027-01-20,,True
22129-3/4,Tanking,CLEAR_at_or_before_tanking,Completed,2027-01-21,,True
22129-4/4,Tanking,CLEAR_at_or_before_tanking,Completed,2027-01-22,,True
22130-1/3,Tanking,CLEAR_at_or_before_tanking,Completed,2027-01-05,,True
22130-2/3,Tanking,CLEAR_at_or_before_tanking,Completed,2027-01-11,,True
22130-3/3,Tanking,CLEAR_at_or_before_tanking,Completed,2027-01-14,,True
22131-1/1,Tanking,CLEAR_at_or_before_tanking,Completed,2027-04-28,,True
22132-1/1,Tanking,CLEAR_at_or_before_tanking,Completed,2027-04-30,,True
22133-1/1,Tanking,CLEAR_at_or_before_tanking,Completed,2027-02-04,,True
22134-1/2,Tanking,CLEAR_at_or_before_tanking,Completed,2027-05-04,,True
22134-2/2,Tanking,CLEAR_at_or_before_tanking,Completed,2027-05-06,,True
22135-1/2,Tanking,CLEAR_at_or_before_tanking,Completed,2027-05-25,,True
22135-2/2,Tanking,CLEAR_at_or_before_tanking,Completed,2027-05-27,,True
22136-1/1,Tanking,CLEAR_at_or_before_tanking,Completed,2027-01-18,,True
E21017CC-1/1,Tanking,CLEAR_at_or_before_tanking,Completed,2027-05-31,,True
P21911_A-1/1,Tanking,CLEAR_at_or_before_tanking,Completed,2026-10-22,,True
P21911_B-1/1,Tanking,CLEAR_at_or_before_tanking,Completed,2026-10-23,,True
20164W2-1/1,Tanking,KEEP_past_tanking,Completed,2026-07-21,Extérieur,True
21040W2-1/1,Tanking,KEEP_past_tanking,Completed,2026-08-12,Finition,True
21050W1-1/1,Tanking,KEEP_past_tanking,Completed,2026-08-21,Extérieur,True
21386-2/2,Tanking,KEEP_past_tanking,Completed,2026-05-22,Extérieur,True
21387-3/6,Tanking,KEEP_past_tanking,Completed,2026-08-17,Livraison,False
21407-2/3,Tanking,KEEP_past_tanking,Completed,2026-08-12,Livraison,False
21408-1/1,Tanking,KEEP_past_tanking,Completed,2026-04-23,Livraison,False
21408-1/1 SA,Tanking,KEEP_past_tanking,Completed,2026-04-23,Livraison,False
21499-1/3,Tanking,KEEP_past_tanking,Completed,2026-08-24,Test,True
21499-1/3 SA,Tanking,KEEP_past_tanking,Completed,2026-08-24,Test,True
21611-1/1,Tanking,KEEP_past_tanking,Completed,2026-05-29,Finition,True
21611-1/1 SA,Tanking,KEEP_past_tanking,Completed,2026-05-29,Finition,True
21657-1/1,Tanking,KEEP_past_tanking,Completed,2026-07-23,Test,True
21776-1/1,Tanking,KEEP_past_tanking,Completed,2026-08-12,Livraison,False
21777-1/1,Tanking,KEEP_past_tanking,Completed,2026-09-16,Finition,True
21786-10/14,Tanking,KEEP_past_tanking,Completed,2026-07-23,Livraison,False
21786-11/14,Tanking,KEEP_past_tanking,Completed,2026-07-23,Livraison,False
21786-12/14,Tanking,KEEP_past_tanking,Completed,2026-07-23,Livraison,False
21786-13/14,Tanking,KEEP_past_tanking,Completed,2026-07-24,Livraison,False
21786-14/14,Tanking,KEEP_past_tanking,Completed,2026-07-24,Livraison,False
21786-9/14,Tanking,KEEP_past_tanking,Completed,2026-07-22,Livraison,False
21787-1/5,Tanking,KEEP_past_tanking,Completed,2026-07-24,Livraison,False
21787-2/5,Tanking,KEEP_past_tanking,Completed,2026-07-24,Livraison,False
21787-3/5,Tanking,KEEP_past_tanking,Completed,2026-08-10,Livraison,False
21787-4/5,Tanking,KEEP_past_tanking,Completed,2026-08-10,Livraison,False
21787-5/5,Tanking,KEEP_past_tanking,Completed,2026-08-10,Livraison,False
21789-5/5,Tanking,KEEP_past_tanking,Completed,2026-08-12,Livraison,False
21792-1/5,Tanking,KEEP_past_tanking,Completed,2026-08-25,Livraison,False
21792-2/5,Tanking,KEEP_past_tanking,Completed,2026-08-26,Livraison,False
21792-3/5,Tanking,KEEP_past_tanking,Completed,2026-08-26,Livraison,False
21792-4/5,Tanking,KEEP_past_tanking,Completed,2026-08-27,Livraison,False
21792-5/5,Tanking,KEEP_past_tanking,Completed,2026-08-28,Extérieur,True
21793-1/5,Tanking,KEEP_past_tanking,Completed,2026-08-28,Extérieur,True
21793-2/5,Tanking,KEEP_past_tanking,Completed,2026-09-01,Finition,True
21794-1/5,Tanking,KEEP_past_tanking,Completed,2026-08-24,Extérieur,True
21794-2/5,Tanking,KEEP_past_tanking,Completed,2026-08-24,Extérieur,True
21794-3/5,Tanking,KEEP_past_tanking,Completed,2026-08-27,Extérieur,True
21794-4/5,Tanking,KEEP_past_tanking,Completed,2026-08-28,Extérieur,True
21794-5/5,Tanking,KEEP_past_tanking,Completed,2026-08-31,Extérieur,True
21803-1/8,Tanking,KEEP_past_tanking,Completed,2026-08-21,Livraison,False
21803-2/8,Tanking,KEEP_past_tanking,Completed,2026-08-24,Livraison,False
21803-3/8,Tanking,KEEP_past_tanking,Completed,2026-08-25,Livraison,False
21803-4/8,Tanking,KEEP_past_tanking,Completed,2026-08-25,Livraison,False
21803-5/8,Tanking,KEEP_past_tanking,Completed,2026-08-26,Finition,True
21803-6/8,Tanking,KEEP_past_tanking,Completed,2026-09-02,Test,True
21813-1/1,Tanking,KEEP_past_tanking,Completed,2026-08-11,Livraison,False
21814-1/11,Tanking,KEEP_past_tanking,Completed,2026-07-16,Extérieur,True
21838-1/5,Tanking,KEEP_past_tanking,Completed,2026-08-13,Livraison,False
21838-2/5,Tanking,KEEP_past_tanking,Completed,2026-08-14,Livraison,False
21838-3/5,Tanking,KEEP_past_tanking,Completed,2026-08-18,Livraison,False
21838-4/5,Tanking,KEEP_past_tanking,Completed,2026-08-20,Livraison,False
21838-5/5,Tanking,KEEP_past_tanking,Completed,2026-08-21,Livraison,False
21839-10/10,Tanking,KEEP_past_tanking,Completed,2026-08-21,Livraison,False
21839-6/10,Tanking,KEEP_past_tanking,Completed,2026-08-10,Livraison,False
21839-7/10,Tanking,KEEP_past_tanking,Completed,2026-08-11,Livraison,False
21839-8/10,Tanking,KEEP_past_tanking,Completed,2026-08-11,Livraison,False
21839-9/10,Tanking,KEEP_past_tanking,Completed,2026-08-12,Livraison,False
21840-1/10,Tanking,KEEP_past_tanking,Completed,2026-08-17,Livraison,False
21840-2/10,Tanking,KEEP_past_tanking,Completed,2026-08-17,Livraison,False
21840-3/10,Tanking,KEEP_past_tanking,Completed,2026-08-18,Livraison,False
21840-4/10,Tanking,KEEP_past_tanking,Completed,2026-08-18,Livraison,False
21840-5/10,Tanking,KEEP_past_tanking,Completed,2026-08-19,Livraison,False
21840-6/10,Tanking,KEEP_past_tanking,Completed,2026-08-20,Livraison,False
21840-7/10,Tanking,KEEP_past_tanking,Completed,2026-08-20,Livraison,False
21840-8/10,Tanking,KEEP_past_tanking,Completed,2026-08-21,Livraison,False
21840-9/10,Tanking,KEEP_past_tanking,Completed,2026-08-24,Livraison,False
21844-1/1,Tanking,KEEP_past_tanking,Completed,2026-08-17,Livraison,False
21845-1/1,Tanking,KEEP_past_tanking,Completed,2026-08-17,Livraison,False
21846-1/1,Tanking,KEEP_past_tanking,Completed,2026-08-19,Livraison,False
21847-1/1,Tanking,KEEP_past_tanking,Completed,2026-09-01,Test,True
21850-1/2,Tanking,KEEP_past_tanking,Completed,2026-08-19,Livraison,False
21850-2/2,Tanking,KEEP_past_tanking,Completed,2026-08-20,Livraison,False
21881-1/2,Tanking,KEEP_past_tanking,Completed,2026-07-08,Livraison,False
21881-2/2,Tanking,KEEP_past_tanking,Completed,2026-07-09,Livraison,False
21912-1/10,Tanking,KEEP_past_tanking,Completed,2026-06-03,Extérieur,True
21912-10/10,Tanking,KEEP_past_tanking,Completed,2026-06-25,Extérieur,True
21912-2/10,Tanking,KEEP_past_tanking,Completed,2026-06-08,Extérieur,True
21912-3/10,Tanking,KEEP_past_tanking,Completed,2026-06-09,Extérieur,True
21912-4/10,Tanking,KEEP_past_tanking,Completed,2026-06-11,Extérieur,True
21912-5/10,Tanking,KEEP_past_tanking,Completed,2026-06-18,Extérieur,True
21912-6/10,Tanking,KEEP_past_tanking,Completed,2026-06-19,Extérieur,True
21912-7/10,Tanking,KEEP_past_tanking,Completed,2026-06-22,Extérieur,True
21912-8/10,Tanking,KEEP_past_tanking,Completed,2026-06-23,Extérieur,True
21912-9/10,Tanking,KEEP_past_tanking,Completed,2026-06-25,Extérieur,True
21923-4/6,Tanking,KEEP_past_tanking,Completed,2026-07-08,Livraison,False
21941-1/3,Tanking,KEEP_past_tanking,Completed,2026-07-23,Livraison,False
21941-2/3,Tanking,KEEP_past_tanking,Completed,2026-08-10,Livraison,False
21941-3/3,Tanking,KEEP_past_tanking,Completed,2026-08-13,Livraison,False
21944-1/4,Tanking,KEEP_past_tanking,Completed,2026-08-12,Livraison,False
21944-2/4,Tanking,KEEP_past_tanking,Completed,2026-08-13,Livraison,False
21944-3/4,Tanking,KEEP_past_tanking,Completed,2026-08-13,Livraison,False
21944-4/4,Tanking,KEEP_past_tanking,Completed,2026-08-14,Livraison,False
21945-1/2,Tanking,KEEP_past_tanking,Completed,2026-07-17,Livraison,False
21945-2/2,Tanking,KEEP_past_tanking,Completed,2026-07-20,Livraison,False
21952-1/1,Tanking,KEEP_past_tanking,Completed,2026-07-21,Livraison,False
21965-1/4,Tanking,KEEP_past_tanking,Completed,2026-08-18,Livraison,False
21965-2/4,Tanking,KEEP_past_tanking,Completed,2026-08-18,Livraison,False
21965-3/4,Tanking,KEEP_past_tanking,Completed,2026-08-24,Livraison,False
21965-4/4,Tanking,KEEP_past_tanking,Completed,2026-08-28,Extérieur,True
21966-1/3,Tanking,KEEP_past_tanking,Completed,2026-08-11,Livraison,False
21966-2/3,Tanking,KEEP_past_tanking,Completed,2026-08-14,Livraison,False
21966-3/3,Tanking,KEEP_past_tanking,Completed,2026-08-17,Livraison,False
21967-1/5,Tanking,KEEP_past_tanking,Completed,2026-09-01,Extérieur,True
21968-1/4,Tanking,KEEP_past_tanking,Completed,2026-08-11,Livraison,False
21968-2/4,Tanking,KEEP_past_tanking,Completed,2026-08-11,Livraison,False
21968-3/4,Tanking,KEEP_past_tanking,Completed,2026-08-17,Livraison,False
21968-4/4,Tanking,KEEP_past_tanking,Completed,2026-08-20,Finition,True
21969-1/2,Tanking,KEEP_past_tanking,Completed,2026-08-26,Extérieur,True
21969-2/2,Tanking,KEEP_past_tanking,Completed,2026-08-31,Extérieur,True
21970-1/2,Tanking,KEEP_past_tanking,Completed,2026-08-31,Finition,True
21970-2/2,Tanking,KEEP_past_tanking,Completed,2026-09-01,Finition,True
21971-1/8,Tanking,KEEP_past_tanking,Completed,2026-08-27,Extérieur,True
21971-2/8,Tanking,KEEP_past_tanking,Completed,2026-08-27,Extérieur,True
21971-3/8,Tanking,KEEP_past_tanking,Completed,2026-08-27,Extérieur,True
21971-4/8,Tanking,KEEP_past_tanking,Completed,2026-08-31,Extérieur,True
21971-5/8,Tanking,KEEP_past_tanking,Completed,2026-08-31,Extérieur,True
21971-6/8,Tanking,KEEP_past_tanking,Completed,2026-09-01,Extérieur,True
21971-7/8,Tanking,KEEP_past_tanking,Completed,2026-09-02,Finition,True
21971-8/8,Tanking,KEEP_past_tanking,Completed,2026-09-02,Finition,True
22021-14/20,Tanking,KEEP_past_tanking,Completed,2026-06-30,Livraison,False
22032-1/20,Tanking,KEEP_past_tanking,Completed,2026-07-15,Livraison,False
22032-10/20,Tanking,KEEP_past_tanking,Completed,2026-08-14,Livraison,False
22032-11/20,Tanking,KEEP_past_tanking,Completed,2026-08-14,Livraison,False
22032-12/20,Tanking,KEEP_past_tanking,Completed,2026-08-18,Livraison,False
22032-13/20,Tanking,KEEP_past_tanking,Completed,2026-08-18,Livraison,False
22032-14/20,Tanking,KEEP_past_tanking,Completed,2026-08-19,Livraison,False
22032-15/20,Tanking,KEEP_past_tanking,Completed,2026-08-19,Livraison,False
22032-16/20,Tanking,KEEP_past_tanking,Completed,2026-08-19,Livraison,False
22032-17/20,Tanking,KEEP_past_tanking,Completed,2026-08-20,Livraison,False
22032-18/20,Tanking,KEEP_past_tanking,Completed,2026-08-20,Livraison,False
22032-19/20,Tanking,KEEP_past_tanking,Completed,2026-08-21,Livraison,False
22032-2/20,Tanking,KEEP_past_tanking,Completed,2026-07-16,Livraison,False
22032-20/20,Tanking,KEEP_past_tanking,Completed,2026-08-25,Livraison,False
22032-3/20,Tanking,KEEP_past_tanking,Completed,2026-07-17,Livraison,False
22032-4/20,Tanking,KEEP_past_tanking,Completed,2026-08-12,Livraison,False
22032-5/20,Tanking,KEEP_past_tanking,Completed,2026-08-12,Livraison,False
22032-6/20,Tanking,KEEP_past_tanking,Completed,2026-08-12,Livraison,False
22032-7/20,Tanking,KEEP_past_tanking,Completed,2026-08-13,Livraison,False
22032-8/20,Tanking,KEEP_past_tanking,Completed,2026-08-13,Livraison,False
22032-9/20,Tanking,KEEP_past_tanking,Completed,2026-08-13,Livraison,False
22045-1/2,Tanking,KEEP_past_tanking,Completed,2026-08-26,Test,True
