unit,verdict,list_item_status,list_delivery_end,archive_delivery_date,archive_location,archive_status,archive_archived_flag
21786-10/14,ALREADY_CORRECT,Delivered,2026-08-17,2026-08-17,LI,TE-Ao-11,Exists
21786-11/14,ALREADY_CORRECT,Delivered,2026-08-17,2026-08-17,LI,TE-Ao-12,Exists
21786-12/14,ALREADY_CORRECT,Delivered,2026-08-17,2026-08-17,LI,TE-Ao-11,
21786-14/14,ALREADY_CORRECT,Delivered,2026-08-17,2026-08-17,LI,TE-Ao-11,
21786-9/14,ALREADY_CORRECT,Delivered,2026-08-17,2026-08-17,LI,TE-Jui-24,Exists
21787-1/5,ALREADY_CORRECT,Delivered,2026-08-26,2026-08-26,LI,TE-Ao-11,
21787-2/5,ALREADY_CORRECT,Delivered,2026-08-17,2026-08-17,LI,TE-Ao-12,
21787-3/5,ALREADY_CORRECT,Delivered,2026-08-17,2026-08-17,LI,TE-Ao-14,Exists
21787-4/5,ALREADY_CORRECT,Delivered,2026-08-17,2026-08-17,LI,TE-Ao-12,Exists
21789-5/5,ALREADY_CORRECT,Delivered,2026-08-20,2026-08-20,LI,TE-Ao-17,Exists
21803-1/8,ALREADY_CORRECT,Delivered,2026-08-26,2026-08-26,LI,TE-Ao-26,Exists
21881-1/2,ALREADY_CORRECT,Delivered,2026-08-13,2026-08-13,LI,TE-Jui-15,Exists
21881-2/2,ALREADY_CORRECT,Delivered,2026-08-13,2026-08-13,LI,TE-Jui-17,Exists
21923-4/6,ALREADY_CORRECT,Delivered,2026-08-20,2026-08-20,LI,TE-Ao-17,
21941-3/3,ALREADY_CORRECT,Delivered,2026-08-26,2026-08-26,LI,TE-Ao-20,
21944-1/4,ALREADY_CORRECT,Delivered,2026-08-20,2026-08-20,LI,TE-Ao-17,Exists
21944-2/4,ALREADY_CORRECT,Delivered,2026-08-20,2026-08-20,LI,TE-Ao-19,
21944-3/4,ALREADY_CORRECT,Delivered,2026-08-20,2026-08-20,LI,TE-Ao-19,
21944-4/4,ALREADY_CORRECT,Delivered,2026-08-20,2026-08-20,LI,TE-Ao-19,Exists
21966-2/3,ALREADY_CORRECT,Delivered,2026-08-26,2026-08-26,LI,TE-Ao-26,Exists
21966-3/3,ALREADY_CORRECT,Delivered,2026-08-26,2026-08-26,LI,TE-Ao-26,Exists
21968-3/4,ALREADY_CORRECT,Delivered,2026-08-26,2026-08-26,LI,TE-Ao-26,
22032-10/20,ALREADY_CORRECT,Delivered,2026-08-25,2026-08-25,LI,TE-Ao-20,Exists
22032-11/20,ALREADY_CORRECT,Delivered,2026-08-25,2026-08-25,LI,TE-Ao-20,
22032-12/20,ALREADY_CORRECT,Delivered,2026-08-26,2026-08-26,LI,TE-Ao-24,
22032-13/20,ALREADY_CORRECT,Delivered,2026-08-26,2026-08-26,LI,TE-Ao-24,
22032-14/20,ALREADY_CORRECT,Delivered,2026-08-26,2026-08-26,LI,TE-Ao-26,
22032-15/20,ALREADY_CORRECT,Delivered,2026-08-26,2026-08-26,LI,TE-Ao-24,Exists
22032-16/20,ALREADY_CORRECT,Delivered,2026-08-26,2026-08-26,LI,TE-Ao-26,
22032-17/20,ALREADY_CORRECT,Delivered,2026-08-26,2026-08-26,LI,TE-Ao-26,Exists
22032-18/20,ALREADY_CORRECT,Delivered,2026-08-26,2026-08-26,LI,TE-Ao-24,Exists
22032-19/20,ALREADY_CORRECT,Delivered,2026-08-26,2026-08-26,LI,TE-Ao-25,
22032-4/20,ALREADY_CORRECT,Delivered,2026-08-25,2026-08-25,LI,TE-Ao-20,
22032-7/20,ALREADY_CORRECT,Delivered,2026-08-25,2026-08-25,LI,TE-Ao-24,
22032-8/20,ALREADY_CORRECT,Delivered,2026-08-25,2026-08-25,LI,TE-Ao-24,Exists
22032-9/20,ALREADY_CORRECT,Delivered,2026-08-25,2026-08-25,LI,TE-Ao-20,Exists
21792-3/5,ARCHIVE_delivery_in_FUTURE_investigate,Active,2026-09-24,2026-09-24,LI,TE-Se-2,
21792-4/5,ARCHIVE_delivery_in_FUTURE_investigate,Active,2026-09-24,2026-09-24,LI,TE-Se-2,
21387-3/6,SET_TO_DELIVERED,Active,2026-08-31,2026-08-31,LI,TE-Se-1,
21407-2/3,SET_TO_DELIVERED,Active,2026-08-24,2026-08-24,LI,TE-Ao-21,Exists
21408-1/1,SET_TO_DELIVERED,Active,2026-08-31,2026-08-31,LI,TE-Jui-16,
21408-1/1 SA,SET_TO_DELIVERED,Active,2026-08-31,2026-08-31,LI,TE-Jui-16,
21776-1/1,SET_TO_DELIVERED,Active,2026-08-28,2026-08-31,LI,TE-Ao-31,
21786-13/14,SET_TO_DELIVERED,Active,2026-08-19,2026-08-19,LI,TE-Ao-11,Exists
21787-5/5,SET_TO_DELIVERED,Active,2026-08-19,2026-08-19,LI,TE-Ao-14,
21792-1/5,SET_TO_DELIVERED,Active,2026-09-05,2026-09-02,LI,TE-Ao-31,
21792-2/5,SET_TO_DELIVERED,Active,2026-09-05,2026-09-02,LI,TE-Se-1,
21803-2/8,SET_TO_DELIVERED,Active,2026-08-27,2026-08-31,LI,TE-Ao-31,
21803-3/8,SET_TO_DELIVERED,Active,2026-09-05,2026-08-31,LI,TE-Ao-31,
21803-4/8,SET_TO_DELIVERED,Active,2026-09-05,2026-08-31,LI,EC-Ao-28,
21813-1/1,SET_TO_DELIVERED,Active,2026-08-28,2026-08-28,LI,TE-Ao-26,Exists
21838-1/5,SET_TO_DELIVERED,Active,2026-08-31,2026-08-31,LI,TE-Ao-31,
21838-2/5,SET_TO_DELIVERED,Active,2026-08-31,2026-08-31,LI,TE-Ao-28,
21838-3/5,SET_TO_DELIVERED,Active,2026-08-28,2026-08-28,LI,TE-Ao-26,
21838-4/5,SET_TO_DELIVERED,Active,2026-08-31,2026-08-31,LI,TE-Se-1,
21838-5/5,SET_TO_DELIVERED,Active,2026-08-28,2026-08-28,LI,TE-Ao-28,
21839-10/10,SET_TO_DELIVERED,Active,2026-08-31,2026-08-31,LI,TE-Ao-31,
21839-6/10,SET_TO_DELIVERED,Active,2026-08-31,2026-08-31,LI,TE-Ao-31,
21839-7/10,SET_TO_DELIVERED,Active,2026-08-28,2026-08-28,LI,TE-Ao-27,
21839-8/10,SET_TO_DELIVERED,Active,2026-08-31,2026-08-31,LI,TE-Ao-31,
21839-9/10,SET_TO_DELIVERED,Active,2026-08-28,2026-08-28,LI,TE-Ao-26,
21840-1/10,SET_TO_DELIVERED,Active,2026-08-28,2026-08-28,LI,TE-Ao-28,Exists
21840-2/10,SET_TO_DELIVERED,Active,2026-08-28,2026-08-28,LI,TE-Ao-28,
21840-3/10,SET_TO_DELIVERED,Active,2026-08-28,2026-08-28,LI,TE-Ao-27,Exists
21840-4/10,SET_TO_DELIVERED,Active,2026-08-31,2026-08-31,LI,TE-Ao-28,
21840-5/10,SET_TO_DELIVERED,Active,2026-08-31,2026-08-31,LI,TE-Ao-28,
21840-6/10,SET_TO_DELIVERED,Active,2026-08-31,2026-08-31,LI,TE-Ao-31,
21840-7/10,SET_TO_DELIVERED,Active,2026-08-28,2026-08-28,LI,TE-Ao-28,
21840-8/10,SET_TO_DELIVERED,Active,2026-08-31,2026-08-31,LI,TE-Ao-28,
21840-9/10,SET_TO_DELIVERED,Active,2026-08-31,2026-08-31,LI,TE-Ao-28,
21844-1/1,SET_TO_DELIVERED,Active,2026-09-30,2026-08-31,LI,TE-Se-1,
21845-1/1,SET_TO_DELIVERED,Active,2026-09-01,2026-08-31,LI,TE-Ao-28,
21846-1/1,SET_TO_DELIVERED,Active,2026-09-02,2026-08-31,LI,TE-Ao-31,
21850-1/2,SET_TO_DELIVERED,Active,2026-08-28,2026-08-28,LI,TE-Ao-28,Exists
21850-2/2,SET_TO_DELIVERED,Active,2026-08-28,2026-08-28,LI,TE-Ao-28,Exists
21941-1/3,SET_TO_DELIVERED,Active,2026-08-19,2026-08-19,LI,TE-Ao-12,Exists
21941-2/3,SET_TO_DELIVERED,Active,2026-08-19,2026-08-19,LI,TE-Ao-13,
21945-1/2,SET_TO_DELIVERED,Active,2026-08-31,2026-08-31,LI,TE-Jui-22,
21945-2/2,SET_TO_DELIVERED,Active,2026-08-31,2026-08-31,LI,TE-Ao-14,
21952-1/1,SET_TO_DELIVERED,Active,2026-08-31,2026-08-31,LI,TE-Ao-12,
21965-1/4,SET_TO_DELIVERED,Active,2026-08-27,2026-08-25,LI,TE-Ao-24,
21965-2/4,SET_TO_DELIVERED,Active,2026-08-27,2026-08-25,LI,TE-Ao-21,
21965-3/4,SET_TO_DELIVERED,Active,2026-08-27,2026-08-31,LI,TE-Ao-28,
21966-1/3,SET_TO_DELIVERED,Active,2026-08-19,2026-08-19,LI,TE-Ao-14,
21968-1/4,SET_TO_DELIVERED,Active,2026-08-19,2026-08-19,LI,TE-Ao-17,
21968-2/4,SET_TO_DELIVERED,Active,2026-08-19,2026-08-19,LI,TE-Ao-14,
22021-1/20,SET_TO_DELIVERED,Active,,2026-07-16,LI,EC-Jui-2,
22021-10/20,SET_TO_DELIVERED,Active,,2026-07-16,LI,EC-Jui-2,
22021-12/20,SET_TO_DELIVERED,Active,,2026-07-16,LI,EC-Jui-2,
22021-14/20,SET_TO_DELIVERED,Active,2026-08-18,2026-08-18,LI,TE-Ao-11,
22021-5/20,SET_TO_DELIVERED,Active,,2026-07-16,LI,EC-Jui-2,
22021-6/20,SET_TO_DELIVERED,Active,,2026-07-16,LI,EC-Jui-2,
22021-7/20,SET_TO_DELIVERED,Active,,2026-07-16,LI,EC-Jui-2,
22021-8/20,SET_TO_DELIVERED,Active,,2026-07-16,LI,EC-Jui-2,
22021-9/20,SET_TO_DELIVERED,Active,,2026-07-16,LI,EC-Jui-2,Exists
22032-1/20,SET_TO_DELIVERED,Active,2026-08-18,2026-08-18,LI,TE-Jui-17,
22032-2/20,SET_TO_DELIVERED,Active,2026-08-18,2026-08-18,LI,TE-Jui-21,
22032-20/20,SET_TO_DELIVERED,Active,2026-08-27,2026-08-31,LI,TE-Ao-28,
22032-3/20,SET_TO_DELIVERED,Active,2026-08-18,2026-08-18,LI,TE-Jui-22,Exists
22032-5/20,SET_TO_DELIVERED,Active,2026-08-18,2026-08-18,LI,TE-Ao-17,Exists
22032-6/20,SET_TO_DELIVERED,Active,2026-08-18,2026-08-18,LI,TE-Ao-17,Exists
E21010-1/2,SET_TO_DELIVERED,Active,,2026-08-27,LI,TE-Ao-31,
E21010-2/2,SET_TO_DELIVERED,Active,,2026-08-27,LI,TE-Ao-31,
E21014-1/1,SET_TO_DELIVERED,Active,,2026-08-31,LI,TE-Ao-31,
