"Id","Title","OData__ColorTag","Path","Modified","Created","AuthorId","EditorId","Attachments","GUID","Author_Email","Editor_Email"
"1","Rapport Cadorette","","{""Description"":""https:\/\/ermcopower.sharepoint.com\/sites\/PioneerTankMonitoring\/Shared%20Documents\/General\/SUIVI_CUVES\/CADORETTE\/Rapport%20Cadorette.xlsx"",""Url"":""https:\/\/ermcopower.sharepoint.com\/sites\/PioneerTankMonitoring\/Shared%20Documents\/General\/SUIVI_CUVES\/CADORETTE\/Rapport%20Cadorette.xlsx""}","2025-01-13T23:24:13Z","2024-03-25T19:51:44Z","75","75","False","f31e6b4e-0d14-4140-9034-a8cba26b5cd3","wmarcoux@PioneerTransformers.com","wmarcoux@PioneerTransformers.com"
"2","Rapport Frameco","","{""Description"":""https:\/\/ermcopower.sharepoint.com\/sites\/PioneerTankMonitoring\/Shared%20Documents\/General\/SUIVI_CUVES\/FRAMECO\/Rapport%20Frameco.xlsx"",""Url"":""https:\/\/ermcopower.sharepoint.com\/sites\/PioneerTankMonitoring\/Shared%20Documents\/General\/SUIVI_CUVES\/FRAMECO\/Rapport%20Frameco.xlsx""}","2025-01-13T23:24:48Z","2024-03-25T19:52:34Z","75","75","False","8a6968eb-0edf-4261-8b2f-7777b41c0801","wmarcoux@PioneerTransformers.com","wmarcoux@PioneerTransformers.com"
"3","Rapport Metelec","","{""Description"":""https:\/\/ermcopower.sharepoint.com\/sites\/PioneerTankMonitoring\/Shared%20Documents\/General\/SUIVI_CUVES\/METELEC\/Rapport%20Metelec.xlsx"",""Url"":""https:\/\/ermcopower.sharepoint.com\/sites\/PioneerTankMonitoring\/Shared%20Documents\/General\/SUIVI_CUVES\/METELEC\/Rapport%20Metelec.xlsx""}","2025-01-13T23:25:11Z","2024-03-25T19:53:19Z","75","75","False","08132937-bede-4ee6-87b2-4acae53cc06a","wmarcoux@PioneerTransformers.com","wmarcoux@PioneerTransformers.com"
"4","Rapport Morin","","{""Description"":""https:\/\/ermcopower.sharepoint.com\/sites\/PioneerTankMonitoring\/Shared%20Documents\/General\/SUIVI_CUVES\/MORIN\/Rapport%20Morin.xlsx"",""Url"":""https:\/\/ermcopower.sharepoint.com\/sites\/PioneerTankMonitoring\/Shared%20Documents\/General\/SUIVI_CUVES\/MORIN\/Rapport%20Morin.xlsx""}","2025-01-13T23:25:31Z","2024-03-25T19:54:41Z","75","75","False","a066472a-8e27-4805-b30c-b1244a3d2c1f","wmarcoux@PioneerTransformers.com","wmarcoux@PioneerTransformers.com"
"5","Rapport Sixpro","","{""Description"":""https:\/\/ermcopower.sharepoint.com\/sites\/PioneerTankMonitoring\/Shared%20Documents\/General\/SUIVI_CUVES\/SIXPRO\/Rapport%20Sixpro.xlsx"",""Url"":""https:\/\/ermcopower.sharepoint.com\/sites\/PioneerTankMonitoring\/Shared%20Documents\/General\/SUIVI_CUVES\/SIXPRO\/Rapport%20Sixpro.xlsx""}","2025-01-13T23:25:47Z","2024-03-25T19:56:10Z","75","75","False","bf2a22a8-8e20-4ef7-a558-5cb0b6aa7a4f","wmarcoux@PioneerTransformers.com","wmarcoux@PioneerTransformers.com"
"6","FRM11","","{""Description"":""https:\/\/ermcopower.sharepoint.com\/sites\/PioneerPlanificatio\/Shared%20Documents\/General\/FAB\/Achat\/Cuve\/PRO1.FRM11%20-%20Planification%20Approbation%20Cuve.xlsx"",""Url"":""https:\/\/ermcopower.sharepoint.com\/sites\/PioneerPlanificatio\/Shared%20Documents\/General\/FAB\/Achat\/Cuve\/PRO1.FRM11%20-%20Planification%20Approbation%20Cuve.xlsx""}","2025-01-13T23:32:25Z","2024-03-25T19:59:16Z","75","75","False","82e1e494-ddbf-4575-931c-ae14fa9fb26f","wmarcoux@PioneerTransformers.com","wmarcoux@PioneerTransformers.com"
"7","Rapport Falcon","","{""Description"":""https:\/\/ermcopower.sharepoint.com\/sites\/PioneerTankMonitoring\/Shared%20Documents\/General\/SUIVI_CUVES\/FALCON\/Rapport%20Falcon.xlsx"",""Url"":""https:\/\/ermcopower.sharepoint.com\/sites\/PioneerTankMonitoring\/Shared%20Documents\/General\/SUIVI_CUVES\/FALCON\/Rapport%20Falcon.xlsx""}","2024-04-09T02:13:54Z","2024-04-09T02:13:54Z","75","75","False","48ad6b26-6c1e-41c6-8811-956d9c82b8dd","wmarcoux@PioneerTransformers.com","wmarcoux@PioneerTransformers.com"
"8","FRM10-12","","{""Description"":""https:\/\/ermcopower.sharepoint.com\/sites\/PioneerPlanificatio\/Shared%20Documents\/General\/FAB\/Revue\/FRM10-12.xlsx"",""Url"":""https:\/\/ermcopower.sharepoint.com\/sites\/PioneerPlanificatio\/Shared%20Documents\/General\/FAB\/Revue\/FRM10-12.xlsx""}","2026-09-11T16:41:25Z","2024-07-30T13:58:31Z","75","106","False","d3d9252b-ac4c-4b04-91c1-fb1591fdd884","wmarcoux@PioneerTransformers.com","soleil.anker@ermco-eci.com"
"9","Archive active","","{""Description"":""https:\/\/ermcopower.sharepoint.com\/sites\/PioneerPlanificatio\/Shared%20Documents\/General\/FAB\/Archive\/Archive%20active.xlsx"",""Url"":""https:\/\/ermcopower.sharepoint.com\/sites\/PioneerPlanificatio\/Shared%20Documents\/General\/FAB\/Archive\/Archive%20active.xlsx""}","2024-07-30T16:54:12Z","2024-07-30T14:07:51Z","75","75","False","1bde70cb-fe56-4595-844d-f169e4aca016","wmarcoux@PioneerTransformers.com","wmarcoux@PioneerTransformers.com"
"11","Temps Standard","","{""Description"":""https:\/\/ermcopower.sharepoint.com\/sites\/PioneerPlanificatio\/Shared%20Documents\/General\/FAB\/Fichiers%20d'%C3%A9tude%20de%20temps\/Analyse_Temps\/Compilation_Temps_Jobs.xlsx"",""Url"":""https:\/\/ermcopower.sharepoint.com\/sites\/PioneerPlanificatio\/Shared%20Documents\/General\/FAB\/Fichiers%20d'%C3%A9tude%20de%20temps\/Analyse_Temps\/Compilation_Temps_Jobs.xlsx""}","2024-08-05T15:46:39Z","2024-08-05T15:46:39Z","75","75","False","e91f7acc-2216-4ab3-932e-203fb603c747","wmarcoux@PioneerTransformers.com","wmarcoux@PioneerTransformers.com"
"12","Archive FRM12","","{""Description"":""https:\/\/ermcopower.sharepoint.com\/sites\/PioneerPlanificatio\/Shared%20Documents\/General\/FAB\/Archive\/ARCHIVES_PRO1.FRM12%20-%20Cedule%20Prod.xlsx"",""Url"":""https:\/\/ermcopower.sharepoint.com\/sites\/PioneerPlanificatio\/Shared%20Documents\/General\/FAB\/Archive\/Vieilles%20archives\/ARCHIVES_PRO1.FRM12%20-%20Cedule%20Prod.xlsx""}","2024-08-26T14:53:04Z","2024-08-26T14:53:04Z","75","75","False","d0137813-9f2b-4510-bbc0-586442eb0cf7","wmarcoux@PioneerTransformers.com","wmarcoux@PioneerTransformers.com"
"13","FRM13","","{""Description"":""https:\/\/ermcopower.sharepoint.com\/sites\/PioneerPlanificatio\/Shared%20Documents\/General\/FAB\/Suivi\/Dessin\/PRO1.FRM13%20-%20Desplan.xlsx"",""Url"":""https:\/\/ermcopower.sharepoint.com\/sites\/PioneerPlanificatio\/Shared%20Documents\/General\/FAB\/Suivi\/Dessin\/Archives\/PRO1.FRM13%20-%20Desplan.xlsx""}","2024-10-08T12:00:36Z","2024-09-30T19:01:16Z","75","75","False","ca2f0ab1-9a10-4025-9b9d-40c22f7567c9","wmarcoux@PioneerTransformers.com","wmarcoux@PioneerTransformers.com"
"14","FRM13-Auto","","{""Description"":""https:\/\/ermcopower.sharepoint.com\/sites\/PioneerPlanificatio\/Shared%20Documents\/General\/FAB\/Suivi\/Dessin\/PRO1.FRM13%20-%20Desplan%20-%20Auto.xlsx"",""Url"":""https:\/\/ermcopower.sharepoint.com\/sites\/PioneerPlanificatio\/Shared%20Documents\/General\/FAB\/Suivi\/Dessin\/PRO1.FRM13%20-%20Desplan%20-%20Auto.xlsx""}","2025-01-07T14:28:17Z","2025-01-06T16:06:55Z","106","106","False","011d09dc-bda3-44b5-a44f-4b1f7d9cf2a3","soleil.anker@ermco-eci.com","soleil.anker@ermco-eci.com"
"15","Rapport Falcon (new)","","{""Description"":""https:\/\/ermcopower.sharepoint.com\/sites\/PioneerTankMonitoring\/Shared%20Documents\/General\/SUIVI_CUVES\/FALCON\/Rapport%20Falcon.xlsx"",""Url"":""https:\/\/ermcopower.sharepoint.com\/sites\/PioneerTankMonitoring\/Shared%20Documents\/General\/SUIVI_CUVES\/FALCON\/Rapport%20Falcon.xlsx""}","2025-01-13T23:27:52Z","2025-01-10T15:58:57Z","75","75","False","0ea459a2-a9f6-49fe-9b0a-3641edc02036","wmarcoux@PioneerTransformers.com","wmarcoux@PioneerTransformers.com"
"16","Rapport Cadorette (new)","","{""Description"":""https:\/\/ermcopower.sharepoint.com\/sites\/PioneerTankMonitoring\/Shared%20Documents\/General\/SUIVI_CUVES\/CADORETTE\/Rapport%20Cadorette.xlsx"",""Url"":""https:\/\/ermcopower.sharepoint.com\/sites\/PioneerTankMonitoring\/Shared%20Documents\/General\/SUIVI_CUVES\/CADORETTE\/Rapport%20Cadorette.xlsx""}","2025-01-13T23:24:30Z","2025-01-10T15:59:36Z","75","75","False","9c03d73d-923c-4739-9b77-450fa841a8f6","wmarcoux@PioneerTransformers.com","wmarcoux@PioneerTransformers.com"
"17","Rapport Frameco (new)","","{""Description"":""https:\/\/ermcopower.sharepoint.com\/sites\/PioneerTankMonitoring\/Shared%20Documents\/General\/SUIVI_CUVES\/FRAMECO\/Rapport%20Frameco.xlsx"",""Url"":""https:\/\/ermcopower.sharepoint.com\/sites\/PioneerTankMonitoring\/Shared%20Documents\/General\/SUIVI_CUVES\/FRAMECO\/Rapport%20Frameco.xlsx""}","2025-01-13T23:27:02Z","2025-01-10T16:00:07Z","75","75","False","516768f8-2a7a-4595-9a52-f2883599713f","wmarcoux@PioneerTransformers.com","wmarcoux@PioneerTransformers.com"
"18","Rapport Metelec (new)","","{""Description"":""https:\/\/ermcopower.sharepoint.com\/sites\/PioneerTankMonitoring\/Shared%20Documents\/General\/SUIVI_CUVES\/METELEC\/Rapport%20Metelec.xlsx"",""Url"":""https:\/\/ermcopower.sharepoint.com\/sites\/PioneerTankMonitoring\/Shared%20Documents\/General\/SUIVI_CUVES\/METELEC\/Rapport%20Metelec.xlsx""}","2025-01-13T23:26:44Z","2025-01-10T16:00:47Z","75","75","False","c980578f-0db3-4ba0-b841-3b7895df83b3","wmarcoux@PioneerTransformers.com","wmarcoux@PioneerTransformers.com"
"19","Rapport Morin (new)","","{""Description"":""https:\/\/ermcopower.sharepoint.com\/sites\/PioneerTankMonitoring\/Shared%20Documents\/General\/SUIVI_CUVES\/MORIN\/Rapport%20Morin.xlsx"",""Url"":""https:\/\/ermcopower.sharepoint.com\/sites\/PioneerTankMonitoring\/Shared%20Documents\/General\/SUIVI_CUVES\/MORIN\/Rapport%20Morin.xlsx""}","2025-01-13T23:26:21Z","2025-01-10T16:01:10Z","75","75","False","051fa09e-e948-4395-af23-7d232e029d2d","wmarcoux@PioneerTransformers.com","wmarcoux@PioneerTransformers.com"
"20","Rapport Sixpro (new)","","{""Description"":""https:\/\/ermcopower.sharepoint.com\/sites\/PioneerTankMonitoring\/Shared%20Documents\/General\/SUIVI_CUVES\/SIXPRO\/Rapport%20Sixpro.xlsx"",""Url"":""https:\/\/ermcopower.sharepoint.com\/sites\/PioneerTankMonitoring\/Shared%20Documents\/General\/SUIVI_CUVES\/SIXPRO\/Rapport%20Sixpro.xlsx""}","2025-01-13T23:26:05Z","2025-01-10T16:01:41Z","75","75","False","463b0050-6bd1-45d5-82b6-59f982d4ccdc","wmarcoux@PioneerTransformers.com","wmarcoux@PioneerTransformers.com"
"21","FRM11 (new)","","{""Description"":""https:\/\/ermcopower.sharepoint.com\/sites\/PioneerPlanificatio\/Shared%20Documents\/General\/FAB\/Achat\/Cuve\/PRO1.FRM11%20-%20Planification%20Approbation%20Cuve.xlsx"",""Url"":""https:\/\/ermcopower.sharepoint.com\/sites\/PioneerPlanificatio\/Shared%20Documents\/General\/FAB\/Achat\/Cuve\/PRO1.FRM11%20-%20Planification%20Approbation%20Cuve.xlsx""}","2025-01-13T23:32:43Z","2025-01-10T16:03:39Z","75","75","False","24c8bf98-fe20-4665-997f-ff3d12764221","wmarcoux@PioneerTransformers.com","wmarcoux@PioneerTransformers.com"
"22","Rapport CNC Solstice Inc","","{""Description"":""https:\/\/ermcopower.sharepoint.com\/sites\/PioneerTankMonitoring\/Shared%20Documents\/General\/SUIVI_CUVES\/CNC%20SOLSTICE%20INC\/Rapport%20CNC%20Solstice%20Inc.xlsx"",""Url"":""https:\/\/ermcopower.sharepoint.com\/sites\/PioneerTankMonitoring\/Shared%20Documents\/General\/SUIVI_CUVES\/CNC%20SOLSTICE%20INC\/Rapport%20CNC%20Solstice%20Inc.xlsx""}","2025-02-07T21:05:00Z","2025-02-07T21:05:00Z","75","75","False","71e29c13-a81b-491b-8c67-39530a56688d","wmarcoux@PioneerTransformers.com","wmarcoux@PioneerTransformers.com"
"23","Rapport Gomex IMS Inc","","{""Description"":""https:\/\/ermcopower.sharepoint.com\/sites\/PioneerTankMonitoring\/Shared%20Documents\/General\/SUIVI_CUVES\/GOMEX%20IMS%20INC\/Rapport%20Gomex%20IMS%20Inc.xlsx"",""Url"":""https:\/\/ermcopower.sharepoint.com\/sites\/PioneerTankMonitoring\/Shared%20Documents\/General\/SUIVI_CUVES\/GOMEX%20IMS%20INC\/Rapport%20Gomex%20IMS%20Inc.xlsx""}","2025-06-11T10:42:07Z","2025-06-11T10:42:07Z","75","75","False","269f8bd8-4845-4e6d-aa8a-ee16a69f3c92","wmarcoux@PioneerTransformers.com","wmarcoux@PioneerTransformers.com"
"24","Budget Data","","{""Description"":""https:\/\/ermcopower.sharepoint.com\/sites\/PioneerExecutive\/Shared%20Documents\/Budget%20Data.xlsx"",""Url"":""https:\/\/ermcopower.sharepoint.com\/sites\/PioneerExecutive\/Shared%20Documents\/Budget%20Data.xlsx""}","2025-08-12T19:29:42Z","2025-08-12T19:28:34Z","106","106","False","938dd63d-ee32-4491-8e53-351a0f4d84f7","soleil.anker@ermco-eci.com","soleil.anker@ermco-eci.com"
"25","BO Manager","","{""Description"":""https:\/\/ermcopower.sharepoint.com\/sites\/PioneerPlanificatio\/Shared%20Documents\/General\/FAB\/Achat\/BOs\/BO%20Manager.xlsx"",""Url"":""https:\/\/ermcopower.sharepoint.com\/sites\/PioneerPlanificatio\/Shared%20Documents\/General\/FAB\/Achat\/BOs\/BO%20Manager.xlsx""}","2026-02-11T20:28:57Z","2026-02-11T20:27:54Z","106","106","False","5863ee5d-2c33-46a2-a01b-a9fde6a9ee07","soleil.anker@ermco-eci.com","soleil.anker@ermco-eci.com"
