ListSchema={"schemaXmlList":["<Field ID=\"{fa564e0f-0c70-4ab9-b863-0177e6ddd247}\" Type=\"Text\" Name=\"Title\" DisplayName=\"Title\" Required=\"FALSE\" SourceID=\"http://schemas.microsoft.com/sharepoint/v3\" StaticName=\"Title\" FromBaseType=\"TRUE\" MaxLength=\"255\" />","<Field DisplayName=\"Path\" Format=\"Hyperlink\" IsModern=\"TRUE\" Name=\"Path\" Title=\"Path\" Type=\"URL\" ID=\"{7ffe0312-b06e-4a43-8bbf-8ae98fcb6f8f}\" StaticName=\"Path\" />","<Field ID=\"{82642ec8-ef9b-478f-acf9-31f7d45fbc31}\" ReadOnly=\"TRUE\" Type=\"Computed\" Name=\"LinkTitle\" DisplayName=\"Title\" DisplayNameSrcField=\"Title\" ClassInfo=\"Menu\" AuthoringInfo=\"(linked to item with edit menu)\" ListItemMenuAllowed=\"Required\" LinkToItemAllowed=\"Prohibited\" SourceID=\"http://schemas.microsoft.com/sharepoint/v3\" StaticName=\"LinkTitle\" FromBaseType=\"TRUE\"><FieldRefs><FieldRef Name=\"Title\" /><FieldRef Name=\"LinkTitleNoMenu\" /><FieldRef Name=\"_EditMenuTableStart2\" /><FieldRef Name=\"_EditMenuTableEnd\" /></FieldRefs><DisplayPattern><FieldSwitch><Expr><GetVar Name=\"FreeForm\" /></Expr><Case Value=\"TRUE\"><Field Name=\"LinkTitleNoMenu\" /></Case><Default><HTML><![CDATA[<div class=\"ms-vb itx\" onmouseover=\"OnItem(this)\" CTXName=\"ctx]]></HTML><Field Name=\"_EditMenuTableStart2\" /><HTML><![CDATA[\">]]></HTML><Field Name=\"LinkTitleNoMenu\" /><HTML><![CDATA[</div>]]></HTML><HTML><![CDATA[<div class=\"s4-ctx\" onmouseover=\"OnChildItem(this.parentNode); return false;\">]]></HTML><HTML><![CDATA[<span>&nbsp;</span>]]></HTML><HTML><![CDATA[<a onfocus=\"OnChildItem(this.parentNode.parentNode); return false;\" onclick=\"PopMenuFromChevron(event); return false;\" href=\"javascript:;\" title=\"Open Menu\"></a>]]></HTML><HTML><![CDATA[<span>&nbsp;</span>]]></HTML><HTML><![CDATA[</div>]]></HTML></Default></FieldSwitch></DisplayPattern></Field>"]}
"Title","Path"
"Rapport Cadorette","/sites/PioneerTankMonitoring/Shared%20Documents/General/SUIVI_CUVES/CADORETTE/Rapport%20Cadorette.xlsx"
"Rapport Frameco","/sites/PioneerTankMonitoring/Shared%20Documents/General/SUIVI_CUVES/FRAMECO/Rapport%20Frameco.xlsx"
"Rapport Metelec","/sites/PioneerTankMonitoring/Shared%20Documents/General/SUIVI_CUVES/METELEC/Rapport%20Metelec.xlsx"
"Rapport Morin","/sites/PioneerTankMonitoring/Shared%20Documents/General/SUIVI_CUVES/MORIN/Rapport%20Morin.xlsx"
"Rapport Sixpro","/sites/PioneerTankMonitoring/Shared%20Documents/General/SUIVI_CUVES/SIXPRO/Rapport%20Sixpro.xlsx"
"FRM11","/sites/PioneerPlanificatio/Shared%20Documents/General/FAB/Achat/Cuve/PRO1.FRM11%20-%20Planification%20Approbation%20Cuve.xlsx"
"Rapport Falcon","/sites/PioneerTankMonitoring/Shared%20Documents/General/SUIVI_CUVES/FALCON/Rapport%20Falcon.xlsx"
"FRM10-12","/sites/PioneerPlanificatio/Shared%20Documents/General/FAB/Revue/Formulaires/FRM10-12.xlsx"
"Archive active","/sites/PioneerPlanificatio/Shared%20Documents/General/FAB/Archive/Archive%20active.xlsx"
"Temps Standard","/sites/PioneerPlanificatio/Shared%20Documents/General/FAB/Fichiers%20d'%C3%A9tude%20de%20temps/Analyse_Temps/Compilation_Temps_Jobs.xlsx"
"Archive FRM12","/sites/PioneerPlanificatio/Shared%20Documents/General/FAB/Archive/Vieilles%20archives/ARCHIVES_PRO1.FRM12%20-%20Cedule%20Prod.xlsx"
"FRM13","/sites/PioneerPlanificatio/Shared%20Documents/General/FAB/Suivi/Dessin/Archives/PRO1.FRM13%20-%20Desplan.xlsx"
"FRM13-Auto","/sites/PioneerPlanificatio/Shared%20Documents/General/FAB/Suivi/Dessin/PRO1.FRM13%20-%20Desplan%20-%20Auto.xlsx"
"Rapport Falcon (new)","/sites/PioneerTankMonitoring/Shared%20Documents/General/SUIVI_CUVES/FALCON/Rapport%20Falcon.xlsx"
"Rapport Cadorette (new)","/sites/PioneerTankMonitoring/Shared%20Documents/General/SUIVI_CUVES/CADORETTE/Rapport%20Cadorette.xlsx"
"Rapport Frameco (new)","/sites/PioneerTankMonitoring/Shared%20Documents/General/SUIVI_CUVES/FRAMECO/Rapport%20Frameco.xlsx"
"Rapport Metelec (new)","/sites/PioneerTankMonitoring/Shared%20Documents/General/SUIVI_CUVES/METELEC/Rapport%20Metelec.xlsx"
"Rapport Morin (new)","/sites/PioneerTankMonitoring/Shared%20Documents/General/SUIVI_CUVES/MORIN/Rapport%20Morin.xlsx"
"Rapport Sixpro (new)","/sites/PioneerTankMonitoring/Shared%20Documents/General/SUIVI_CUVES/SIXPRO/Rapport%20Sixpro.xlsx"
"FRM11 (new)","/sites/PioneerPlanificatio/Shared%20Documents/General/FAB/Achat/Cuve/PRO1.FRM11%20-%20Planification%20Approbation%20Cuve.xlsx"
"Rapport CNC Solstice Inc","/sites/PioneerTankMonitoring/Shared%20Documents/General/SUIVI_CUVES/CNC%20SOLSTICE%20INC/Rapport%20CNC%20Solstice%20Inc.xlsx"
"Rapport Gomex IMS Inc","/sites/PioneerTankMonitoring/Shared%20Documents/General/SUIVI_CUVES/GOMEX%20IMS%20INC/Rapport%20Gomex%20IMS%20Inc.xlsx"
"Budget Data","/sites/PioneerExecutive/Shared%20Documents/Budget%20Data.xlsx"
"BO Manager","/sites/PioneerPlanificatio/Shared%20Documents/General/FAB/Achat/BOs/BO%20Manager.xlsx"
