ListSchema={"schemaXmlList":["<Field ID=\"{fa564e0f-0c70-4ab9-b863-0177e6ddd247}\" Type=\"Text\" Name=\"Title\" DisplayName=\"Title\" Required=\"FALSE\" SourceID=\"http://schemas.microsoft.com/sharepoint/v3\" StaticName=\"Title\" FromBaseType=\"TRUE\" MaxLength=\"255\" />","<Field DisplayName=\"Model_ID\" Format=\"Dropdown\" IsModern=\"TRUE\" MaxLength=\"255\" Name=\"ModelID\" Title=\"ModelID\" Type=\"Text\" ID=\"{7341f004-bfd1-4148-8e8e-233b3e259027}\" StaticName=\"ModelID\" CustomFormatter=\"\" Required=\"FALSE\" EnforceUniqueValues=\"TRUE\" Indexed=\"TRUE\" />","<Field Type=\"Text\" DisplayName=\"Spec_ID\" Required=\"FALSE\" EnforceUniqueValues=\"FALSE\" Indexed=\"FALSE\" MaxLength=\"255\" ID=\"{222ea723-0714-4bcd-b83c-ffeda35c0cb0}\" StaticName=\"SpecID\" Name=\"SpecID\" CustomFormatter=\"\" />","<Field Type=\"Text\" DisplayName=\"Model_Code\" Required=\"FALSE\" EnforceUniqueValues=\"FALSE\" Indexed=\"FALSE\" MaxLength=\"255\" ID=\"{cd55e311-fa06-43b7-9572-2cb4f30b1f43}\" StaticName=\"ModelName\" Name=\"ModelName\" CustomFormatter=\"\" />","<Field ClientSideComponentId=\"00000000-0000-0000-0000-000000000000\" CustomFormatter=\"{&quot;elmType&quot;:&quot;div&quot;,&quot;style&quot;:{&quot;box-sizing&quot;:&quot;border-box&quot;,&quot;padding&quot;:&quot;0 2px&quot;,&quot;overflow&quot;:&quot;hidden&quot;,&quot;text-overflow&quot;:&quot;ellipsis&quot;},&quot;attributes&quot;:{&quot;class&quot;:{&quot;operator&quot;:&quot;:&quot;,&quot;operands&quot;:[{&quot;operator&quot;:&quot;==&quot;,&quot;operands&quot;:[&quot;[$ModificationStatus]&quot;,&quot;Up to Date&quot;]},&quot;sp-css-backgroundColor-BgMintGreen sp-css-borderColor-MintGreenFont sp-css-color-MintGreenFont sp-css-color-MintGreenFont&quot;,{&quot;operator&quot;:&quot;:&quot;,&quot;operands&quot;:[{&quot;operator&quot;:&quot;==&quot;,&quot;operands&quot;:[&quot;[$ModificationStatus]&quot;,&quot;Minor Changes&quot;]},&quot;sp-css-backgroundColor-BgCyan sp-css-borderColor-CyanFont sp-css-color-CyanFont sp-css-color-CyanFont&quot;,{&quot;operator&quot;:&quot;:&quot;,&quot;operands&quot;:[{&quot;operator&quot;:&quot;==&quot;,&quot;operands&quot;:[&quot;[$ModificationStatus]&quot;,&quot;Moderate Changes&quot;]},&quot;sp-css-backgroundColor-BgGold sp-css-borderColor-GoldFont sp-css-color-GoldFont sp-css-color-GoldFont&quot;,{&quot;operator&quot;:&quot;:&quot;,&quot;operands&quot;:[{&quot;operator&quot;:&quot;==&quot;,&quot;operands&quot;:[&quot;[$ModificationStatus]&quot;,&quot;Major Changes&quot;]},&quot;sp-css-backgroundColor-BgCoral sp-css-color-CoralFont sp-css-color-CoralFont&quot;,{&quot;operator&quot;:&quot;:&quot;,&quot;operands&quot;:[{&quot;operator&quot;:&quot;==&quot;,&quot;operands&quot;:[&quot;[$ModificationStatus]&quot;,&quot;&quot;]},&quot;&quot;,{&quot;operator&quot;:&quot;:&quot;,&quot;operands&quot;:[{&quot;operator&quot;:&quot;==&quot;,&quot;operands&quot;:[&quot;[$ModificationStatus]&quot;,&quot;New Model&quot;]},&quot;sp-css-backgroundColor-BgViolet sp-css-borderColor-VioletFont sp-css-color-VioletFont sp-css-color-VioletFont&quot;,&quot;&quot;]}]}]}]}]}]}},&quot;children&quot;:[{&quot;elmType&quot;:&quot;span&quot;,&quot;style&quot;:{&quot;overflow&quot;:&quot;hidden&quot;,&quot;text-overflow&quot;:&quot;ellipsis&quot;,&quot;padding&quot;:&quot;0 3px&quot;},&quot;txtContent&quot;:&quot;[$ModificationStatus]&quot;,&quot;attributes&quot;:{&quot;class&quot;:{&quot;operator&quot;:&quot;:&quot;,&quot;operands&quot;:[{&quot;operator&quot;:&quot;==&quot;,&quot;operands&quot;:[&quot;[$ModificationStatus]&quot;,&quot;Up to Date&quot;]},&quot;sp-css-color-MintGreenFont&quot;,{&quot;operator&quot;:&quot;:&quot;,&quot;operands&quot;:[{&quot;operator&quot;:&quot;==&quot;,&quot;operands&quot;:[&quot;[$ModificationStatus]&quot;,&quot;Minor Changes&quot;]},&quot;sp-css-color-CyanFont&quot;,{&quot;operator&quot;:&quot;:&quot;,&quot;operands&quot;:[{&quot;operator&quot;:&quot;==&quot;,&quot;operands&quot;:[&quot;[$ModificationStatus]&quot;,&quot;Moderate Changes&quot;]},&quot;sp-css-color-GoldFont&quot;,{&quot;operator&quot;:&quot;:&quot;,&quot;operands&quot;:[{&quot;operator&quot;:&quot;==&quot;,&quot;operands&quot;:[&quot;[$ModificationStatus]&quot;,&quot;Major Changes&quot;]},&quot;sp-css-color-CoralFont&quot;,{&quot;operator&quot;:&quot;:&quot;,&quot;operands&quot;:[{&quot;operator&quot;:&quot;==&quot;,&quot;operands&quot;:[&quot;[$ModificationStatus]&quot;,&quot;&quot;]},&quot;&quot;,{&quot;operator&quot;:&quot;:&quot;,&quot;operands&quot;:[{&quot;operator&quot;:&quot;==&quot;,&quot;operands&quot;:[&quot;[$ModificationStatus]&quot;,&quot;New Model&quot;]},&quot;sp-css-color-VioletFont&quot;,&quot;&quot;]}]}]}]}]}]}}}],&quot;templateId&quot;:&quot;BgColorChoice&quot;}\" DisplayName=\"Modification_Status\" FillInChoice=\"FALSE\" Format=\"Dropdown\" Name=\"ModificationStatus\" Title=\"Modification_Status\" Type=\"Choice\" ID=\"{ce4a0c06-99b9-4661-9836-4958390109e6}\" StaticName=\"ModificationStatus\"><CHOICES><CHOICE>Up to Date</CHOICE><CHOICE>Minor Changes</CHOICE><CHOICE>Moderate Changes</CHOICE><CHOICE>Major Changes</CHOICE><CHOICE>New Model</CHOICE></CHOICES><Default>Up to Date</Default></Field>","<Field Type=\"Note\" DisplayName=\"Notes\" Required=\"FALSE\" EnforceUniqueValues=\"FALSE\" Indexed=\"FALSE\" NumLines=\"6\" RichText=\"TRUE\" RichTextMode=\"FullHtml\" IsolateStyles=\"TRUE\" Sortable=\"FALSE\" ID=\"{cb569d8b-53c1-4d3a-90f1-a3b5c99b775e}\" StaticName=\"Notes\" Name=\"Notes\" CustomFormatter=\"\" RestrictedMode=\"TRUE\" AppendOnly=\"FALSE\" />","<Field ID=\"{1df5e554-ec7e-46a6-901d-d85a3881cb18}\" ReadOnly=\"TRUE\" Type=\"User\" List=\"UserInfo\" Name=\"Author\" DisplayName=\"Created_By\" SourceID=\"http://schemas.microsoft.com/sharepoint/v3\" StaticName=\"Author\" FromBaseType=\"TRUE\" Required=\"FALSE\" Group=\"\" ShowField=\"ImnName\" />","<Field ID=\"{d31655d1-1d5b-4511-95a1-7a09e9b75bf2}\" ReadOnly=\"TRUE\" Type=\"User\" List=\"UserInfo\" Name=\"Editor\" DisplayName=\"Modified_By\" SourceID=\"http://schemas.microsoft.com/sharepoint/v3\" StaticName=\"Editor\" FromBaseType=\"TRUE\" Required=\"FALSE\" Group=\"\" ShowField=\"ImnName\" />","<Field Type=\"Number\" DisplayName=\"Estimated Effort\" Required=\"FALSE\" EnforceUniqueValues=\"FALSE\" Indexed=\"FALSE\" ID=\"{1e928e8d-9186-49a6-a7dd-177013fc168f}\" StaticName=\"Estimated_x0020_Effort\" Name=\"Estimated_x0020_Effort\"><Default>0</Default></Field>","<Field Type=\"Choice\" DisplayName=\"Current Changes Priority\" Required=\"FALSE\" EnforceUniqueValues=\"FALSE\" Indexed=\"FALSE\" Format=\"Dropdown\" FillInChoice=\"FALSE\" ID=\"{7dddc5b9-c99a-4488-a44e-321588a4db55}\" StaticName=\"Current_x0020_Changes_x0020_Prio\" Name=\"Current_x0020_Changes_x0020_Prio\"><Default>ASAP</Default><CHOICES><CHOICE>ASAP</CHOICE><CHOICE>Next Month</CHOICE><CHOICE>Next Order</CHOICE><CHOICE>Set Date</CHOICE></CHOICES></Field>","<Field Type=\"DateTime\" DisplayName=\"Changes Due Date\" Required=\"FALSE\" EnforceUniqueValues=\"FALSE\" Indexed=\"FALSE\" Format=\"DateOnly\" FriendlyDisplayFormat=\"Disabled\" ID=\"{709aca0e-11f7-4df9-8cc9-26b8bb87856f}\" StaticName=\"Changes_x0020_Due_x0020_Date\" Name=\"Changes_x0020_Due_x0020_Date\" />","<Field Type=\"Text\" DisplayName=\"Client_ID_TextField\" Required=\"FALSE\" EnforceUniqueValues=\"FALSE\" Indexed=\"FALSE\" MaxLength=\"255\" ID=\"{afaa104d-4351-4d93-9b9e-83314cf60b23}\" StaticName=\"Client_ID_TextFiel\" Name=\"Client_ID_TextFiel\" CustomFormatter=\"\" />","<Field Type=\"Number\" DisplayName=\"kVA and kV\" Required=\"FALSE\" EnforceUniqueValues=\"FALSE\" Indexed=\"FALSE\" ID=\"{ba47acb3-a901-4b35-a904-a2530aa7c986}\" StaticName=\"kVA_x0020_and_x0020_kV\" Name=\"kVA_x0020_and_x0020_kV\"><Default>0</Default></Field>","<Field ClientSideComponentId=\"00000000-0000-0000-0000-000000000000\" DisplayName=\"Model Type\" FillInChoice=\"TRUE\" Format=\"Dropdown\" Name=\"Model_x0020_Type\" Title=\"Model Type\" Type=\"Choice\" ID=\"{90acef6a-9d76-4dae-9e78-6bd61349d6b4}\" StaticName=\"Model_x0020_Type\" CustomFormatter=\"\" Required=\"FALSE\" EnforceUniqueValues=\"FALSE\" Indexed=\"FALSE\"><CHOICES><CHOICE>None</CHOICE><CHOICE>1PH PAD (MINIPAD)</CHOICE><CHOICE>3PH PAD (PADMOUNT)</CHOICE><CHOICE>POLEMOUNT</CHOICE><CHOICE>SUBSTATION</CHOICE><CHOICE>NETWORK</CHOICE><CHOICE>1PH SUBMERSIBLE</CHOICE><CHOICE>3PH SUBMERSIBLE</CHOICE><CHOICE>GROUNDING TX</CHOICE><CHOICE>ANNEX</CHOICE><CHOICE>C2</CHOICE><CHOICE>FLATFACE</CHOICE><CHOICE>MALT</CHOICE><CHOICE>MINPAD</CHOICE><CHOICE>NETWORK</CHOICE><CHOICE>PADMOUNT</CHOICE><CHOICE>POLEMOUNT</CHOICE><CHOICE>POWER-LTC</CHOICE><CHOICE>POWER-S</CHOICE><CHOICE>POWER-W</CHOICE><CHOICE>SPECIAL</CHOICE><CHOICE>SUBMERSIBLE</CHOICE><CHOICE>UNITIZED</CHOICE><CHOICE>ZIG-ZAG</CHOICE><CHOICE>ZIG-ZAG + SA</CHOICE></CHOICES><Default>None</Default></Field>","<Field Type=\"Choice\" DisplayName=\"Oil Type\" Required=\"FALSE\" EnforceUniqueValues=\"FALSE\" Indexed=\"FALSE\" Format=\"Dropdown\" FillInChoice=\"TRUE\" ID=\"{e3be1322-4677-489b-aafb-ff3aa653ae84}\" StaticName=\"Oil_x0020_Type\" Name=\"Oil_x0020_Type\" CustomFormatter=\"\"><Default>None</Default><CHOICES><CHOICE>None</CHOICE><CHOICE>A2</CHOICE><CHOICE>B2</CHOICE><CHOICE>BETA</CHOICE><CHOICE>FR3</CHOICE><CHOICE>Inconnu</CHOICE><CHOICE>Luminol</CHOICE><CHOICE>Midel</CHOICE></CHOICES></Field>","<Field Type=\"Choice\" DisplayName=\"Core Type\" Required=\"FALSE\" EnforceUniqueValues=\"FALSE\" Indexed=\"FALSE\" Format=\"Dropdown\" FillInChoice=\"TRUE\" ID=\"{b585289a-af88-4efa-a632-a48c14602e2b}\" StaticName=\"Core_x0020_Type\" Name=\"Core_x0020_Type\" CustomFormatter=\"\"><Default>None</Default><CHOICES><CHOICE>None</CHOICE><CHOICE>Cogent</CHOICE><CHOICE>Amorphe</CHOICE><CHOICE>Annexe</CHOICE></CHOICES></Field>","<Field Type=\"Boolean\" DisplayName=\"Is Cancelled\" EnforceUniqueValues=\"FALSE\" Indexed=\"FALSE\" ID=\"{156a75f3-ccf7-4aa5-9a20-00a425c580c8}\" StaticName=\"Is_x0020_Cancelled\" Name=\"Is_x0020_Cancelled\"><Default>0</Default></Field>","<Field CommaSeparator=\"TRUE\" CustomUnitOnRight=\"TRUE\" Decimals=\"0\" DisplayName=\"Phases\" Format=\"Dropdown\" IsModern=\"TRUE\" Name=\"Phases\" Percentage=\"FALSE\" Title=\"Phases\" Type=\"Number\" Unit=\"None\" ID=\"{71d85a9d-c008-4ef9-abe4-f46a525a4cc4}\" StaticName=\"Phases\" />","<Field DisplayName=\"Info+\" Format=\"Dropdown\" IsModern=\"TRUE\" MaxLength=\"255\" Name=\"Info_x002b_\" Title=\"Info+\" Type=\"Text\" ID=\"{2181ce60-cecc-465e-b318-074c5ba81266}\" StaticName=\"Info_x002b_\" />","<Field DisplayName=\"Protector &amp; Switchgear Item #\" Format=\"Dropdown\" IsModern=\"TRUE\" MaxLength=\"255\" Name=\"ProtectorSwitchgearItem_x0023_\" Title=\"Protector &amp; Switchgear Item #\" Type=\"Text\" ID=\"{1fb2de7a-0b93-4432-b5dd-e1ecde728276}\" StaticName=\"ProtectorSwitchgearItem_x0023_\" />","<Field DisplayName=\"SFRA\" Format=\"Dropdown\" IsModern=\"TRUE\" MaxLength=\"255\" Name=\"SFRA\" Title=\"SFRA\" Type=\"Text\" ID=\"{707edcbc-b763-41f9-84aa-26c8c421010d}\" StaticName=\"SFRA\" />","<Field CommaSeparator=\"TRUE\" CustomUnitOnRight=\"TRUE\" DisplayName=\"Oil Amount\" Format=\"Dropdown\" IsModern=\"TRUE\" Name=\"OilAmount\" Percentage=\"FALSE\" Title=\"Oil Amount\" Type=\"Number\" Unit=\"None\" ID=\"{1a6787d8-9efd-4f86-83ff-8454511c200e}\" StaticName=\"OilAmount\" />","<Field DisplayName=\"Configuration\" Format=\"Dropdown\" IsModern=\"TRUE\" MaxLength=\"255\" Name=\"Configuration\" Title=\"Configuration\" Type=\"Text\" ID=\"{25e2f381-ec52-43b7-b689-8a852f324cfa}\" StaticName=\"Configuration\" />","<Field DisplayName=\"Section Qty\" Format=\"Dropdown\" IsModern=\"TRUE\" MaxLength=\"255\" Name=\"SectionQty\" Title=\"Section Qty\" Type=\"Text\" ID=\"{052b9dcc-a972-4a5a-9a58-55002ab1402e}\" StaticName=\"SectionQty\" />","<Field DisplayName=\"Cable\" Format=\"Dropdown\" IsModern=\"TRUE\" MaxLength=\"255\" Name=\"Cable\" Title=\"Cable\" Type=\"Text\" ID=\"{a06a4e76-e049-4ccc-908f-7f7d4e5de113}\" StaticName=\"Cable\" />","<Field DisplayName=\"Form\" Format=\"Dropdown\" IsModern=\"TRUE\" MaxLength=\"255\" Name=\"Form\" Title=\"Form\" Type=\"Text\" ID=\"{a40ef034-c521-4e60-b255-4bcdb52af1d6}\" StaticName=\"Form\" />","<Field DisplayName=\"Copper (LV)\" Format=\"Dropdown\" IsModern=\"TRUE\" MaxLength=\"255\" Name=\"Copper_x0028_LV_x0029_\" Title=\"Copper (LV)\" Type=\"Text\" ID=\"{23bf3fab-9e2b-4088-a75f-662b43c4cda2}\" StaticName=\"Copper_x0028_LV_x0029_\" />","<Field DisplayName=\"Wire (HV)\" Format=\"Dropdown\" IsModern=\"TRUE\" MaxLength=\"255\" Name=\"Wire_x0028_HV_x0029_\" Title=\"Wire (HV)\" Type=\"Text\" ID=\"{444aab61-0180-4bec-8c66-78c7bc8e0858}\" StaticName=\"Wire_x0028_HV_x0029_\" />","<Field CommaSeparator=\"TRUE\" CustomUnitOnRight=\"TRUE\" DisplayName=\"Overcoil\" Format=\"Dropdown\" IsModern=\"TRUE\" Name=\"Overcoil\" Percentage=\"FALSE\" Title=\"Overcoil\" Type=\"Number\" Unit=\"None\" ID=\"{b4d09a00-d0ea-48e4-bd39-41cfa4e15306}\" StaticName=\"Overcoil\" />","<Field ClientSideComponentId=\"00000000-0000-0000-0000-000000000000\" CustomFormatter=\"{&quot;elmType&quot;:&quot;div&quot;,&quot;style&quot;:{&quot;flex-wrap&quot;:&quot;wrap&quot;,&quot;display&quot;:&quot;flex&quot;},&quot;children&quot;:[{&quot;elmType&quot;:&quot;div&quot;,&quot;style&quot;:{&quot;box-sizing&quot;:&quot;border-box&quot;,&quot;padding&quot;:&quot;4px 8px 5px 8px&quot;,&quot;overflow&quot;:&quot;hidden&quot;,&quot;text-overflow&quot;:&quot;ellipsis&quot;,&quot;display&quot;:&quot;flex&quot;,&quot;border-radius&quot;:&quot;16px&quot;,&quot;height&quot;:&quot;24px&quot;,&quot;align-items&quot;:&quot;center&quot;,&quot;white-space&quot;:&quot;nowrap&quot;,&quot;margin&quot;:&quot;4px 4px 4px 4px&quot;},&quot;attributes&quot;:{&quot;class&quot;:{&quot;operator&quot;:&quot;:&quot;,&quot;operands&quot;:[{&quot;operator&quot;:&quot;==&quot;,&quot;operands&quot;:[&quot;[$Description]&quot;,&quot;ANNEX&quot;]},&quot;sp-css-backgroundColor-BgCornflowerBlue sp-css-color-CornflowerBlueFont sp-css-color-CornflowerBlueFont&quot;,{&quot;operator&quot;:&quot;:&quot;,&quot;operands&quot;:[{&quot;operator&quot;:&quot;==&quot;,&quot;operands&quot;:[&quot;[$Description]&quot;,&quot;FLAT FRONT&quot;]},&quot;sp-css-backgroundColor-BgMintGreen sp-css-color-MintGreenFont sp-css-color-MintGreenFont&quot;,{&quot;operator&quot;:&quot;:&quot;,&quot;operands&quot;:[{&quot;operator&quot;:&quot;==&quot;,&quot;operands&quot;:[&quot;[$Description]&quot;,&quot;Goujon&quot;]},&quot;sp-css-backgroundColor-BgGold sp-css-color-GoldFont sp-css-color-GoldFont&quot;,{&quot;operator&quot;:&quot;:&quot;,&quot;operands&quot;:[{&quot;operator&quot;:&quot;==&quot;,&quot;operands&quot;:[&quot;[$Description]&quot;,&quot;&quot;]},&quot;&quot;,{&quot;operator&quot;:&quot;:&quot;,&quot;operands&quot;:[{&quot;operator&quot;:&quot;==&quot;,&quot;operands&quot;:[&quot;[$Description]&quot;,&quot;MALT&quot;]},&quot;sp-css-backgroundColor-BgCoral sp-css-color-CoralFont sp-css-color-CoralFont&quot;,{&quot;operator&quot;:&quot;:&quot;,&quot;operands&quot;:[{&quot;operator&quot;:&quot;==&quot;,&quot;operands&quot;:[&quot;[$Description]&quot;,&quot;MALT + SA&quot;]},&quot;sp-css-backgroundColor-BgDustRose sp-css-color-DustRoseFont sp-css-color-DustRoseFont&quot;,{&quot;operator&quot;:&quot;:&quot;,&quot;operands&quot;:[{&quot;operator&quot;:&quot;==&quot;,&quot;operands&quot;:[&quot;[$Description]&quot;,&quot;MINPAD-1HP&quot;]},&quot;sp-css-backgroundColor-BgPeach sp-css-color-PeachFont sp-css-color-PeachFont&quot;,{&quot;operator&quot;:&quot;:&quot;,&quot;operands&quot;:[{&quot;operator&quot;:&quot;==&quot;,&quot;operands&quot;:[&quot;[$Description]&quot;,&quot;NETWORK&quot;]},&quot;sp-css-backgroundColor-BgSage sp-css-color-SageFont sp-css-color-SageFont&quot;,{&quot;operator&quot;:&quot;:&quot;,&quot;operands&quot;:[{&quot;operator&quot;:&quot;==&quot;,&quot;operands&quot;:[&quot;[$Description]&quot;,&quot;PADMOUNT&quot;]},&quot;sp-css-backgroundColor-BgLightPurple sp-css-color-LightPurpleFont sp-css-color-LightPurpleFont&quot;,{&quot;operator&quot;:&quot;:&quot;,&quot;operands&quot;:[{&quot;operator&quot;:&quot;==&quot;,&quot;operands&quot;:[&quot;[$Description]&quot;,&quot;PARTS&quot;]},&quot;sp-css-backgroundColor-BgViolet sp-css-color-VioletFont sp-css-color-VioletFont&quot;,{&quot;operator&quot;:&quot;:&quot;,&quot;operands&quot;:[{&quot;operator&quot;:&quot;==&quot;,&quot;operands&quot;:[&quot;[$Description]&quot;,&quot;PLAQUE ANCRAGE&quot;]},&quot;sp-css-backgroundColor-BgLightBlue sp-css-color-LightBlueFont sp-css-color-LightBlueFont&quot;,{&quot;operator&quot;:&quot;:&quot;,&quot;operands&quot;:[{&quot;operator&quot;:&quot;==&quot;,&quot;operands&quot;:[&quot;[$Description]&quot;,&quot;SPAREPARTS&quot;]},&quot;sp-css-backgroundColor-BgLilac sp-css-color-LilacFont sp-css-color-LilacFont&quot;,{&quot;operator&quot;:&quot;:&quot;,&quot;operands&quot;:[{&quot;operator&quot;:&quot;==&quot;,&quot;operands&quot;:[&quot;[$Description]&quot;,&quot;SUBSTATION&quot;]},&quot;sp-css-backgroundColor-BgLightGray sp-css-color-LightGrayFont sp-css-color-LightGrayFont&quot;,{&quot;operator&quot;:&quot;:&quot;,&quot;operands&quot;:[{&quot;operator&quot;:&quot;==&quot;,&quot;operands&quot;:[&quot;[$Description]&quot;,&quot;SUBSTATION + LTC&quot;]},&quot;sp-css-backgroundColor-BgBlue sp-css-color-WhiteFont sp-css-color-WhiteFont&quot;,{&quot;operator&quot;:&quot;:&quot;,&quot;operands&quot;:[{&quot;operator&quot;:&quot;==&quot;,&quot;operands&quot;:[&quot;[$Description]&quot;,&quot;SUBST-STACK&quot;]},&quot;sp-css-backgroundColor-BgGreen sp-css-color-WhiteFont sp-css-color-WhiteFont&quot;,{&quot;operator&quot;:&quot;:&quot;,&quot;operands&quot;:[{&quot;operator&quot;:&quot;==&quot;,&quot;operands&quot;:[&quot;[$Description]&quot;,&quot;SUBWAY&quot;]},&quot;sp-css-backgroundColor-BgBrown sp-css-color-WhiteFont sp-css-color-WhiteFont&quot;,{&quot;operator&quot;:&quot;:&quot;,&quot;operands&quot;:[{&quot;operator&quot;:&quot;==&quot;,&quot;operands&quot;:[&quot;[$Description]&quot;,&quot;Choice 18&quot;]},&quot;sp-css-backgroundColor-BgDarkRed sp-css-color-WhiteFont sp-css-color-WhiteFont&quot;,{&quot;operator&quot;:&quot;:&quot;,&quot;operands&quot;:[{&quot;operator&quot;:&quot;==&quot;,&quot;operands&quot;:[&quot;[$Description]&quot;,&quot;VAULT1-HP&quot;]},&quot;sp-css-backgroundColor-BgRed sp-css-color-WhiteFont sp-css-color-WhiteFont&quot;,&quot;sp-field-borderAllRegular sp-field-borderAllSolid sp-css-borderColor-neutralSecondary&quot;]}]}]}]}]}]}]}]}]}]}]}]}]}]}]}]}]}]}},&quot;children&quot;:[{&quot;elmType&quot;:&quot;span&quot;,&quot;style&quot;:{&quot;overflow&quot;:&quot;hidden&quot;,&quot;text-overflow&quot;:&quot;ellipsis&quot;,&quot;padding&quot;:&quot;0 3px&quot;},&quot;txtContent&quot;:&quot;[$Description]&quot;,&quot;attributes&quot;:{&quot;class&quot;:{&quot;operator&quot;:&quot;:&quot;,&quot;operands&quot;:[{&quot;operator&quot;:&quot;==&quot;,&quot;operands&quot;:[&quot;[$Description]&quot;,&quot;ANNEX&quot;]},&quot;sp-css-color-CornflowerBlueFont&quot;,{&quot;operator&quot;:&quot;:&quot;,&quot;operands&quot;:[{&quot;operator&quot;:&quot;==&quot;,&quot;operands&quot;:[&quot;[$Description]&quot;,&quot;FLAT FRONT&quot;]},&quot;sp-css-color-MintGreenFont&quot;,{&quot;operator&quot;:&quot;:&quot;,&quot;operands&quot;:[{&quot;operator&quot;:&quot;==&quot;,&quot;operands&quot;:[&quot;[$Description]&quot;,&quot;Goujon&quot;]},&quot;sp-css-color-GoldFont&quot;,{&quot;operator&quot;:&quot;:&quot;,&quot;operands&quot;:[{&quot;operator&quot;:&quot;==&quot;,&quot;operands&quot;:[&quot;[$Description]&quot;,&quot;&quot;]},&quot;&quot;,{&quot;operator&quot;:&quot;:&quot;,&quot;operands&quot;:[{&quot;operator&quot;:&quot;==&quot;,&quot;operands&quot;:[&quot;[$Description]&quot;,&quot;MALT&quot;]},&quot;sp-css-color-CoralFont&quot;,{&quot;operator&quot;:&quot;:&quot;,&quot;operands&quot;:[{&quot;operator&quot;:&quot;==&quot;,&quot;operands&quot;:[&quot;[$Description]&quot;,&quot;MALT + SA&quot;]},&quot;sp-css-color-DustRoseFont&quot;,{&quot;operator&quot;:&quot;:&quot;,&quot;operands&quot;:[{&quot;operator&quot;:&quot;==&quot;,&quot;operands&quot;:[&quot;[$Description]&quot;,&quot;MINPAD-1HP&quot;]},&quot;sp-css-color-PeachFont&quot;,{&quot;operator&quot;:&quot;:&quot;,&quot;operands&quot;:[{&quot;operator&quot;:&quot;==&quot;,&quot;operands&quot;:[&quot;[$Description]&quot;,&quot;NETWORK&quot;]},&quot;sp-css-color-SageFont&quot;,{&quot;operator&quot;:&quot;:&quot;,&quot;operands&quot;:[{&quot;operator&quot;:&quot;==&quot;,&quot;operands&quot;:[&quot;[$Description]&quot;,&quot;PADMOUNT&quot;]},&quot;sp-css-color-LightPurpleFont&quot;,{&quot;operator&quot;:&quot;:&quot;,&quot;operands&quot;:[{&quot;operator&quot;:&quot;==&quot;,&quot;operands&quot;:[&quot;[$Description]&quot;,&quot;PARTS&quot;]},&quot;sp-css-color-VioletFont&quot;,{&quot;operator&quot;:&quot;:&quot;,&quot;operands&quot;:[{&quot;operator&quot;:&quot;==&quot;,&quot;operands&quot;:[&quot;[$Description]&quot;,&quot;PLAQUE ANCRAGE&quot;]},&quot;sp-css-color-LightBlueFont&quot;,{&quot;operator&quot;:&quot;:&quot;,&quot;operands&quot;:[{&quot;operator&quot;:&quot;==&quot;,&quot;operands&quot;:[&quot;[$Description]&quot;,&quot;SPAREPARTS&quot;]},&quot;sp-css-color-LilacFont&quot;,{&quot;operator&quot;:&quot;:&quot;,&quot;operands&quot;:[{&quot;operator&quot;:&quot;==&quot;,&quot;operands&quot;:[&quot;[$Description]&quot;,&quot;SUBSTATION&quot;]},&quot;sp-css-color-LightGrayFont&quot;,{&quot;operator&quot;:&quot;:&quot;,&quot;operands&quot;:[{&quot;operator&quot;:&quot;==&quot;,&quot;operands&quot;:[&quot;[$Description]&quot;,&quot;SUBSTATION + LTC&quot;]},&quot;sp-css-color-WhiteFont&quot;,{&quot;operator&quot;:&quot;:&quot;,&quot;operands&quot;:[{&quot;operator&quot;:&quot;==&quot;,&quot;operands&quot;:[&quot;[$Description]&quot;,&quot;SUBST-STACK&quot;]},&quot;sp-css-color-WhiteFont&quot;,{&quot;operator&quot;:&quot;:&quot;,&quot;operands&quot;:[{&quot;operator&quot;:&quot;==&quot;,&quot;operands&quot;:[&quot;[$Description]&quot;,&quot;SUBWAY&quot;]},&quot;sp-css-color-WhiteFont&quot;,{&quot;operator&quot;:&quot;:&quot;,&quot;operands&quot;:[{&quot;operator&quot;:&quot;==&quot;,&quot;operands&quot;:[&quot;[$Description]&quot;,&quot;Choice 18&quot;]},&quot;sp-css-color-WhiteFont&quot;,{&quot;operator&quot;:&quot;:&quot;,&quot;operands&quot;:[{&quot;operator&quot;:&quot;==&quot;,&quot;operands&quot;:[&quot;[$Description]&quot;,&quot;VAULT1-HP&quot;]},&quot;sp-css-color-WhiteFont&quot;,&quot;&quot;]}]}]}]}]}]}]}]}]}]}]}]}]}]}]}]}]}]}}}]}],&quot;templateId&quot;:&quot;BgColorChoicePill&quot;}\" DisplayName=\"Description\" FillInChoice=\"TRUE\" Format=\"Dropdown\" Name=\"Description\" Title=\"Description\" Type=\"Choice\" ID=\"{434d0b55-745a-432d-8f54-1fe47cb201b4}\" StaticName=\"Description\" Required=\"FALSE\" EnforceUniqueValues=\"FALSE\" Indexed=\"FALSE\"><CHOICES><CHOICE>ANNEX</CHOICE><CHOICE>FLAT FRONT</CHOICE><CHOICE>Goujon</CHOICE><CHOICE>MALT</CHOICE><CHOICE>MALT + SA</CHOICE><CHOICE>MINPAD-1HP</CHOICE><CHOICE>NETWORK</CHOICE><CHOICE>PADMOUNT</CHOICE><CHOICE>PARTS</CHOICE><CHOICE>PLAQUE ANCRAGE</CHOICE><CHOICE>SPAREPARTS</CHOICE><CHOICE>SUBSTATION</CHOICE><CHOICE>SUBSTATION + LTC</CHOICE><CHOICE>SUBST-STACK</CHOICE><CHOICE>SUBWAY</CHOICE><CHOICE>VAULT1-HP</CHOICE></CHOICES></Field>","<Field Type=\"Text\" DisplayName=\"JS #\" Required=\"FALSE\" EnforceUniqueValues=\"FALSE\" Indexed=\"FALSE\" MaxLength=\"255\" ID=\"{29bab08c-be67-4a22-88dc-aec82a182635}\" StaticName=\"JS_x0020__x0023_\" Name=\"JS_x0020__x0023_\" />","<Field DisplayName=\"Latest_Model_Revision_TextField\" Format=\"Dropdown\" IsModern=\"TRUE\" MaxLength=\"255\" Name=\"Latest_Model_Revision_TextField\" Title=\"Latest_Model_Revision_TextField\" Type=\"Text\" ID=\"{b4558831-5112-4534-b713-ef9de39fef95}\" StaticName=\"Latest_Model_Revision_TextField\" />","<Field DisplayName=\"SA Model\" Format=\"Dropdown\" IsModern=\"TRUE\" Name=\"SAModel\" Title=\"SA Model\" Type=\"Boolean\" ID=\"{6ddfe715-484b-4d9f-bc55-51c33607e68f}\" StaticName=\"SAModel\"><Default>0</Default></Field>","<Field DisplayName=\"Parent_Model_TextField\" Format=\"Dropdown\" IsModern=\"TRUE\" MaxLength=\"255\" Name=\"Parent_Model_TextField\" Title=\"Parent_Model_TextField\" Type=\"Text\" ID=\"{7995726b-5304-4ca3-9595-6e0e49e96796}\" StaticName=\"Parent_Model_TextField\" />","<Field ID=\"{82642ec8-ef9b-478f-acf9-31f7d45fbc31}\" ReadOnly=\"TRUE\" Type=\"Computed\" Name=\"LinkTitle\" DisplayName=\"Title\" DisplayNameSrcField=\"Title\" ClassInfo=\"Menu\" AuthoringInfo=\"(linked to item with edit menu)\" ListItemMenuAllowed=\"Required\" LinkToItemAllowed=\"Prohibited\" SourceID=\"http://schemas.microsoft.com/sharepoint/v3\" StaticName=\"LinkTitle\" FromBaseType=\"TRUE\"><FieldRefs><FieldRef Name=\"Title\" /><FieldRef Name=\"LinkTitleNoMenu\" /><FieldRef Name=\"_EditMenuTableStart2\" /><FieldRef Name=\"_EditMenuTableEnd\" /></FieldRefs><DisplayPattern><FieldSwitch><Expr><GetVar Name=\"FreeForm\" /></Expr><Case Value=\"TRUE\"><Field Name=\"LinkTitleNoMenu\" /></Case><Default><HTML><![CDATA[<div class=\"ms-vb itx\" onmouseover=\"OnItem(this)\" CTXName=\"ctx]]></HTML><Field Name=\"_EditMenuTableStart2\" /><HTML><![CDATA[\">]]></HTML><Field Name=\"LinkTitleNoMenu\" /><HTML><![CDATA[</div>]]></HTML><HTML><![CDATA[<div class=\"s4-ctx\" onmouseover=\"OnChildItem(this.parentNode); return false;\">]]></HTML><HTML><![CDATA[<span>&nbsp;</span>]]></HTML><HTML><![CDATA[<a onfocus=\"OnChildItem(this.parentNode.parentNode); return false;\" onclick=\"PopMenuFromChevron(event); return false;\" href=\"javascript:;\" title=\"Open Menu\"></a>]]></HTML><HTML><![CDATA[<span>&nbsp;</span>]]></HTML><HTML><![CDATA[</div>]]></HTML></Default></FieldSwitch></DisplayPattern></Field>"]}
"Model_ID","Client","Latest Model Revision","Latest_Model_Revision_TextField","SA Model","Parent Model","Parent_Model_TextField","Spec_ID","Model_Code","Modification_Status","Notes","Created","Created_By","Modified","Modified_By","Estimated Effort","Current Changes Priority","Changes Due Date","Client_ID_TextField","Is Cancelled","kVA and kV","Model Type","Description","Oil Type","Oil Amount","Core Type","JS %23","Phases","Info+","Protector & Switchgear Item %23","SFRA","Configuration","Section Qty","Cable","Form","Copper (LV)","Wire (HV)","Overcoil","ID"
"M-HYQU-0001","HYDRO QUEBEC","MR-HYQU-0001-V1","MR-HYQU-0001-V1","False",,,,"1001912-22A","Up to Date",,"2026-05-04T14:16:19Z","soleil.anker@ermco-eci.com","2026-08-13T17:37:34Z","soleil.anker@ermco-eci.com","0","ASAP",,"HYQU","False","2,000","ANNEX","ANNEX","A2","1,620","Cogent","32","3",,,,"HQ",,,"10,75x13,5","2x 45*16","2x 102*204","16.75","466"
"M-HYQU-0002","HYDRO QUEBEC","MR-HYQU-0002-V1","MR-HYQU-0002-V1","False",,,,"G21523","Up to Date",,"2026-05-04T14:20:36Z","soleil.anker@ermco-eci.com","2026-08-13T17:37:34Z","soleil.anker@ermco-eci.com","0","ASAP",,"HYQU","False","24.94","ZIG-ZAG + SA","MALT + SA","A2","5,160","Annexe","40","3",,,,"stack",,,"ronde","9x 64*207","9x 64*207","33.625","468"
"M-HYQU-0003","HYDRO QUEBEC","MR-HYQU-0003-V1","MR-HYQU-0003-V1","False",,,,"REPARATION","Up to Date",,"2026-05-04T14:23:48Z","soleil.anker@ermco-eci.com","2026-08-13T17:37:34Z","soleil.anker@ermco-eci.com","0","ASAP",,"HYQU","False","1,500","PADMOUNT","PADMOUNT","A2","1,805","None","5","3",,,,"HQ","0","0","7.5x10.25","45*12","91*182","1,675","469"
"M-HYQU-0004","HYDRO QUEBEC","MR-HYQU-0004-V1","MR-HYQU-0004-V1","False",,,,"N/A","Up to Date",,"2026-05-04T14:24:20Z","soleil.anker@ermco-eci.com","2026-08-13T17:37:34Z","soleil.anker@ermco-eci.com","0","ASAP",,"HYQU","False","2,494","ZIG-ZAG + SA",,"A2",,"Cogent",,,,,,"stackore",,"na","ronde","45*10","11,5 RD","1,125","470"
"M-HYQU-0005","HYDRO QUEBEC","MR-HYQU-0005-V1","MR-HYQU-0005-V1","False",,,"STERD S5/010","1001893-22","Minor Changes",,"2025-12-02T17:34:37Z","soleil.anker@ermco-eci.com","2026-08-13T17:37:34Z","soleil.anker@ermco-eci.com","4","ASAP","2026-03-17T04:00:00Z","HYQU","False","500","ANNEX","ANNEX","A2","900","Amorphe","32","3",,,,"HQ",,,"7,25x11,75","45*10","10RD","11","87"
"M-HYQU-0006","HYDRO QUEBEC","MR-HYQU-0006-V1","MR-HYQU-0006-V1","False",,,"STERD S5/010","1001903-22","Up to Date",,"2025-12-02T17:35:37Z","soleil.anker@ermco-eci.com","2026-08-13T17:37:34Z","soleil.anker@ermco-eci.com","0","ASAP",,"HYQU","False","1,000","ANNEX","ANNEX","A2","1,170","Amorphe","32","3",,,,,,,"7,75x14","50*14","102*204","15","88"
"M-HYQU-0007","HYDRO QUEBEC","MR-HYQU-0007-V1","MR-HYQU-0007-V1","False",,,"STERD S5/010","1001912-22","Up to Date",,"2025-12-02T17:36:26Z","soleil.anker@ermco-eci.com","2026-08-13T17:37:34Z","soleil.anker@ermco-eci.com","0","ASAP",,"HYQU","False","2,000","ANNEX","ANNEX","A2","1,620","Cogent","32","3",,,,"HQ",,,"10,75x13,5","2x 45*16","2x 102*204","16.75","89"
"M-HYQU-0008","HYDRO QUEBEC","MR-HYQU-0008-V1","MR-HYQU-0008-V1","False",,,"STERD S5/011","1002104-22","Up to Date",,"2025-12-02T17:37:32Z","soleil.anker@ermco-eci.com","2026-08-13T17:37:35Z","soleil.anker@ermco-eci.com","0","ASAP",,"HYQU","False","250","SUBMERSIBLE","SUBWAY","A2","670",,"24","1",,,,,,,"7,125x12,25","33*10 50*10","91*182","11.5","90"
"M-HYQU-0009","HYDRO QUEBEC","MR-HYQU-0009-V1","MR-HYQU-0009-V1","False",,,"STERD S5/011","1002113-22","Up to Date",,"2025-12-02T17:38:21Z","soleil.anker@ermco-eci.com","2026-08-13T17:37:35Z","soleil.anker@ermco-eci.com","0",,,"HYQU","False","333","SUBMERSIBLE","SUBWAY","A2","670","Amorphe","24","1",,,,"HQ Mono",,"na","8,75x11,75","2x 50*14","114*228","14.75","91"
"M-HYQU-0010","HYDRO QUEBEC","MR-HYQU-0010-V1","MR-HYQU-0010-V1","False",,,"STERD S5/011","1191450-22","Up to Date","Ancient Model Code&#58;
1002158-22","2025-12-02T17:40:08Z","soleil.anker@ermco-eci.com","2026-08-13T17:37:35Z","soleil.anker@ermco-eci.com","0","ASAP",,"HYQU","False","250","SUBMERSIBLE","SUBWAY","A2","490",,"27","1",,,,,,,"8.5x11.75","45*16","102*204","16.75","92"
"M-HYQU-0011","HYDRO QUEBEC","MR-HYQU-0011-V1","MR-HYQU-0011-V1","False",,,"STERD S5/011","1191449-22","Up to Date","Ancient Model Code&#58;
1002178-22","2025-12-02T17:41:00Z","soleil.anker@ermco-eci.com","2026-08-13T17:37:35Z","soleil.anker@ermco-eci.com","0","ASAP",,"HYQU","False","250","SUBMERSIBLE","SUBWAY-1PH","A2","490",,"27","1",,,,,,"NA","7,625x11,75","2x 45*12","91*182","13","93"
"M-HYQU-0012","HYDRO QUEBEC","MR-HYQU-0012-V1","MR-HYQU-0012-V1","False",,,"STERD S5/012","1002394-22","Up to Date",,"2025-12-02T17:44:02Z","soleil.anker@ermco-eci.com","2026-08-13T17:37:35Z","soleil.anker@ermco-eci.com","0","ASAP",,"HYQU","False","500","SUBMERSIBLE","SUBWAY","A2","1,010","Amorphe","24","3",,,,"HQ",,,"8,75x8,875","33*14","81*162","15","94"
"M-HYQU-0013","HYDRO QUEBEC","MR-HYQU-0013-V1","MR-HYQU-0013-V1","False",,,"STERD S5/012","1002403-22","Moderate Changes",,"2025-12-02T17:45:48Z","soleil.anker@ermco-eci.com","2026-08-13T17:37:35Z","soleil.anker@ermco-eci.com","7",,,"HYQU","False","1,000","SUBMERSIBLE","SUBWAY","A2","1,510","Amorphe","25","3",,,,"HQ",,"na","10,375x11,75","33*14 50*14","128*256","15","95"
"M-HYQU-0014","HYDRO QUEBEC","MR-HYQU-0014-V1","MR-HYQU-0014-V1","False",,,"STERD S5/011","1002458-22","Up to Date",,"2025-12-02T17:46:52Z","soleil.anker@ermco-eci.com","2026-08-13T17:37:35Z","soleil.anker@ermco-eci.com","0","ASAP",,"HYQU","False","167","SUBMERSIBLE","SUBWAY","A2","260","Amorphe","24","1",,,,"hq (mono)",,,"7,875x11,75","2x 33*12","81*162","12.75","96"
"M-HYQU-0015","HYDRO QUEBEC","MR-HYQU-0015-V1","MR-HYQU-0015-V1","False",,,"STERD S5/008","1002551-22","Up to Date",,"2025-12-02T17:48:45Z","soleil.anker@ermco-eci.com","2026-08-13T17:37:35Z","soleil.anker@ermco-eci.com","0","ASAP",,"HYQU","False","100","MINPAD","MINPAD-1PH","A2","360","Amorphe","1","1",,,,"HQ",,,"7,25x8,875","33*12","11,5 RD","12.75","97"
"M-HYQU-0016","HYDRO QUEBEC","MR-HYQU-0016-V1","MR-HYQU-0016-V1","False",,,"STERD S5/009","1002801-22","Up to Date",,"2025-12-02T17:50:03Z","soleil.anker@ermco-eci.com","2026-08-13T17:37:35Z","soleil.anker@ermco-eci.com","0",,,"HYQU","False","750","PADMOUNT","PADMOUNT","A2","1,650","Cogent","5","3",,,,"HQ",,,"7,5x12,25","45*14","91*182","15","98"
"M-HYQU-0017","HYDRO QUEBEC","MR-HYQU-0017-V1","MR-HYQU-0017-V1","False",,,"STERD S5/009","1002812-22","Up to Date",,"2025-12-02T17:51:22Z","soleil.anker@ermco-eci.com","2026-08-13T17:37:35Z","soleil.anker@ermco-eci.com","0",,,"HYQU","False","1,500","PADMOUNT","PADMOUNT","A2","1,810","Cogent","5","3",,,,"HQ",,,"10x13,5","2x 45*16","128*256","17","99"
"M-HYQU-0018","HYDRO QUEBEC","MR-HYQU-0018-V1","MR-HYQU-0018-V1","False",,,"STERD S5/009","1002817-22","Up to Date",,"2025-12-02T17:52:11Z","soleil.anker@ermco-eci.com","2026-08-13T17:37:36Z","soleil.anker@ermco-eci.com","0","ASAP",,"HYQU","False","2,500","PADMOUNT","PADMOUNT","A2","1,840","Cogent","5","3",,,,"HQ",,,"10,375x13,5","2x 45*16","2x 114*228","17","100"
"M-HYQU-0019","HYDRO QUEBEC","MR-HYQU-0019-V1","MR-HYQU-0019-V1","False",,,"STERD S5/009","1002839-22","Moderate Changes",,"2025-12-02T17:53:13Z","soleil.anker@ermco-eci.com","2026-08-13T17:37:36Z","soleil.anker@ermco-eci.com","8","Next Order","1969-12-31T05:00:00Z","HYQU","False","500","PADMOUNT","PADMOUNT","A2",,"Cogent","4",,,,,,,,,,,,"101"
"M-HYQU-0020","HYDRO QUEBEC","MR-HYQU-0020-V1","MR-HYQU-0020-V1","False",,,"STERD S5/009","1002846-22","Major Changes",,"2025-12-02T17:53:52Z","soleil.anker@ermco-eci.com","2026-08-13T17:37:36Z","soleil.anker@ermco-eci.com","9","Next Order","1969-12-31T05:00:00Z","HYQU","False","750","PADMOUNT","PADMOUNT","A2",,"Cogent","5",,,,,,,,,,,,"102"
"M-HYQU-0021","HYDRO QUEBEC","MR-HYQU-0021-V1","MR-HYQU-0021-V1","False",,,"STERD S5/009","1002851-22","Moderate Changes",,"2025-12-02T17:54:53Z","soleil.anker@ermco-eci.com","2026-08-13T17:37:36Z","soleil.anker@ermco-eci.com","7","Next Order","1969-12-31T05:00:00Z","HYQU","False","1,500","PADMOUNT","PADMOUNT","A2",,"Cogent","5",,,,,,,,,,,,"103"
"M-HYQU-0022","HYDRO QUEBEC","MR-HYQU-0022-V1","MR-HYQU-0022-V1","False",,,"STERD S5/009","1002859-22","Minor Changes",,"2025-12-02T17:56:43Z","soleil.anker@ermco-eci.com","2026-08-13T17:37:36Z","soleil.anker@ermco-eci.com","2","Next Order","1969-12-31T05:00:00Z","HYQU","False","2,500","PADMOUNT","PADMOUNT","A2","1,850","Cogent","5","3",,,,,,,"10.375x13.5","2x 45*16","2x 114*228","17","104"
"M-HYQU-0023","HYDRO QUEBEC","MR-HYQU-0023-V1","MR-HYQU-0023-V1","False",,,"STERD S5/009","1002882-22","Moderate Changes",,"2025-12-02T17:57:47Z","soleil.anker@ermco-eci.com","2026-08-13T17:37:36Z","soleil.anker@ermco-eci.com","8","Next Order","1969-12-31T05:00:00Z","HYQU","False","750","PADMOUNT","PADMOUNT","A2",,"Cogent","5",,,,,,,,,,,,"105"
"M-HYQU-0024","HYDRO QUEBEC","MR-HYQU-0024-V1","MR-HYQU-0024-V1","False",,,"STERD S5/009","1002890-22","Minor Changes",,"2025-12-02T17:58:37Z","soleil.anker@ermco-eci.com","2026-08-13T17:37:36Z","soleil.anker@ermco-eci.com","1","Next Order","1969-12-31T05:00:00Z","HYQU","False","1,500","PADMOUNT","PADMOUNT","A2","1,810","Cogent","5","3",,,,,,,"10x13.5","2x 45*16","128*256","17","106"
"M-HYQU-0025","HYDRO QUEBEC","MR-HYQU-0025-V1","MR-HYQU-0025-V1","False",,,"STERD S5/009","1089550-22","Minor Changes",,"2025-12-02T17:59:19Z","soleil.anker@ermco-eci.com","2026-08-13T17:37:36Z","soleil.anker@ermco-eci.com","2","Next Order","1969-12-31T05:00:00Z","HYQU","False","500","PADMOUNT","PADMOUNT","A2","1,140","Amorphe","4","3",,,,,,,"7.25x11.75","33*12","9RD","13.5","107"
"M-HYQU-0026","HYDRO QUEBEC","MR-HYQU-0026-V1","MR-HYQU-0026-V1","False",,,"MYDS-065-1-78-4","1120261-22","Major Changes",,"2025-12-02T18:00:42Z","soleil.anker@ermco-eci.com","2026-08-13T17:37:36Z","soleil.anker@ermco-eci.com","9","ASAP","2026-01-22T05:00:00Z","HYQU","False","667","ANNEX",,"None",,"None",,,,,,,,,,,,,"108"
"M-HYQU-0027","HYDRO QUEBEC","MR-HYQU-0027-V1","MR-HYQU-0027-V1","False",,,"STERD S5/009","1144341-22","Minor Changes",,"2025-12-02T18:01:30Z","soleil.anker@ermco-eci.com","2026-08-13T17:37:36Z","soleil.anker@ermco-eci.com","1","Next Order","1969-12-31T05:00:00Z","HYQU","False","1,500","PADMOUNT","PADMOUNT","A2","1,820","None","5","3",,,,,,,"9x13.5","33*16 50*16","114*228","17","109"
"M-HYQU-0028","HYDRO QUEBEC","MR-HYQU-0028-V1","MR-HYQU-0028-V1","False",,,"STERD S5/009","1146703-22","Minor Changes",,"2025-12-02T18:02:32Z","soleil.anker@ermco-eci.com","2026-08-13T17:37:37Z","soleil.anker@ermco-eci.com","3","Next Order","1969-12-31T05:00:00Z","HYQU","False","2,500","PADMOUNT","PADMOUNT","A2",,"None","5",,,,,,,,,,,,"110"
"M-HYQU-0029","HYDRO QUEBEC","MR-HYQU-0029-V1","MR-HYQU-0029-V1","False",,,,"1149646-22","Major Changes",,"2025-12-02T18:03:12Z","soleil.anker@ermco-eci.com","2026-08-13T17:37:37Z","soleil.anker@ermco-eci.com","11","Next Order","1969-12-31T05:00:00Z","HYQU","False","500","PADMOUNT",,"None",,"None",,,,,,,,,,,,,"111"
"M-HYQU-0030","HYDRO QUEBEC","MR-HYQU-0030-V1","MR-HYQU-0030-V1","False",,,"STERD S5/009","1149648-22","Moderate Changes",,"2025-12-02T18:05:10Z","soleil.anker@ermco-eci.com","2026-08-13T17:37:37Z","soleil.anker@ermco-eci.com","8","Next Order","1969-12-31T05:00:00Z","HYQU","False","1,500","PADMOUNT","PADMOUNT","A2",,"None","5",,,,,,,,,,,,"113"
"M-HYQU-0031","HYDRO QUEBEC","MR-HYQU-0031-V1","MR-HYQU-0031-V1","False",,,,"1153212-22","Major Changes",,"2025-12-02T18:05:41Z","soleil.anker@ermco-eci.com","2026-08-13T17:37:37Z","soleil.anker@ermco-eci.com","11","Next Order","1969-12-31T05:00:00Z","HYQU","False","500","PADMOUNT",,"None",,"None",,,,,,,,,,,,,"114"
"M-HYQU-0032","HYDRO QUEBEC","MR-HYQU-0032-V1","MR-HYQU-0032-V1","False",,,"STERD S5/009","1153214-22","Minor Changes",,"2025-12-02T18:06:24Z","soleil.anker@ermco-eci.com","2026-08-13T17:37:37Z","soleil.anker@ermco-eci.com","2","Next Order","1969-12-31T05:00:00Z","HYQU","False","1,500","PADMOUNT","PADMOUNT","A2",,"None","5",,,,,,,,,,,,"115"
"M-HYQU-0033","HYDRO QUEBEC","MR-HYQU-0033-V1","MR-HYQU-0033-V1","False",,,"STERD S5/009","1153215-22","Up to Date",,"2025-12-02T18:07:04Z","soleil.anker@ermco-eci.com","2026-08-13T17:37:37Z","soleil.anker@ermco-eci.com","0",,,"HYQU","False","2,500","PADMOUNT","PADMOUNT","A2","2,270","None","5","3",,,,,,,"10.5x13.5","2x 45*24","2x 114*228","25","116"
"M-HYQU-0034","HYDRO QUEBEC","MR-HYQU-0034-V1","MR-HYQU-0034-V1","False",,,"STERD S5/012","1166476-22","Minor Changes",,"2025-12-02T18:07:55Z","soleil.anker@ermco-eci.com","2026-08-13T17:37:37Z","soleil.anker@ermco-eci.com","1","ASAP",,"HYQU","False","1,000","SUBMERSIBLE","SUBWAY","A2",,"None","25",,,,,,,,,,,,"117"
"M-HYQU-0035","HYDRO QUEBEC","MR-HYQU-0035-V1","MR-HYQU-0035-V1","False",,,,"1169812-22","Major Changes",,"2025-12-02T18:08:24Z","soleil.anker@ermco-eci.com","2026-08-13T17:37:37Z","soleil.anker@ermco-eci.com","10","Next Order","1969-12-31T05:00:00Z","HYQU","False","3,000","PADMOUNT",,"None",,"None",,,,,,,,,,,,,"118"
"M-HYQU-0036","HYDRO QUEBEC","MR-HYQU-0036-V1","MR-HYQU-0036-V1","False",,,,"1169813-22","Major Changes",,"2025-12-02T18:08:54Z","soleil.anker@ermco-eci.com","2026-08-13T17:37:37Z","soleil.anker@ermco-eci.com","10","Next Order","1969-12-31T05:00:00Z","HYQU","False","3,000","PADMOUNT",,"None",,"None",,,,,,,,,,,,,"119"
"M-HYQU-0037","HYDRO QUEBEC","MR-HYQU-0037-V1","MR-HYQU-0037-V1","False",,,"1600-00/20-070","1149647-22","Minor Changes",,"2025-12-02T18:21:44Z","soleil.anker@ermco-eci.com","2026-08-13T17:37:37Z","soleil.anker@ermco-eci.com","1","ASAP",,"HYQU","False","750","PADMOUNT","PADMOUNT","A2",,"None",,,,,,,,,,,,,"120"
"M-HYQU-0038","HYDRO QUEBEC","MR-HYQU-0038-V1","MR-HYQU-0038-V1","False",,,,"663",,,"2026-04-24T05:05:06Z","soleil.anker@ermco-eci.com","2026-08-13T17:37:37Z","soleil.anker@ermco-eci.com","0",,,"HYQU","False","1,000","ZIG-ZAG","MALT","A2","6,210","Annexe","22","3",,,,,,,"ronde","9x 70*244","9x 70*244","28.125","275"
"M-HYQU-0039","HYDRO QUEBEC","MR-HYQU-0039-V1","MR-HYQU-0039-V1","False",,,,"20757",,,"2026-04-24T05:12:33Z","soleil.anker@ermco-eci.com","2026-08-13T17:37:38Z","soleil.anker@ermco-eci.com",,,,"HYQU","False","29.4","ZIG-ZAG","MALT","A2","3,830",,"22","3","PROTECTOR",,,"stackore",,"na","ronde","9x 70*219","70*219","34,313","294"
"M-HYQU-0040","HYDRO QUEBEC","MR-HYQU-0040-V1","MR-HYQU-0040-V1","False",,,,"1001608",,,"2026-04-24T05:13:40Z","soleil.anker@ermco-eci.com","2026-08-13T17:37:38Z","soleil.anker@ermco-eci.com",,,,"HYQU","False","667","C2","VAULT-1PH","A2","700",,"3","1",,,,"HQ Mono",,,"10,375x13,5","2x 50*14","114*228","15","348"
"M-HYQU-0041","HYDRO QUEBEC","MR-HYQU-0041-V1","MR-HYQU-0041-V1","False",,,,"1001903",,,"2026-04-24T05:13:40Z","soleil.anker@ermco-eci.com","2026-08-13T17:37:38Z","soleil.anker@ermco-eci.com",,,,"HYQU","False","1,000","ANNEX","ANNEX","A2","1,125","Amorphe","32","3",,,,"HQ",,,"7,625x13,25","50*14","102*204","14.75","349"
"M-HYQU-0042","HYDRO QUEBEC","MR-HYQU-0042-V1","MR-HYQU-0042-V1","False",,,,"1001912",,,"2026-04-24T05:13:41Z","soleil.anker@ermco-eci.com","2026-08-13T17:37:38Z","soleil.anker@ermco-eci.com","0","ASAP",,"HYQU","False","2,000","ANNEX","ANNEX","A2","1,620","Cogent","32","3",,,,"HQ",,,"10,75x13,5","2x 45*16","2x 102*204","16.75","350"
"M-HYQU-0043","HYDRO QUEBEC","MR-HYQU-0043-V1","MR-HYQU-0043-V1","False",,,,"1002081",,,"2026-04-24T05:13:42Z","soleil.anker@ermco-eci.com","2026-08-13T17:37:38Z","soleil.anker@ermco-eci.com",,,,"HYQU","False","333","SUBMERSIBLE","SUBWAY-1PH","A2","720","Cogent","27","1",,,,"HQ Mono",,,"8.875x10.25","50*14","114*228","14.75","351"
"M-HYQU-0044","HYDRO QUEBEC","MR-HYQU-0044-V1","MR-HYQU-0044-V1","False",,,,"1002113",,,"2026-04-24T05:13:44Z","soleil.anker@ermco-eci.com","2026-08-13T17:37:38Z","soleil.anker@ermco-eci.com",,,,"HYQU","False","333","SUBMERSIBLE","SUBWAY","A2","670","Cogent","24","1",,,,"HQ Mono",,"na","8,875x10,25","2x 50*14","114*228","14.75","352"
"M-HYQU-0045","HYDRO QUEBEC","MR-HYQU-0045-V1","MR-HYQU-0045-V1","False",,,,"1002394",,,"2026-04-24T05:13:45Z","soleil.anker@ermco-eci.com","2026-08-13T17:37:38Z","soleil.anker@ermco-eci.com",,,,"HYQU","False","500","SUBMERSIBLE","SUBWAY","A2","965","Cogent","24","3",,,,"HQ",,"na","8x10,25","33*14","91*182","14.75","353"
"M-HYQU-0046","HYDRO QUEBEC","MR-HYQU-0046-V1","MR-HYQU-0046-V1","False",,,,"1002403",,,"2026-04-24T05:13:46Z","soleil.anker@ermco-eci.com","2026-08-13T17:37:38Z","soleil.anker@ermco-eci.com",,,,"HYQU","False","1,000","SUBMERSIBLE","SUBWAY","A2","0","Amorphe","25","3",,,,"HQ",,"na",,,,,"354"
"M-HYQU-0047","HYDRO QUEBEC","MR-HYQU-0047-V1","MR-HYQU-0047-V1","False",,,,"1002417",,,"2026-04-24T05:13:47Z","soleil.anker@ermco-eci.com","2026-08-13T17:37:38Z","soleil.anker@ermco-eci.com",,,,"HYQU","False","300","SUBMERSIBLE","SUBWAY","A2","810",,"24","3",,,,"HQ",,"na","6x10,25","20*12","11RD","13.5","355"
"M-HYQU-0048","HYDRO QUEBEC","MR-HYQU-0048-V1","MR-HYQU-0048-V1","False",,,,"1002458",,,"2026-04-24T05:13:48Z","soleil.anker@ermco-eci.com","2026-08-13T17:37:38Z","soleil.anker@ermco-eci.com",,,,"HYQU","False","167","SUBMERSIBLE","SUBWAY","A2","220","Cogent","24","1",,,,"HQ Mono",,,"6,625x12,25","2x 33*12","91*182","13","356"
"M-HYQU-0049","HYDRO QUEBEC","MR-HYQU-0049-V1","MR-HYQU-0049-V1","False",,,,"1002801",,,"2026-04-24T05:13:49Z","soleil.anker@ermco-eci.com","2026-08-13T17:37:38Z","soleil.anker@ermco-eci.com",,,,"HYQU","False","750","PADMOUNT","PADMOUNT","A2","1,685","Cogent","5","3",,,,"HQ",,,"7,25x10,25","45*12","91*182","13","357"
"M-HYQU-0050","HYDRO QUEBEC","MR-HYQU-0050-V1","MR-HYQU-0050-V1","False",,,,"1002812",,,"2026-04-24T05:13:51Z","soleil.anker@ermco-eci.com","2026-08-13T17:37:39Z","soleil.anker@ermco-eci.com",,,,"HYQU","False","1,500","PADMOUNT","PADMOUNT","A2","1,805",,"5","3",,,,"HQ",,,"10x13,5","2x 45*16","128*256","17","358"
"M-HYQU-0051","HYDRO QUEBEC","MR-HYQU-0051-V1","MR-HYQU-0051-V1","False",,,,"1002817",,,"2026-04-24T05:13:51Z","soleil.anker@ermco-eci.com","2026-08-13T17:37:39Z","soleil.anker@ermco-eci.com",,,,"HYQU","False","2,500","PADMOUNT","PADMOUNT","A2","1,845","Cogent","5","3",,,,"HQ",,,"10,375x13,5","2x 45*16","2x 114*228","17","359"
"M-HYQU-0052","HYDRO QUEBEC","MR-HYQU-0052-V1","MR-HYQU-0052-V1","False",,,,"1002846",,,"2026-04-24T05:13:52Z","soleil.anker@ermco-eci.com","2026-08-13T17:37:39Z","soleil.anker@ermco-eci.com",,,,"HYQU","False","750","PADMOUNT","PADMOUNT","A2","1,615","Cogent","5","3",,,,"HQ",,,"7*10,25","45*12","91*182","13","360"
"M-HYQU-0053","HYDRO QUEBEC","MR-HYQU-0053-V1","MR-HYQU-0053-V1","False",,,,"1002851",,,"2026-04-24T05:13:53Z","soleil.anker@ermco-eci.com","2026-08-13T17:37:39Z","soleil.anker@ermco-eci.com",,,,"HYQU","False","1,500","PADMOUNT","PADMOUNT","A2","1,820","Cogent","5","3",,,,"HQ",,,"9,875x13,5","2x 45*14","128*256","15","361"
"M-HYQU-0054","HYDRO QUEBEC","MR-HYQU-0054-V1","MR-HYQU-0054-V1","False",,,,"1002859",,,"2026-04-24T05:13:55Z","soleil.anker@ermco-eci.com","2026-08-13T17:37:39Z","soleil.anker@ermco-eci.com",,,,"HYQU","False","2,500","PADMOUNT","PADMOUNT","A2","1,845",,"5","3",,,,"HQ",,,"10,375x13,5","2x 45*16","2x 114*228","17","362"
"M-HYQU-0055","HYDRO QUEBEC","MR-HYQU-0055-V1","MR-HYQU-0055-V1","False",,,,"1002890",,,"2026-04-24T05:13:55Z","soleil.anker@ermco-eci.com","2026-08-13T17:37:39Z","soleil.anker@ermco-eci.com",,,,"HYQU","False","1,500","PADMOUNT","PADMOUNT","A2","1,125",,"5","3",,,,,,,"10x13,5","2x 45*16","128*256","16.75","363"
"M-HYQU-0056","HYDRO QUEBEC","MR-HYQU-0056-V1","MR-HYQU-0056-V1","False",,,,"1089550",,,"2026-04-24T05:53:29Z","soleil.anker@ermco-eci.com","2026-08-13T17:37:39Z","soleil.anker@ermco-eci.com",,,,"HYQU","False","500","PADMOUNT","PADMOUNT","A2","1,125",,"5","3",,,,,,,"6,75x10,25","45*12","9RD","12.75","365"
"M-HYQU-0057","HYDRO QUEBEC","MR-HYQU-0057-V1","MR-HYQU-0057-V1","False",,,,"1146703",,,"2026-04-24T05:53:30Z","soleil.anker@ermco-eci.com","2026-08-13T17:37:39Z","soleil.anker@ermco-eci.com",,,,"HYQU","False","2,500","PADMOUNT","PADMOUNT","A2","2,270","Cogent","5","3",,,,"HQ","WC","*","10,5x13,5","2x 45*24","2x 114*228","25","366"
"M-HYQU-0058","HYDRO QUEBEC","MR-HYQU-0058-V1","MR-HYQU-0058-V1","False",,,,"1149649",,,"2026-04-24T05:53:30Z","soleil.anker@ermco-eci.com","2026-08-13T17:37:39Z","soleil.anker@ermco-eci.com",,,,"HYQU","False","2,500","PADMOUNT","PADMOUNT","A2","2,330",,"5","3",,,,,,,"10,5x13,5","2x 45*24","2x 114*228","25","367"
"M-HYQU-0059","HYDRO QUEBEC","MR-HYQU-0059-V1","MR-HYQU-0059-V1","False",,,,"1153215",,,"2026-04-24T05:53:31Z","soleil.anker@ermco-eci.com","2026-08-13T17:37:39Z","soleil.anker@ermco-eci.com",,,,"HYQU","False","2,500","PADMOUNT","PADMOUNT","A2","2,333",,"5","3",,,,"HQ",,,"10,5x13,5","2x 45*24","114*228","25","368"
"M-HYQU-0060","HYDRO QUEBEC","MR-HYQU-0060-V1","MR-HYQU-0060-V1","False",,,,"1166058",,,"2026-04-24T05:53:31Z","soleil.anker@ermco-eci.com","2026-08-13T17:37:39Z","soleil.anker@ermco-eci.com",,,,"HYQU","False","24.9","ZIG-ZAG","MALT","A2","3,440","Annexe","23","3","T8",,,,,"na","ronde","125*400","125*400","34.625","369"
"M-HYQU-0061","HYDRO QUEBEC","MR-HYQU-0061-V1","MR-HYQU-0061-V1","False",,,,"1171120",,,"2026-04-24T05:53:31Z","soleil.anker@ermco-eci.com","2026-08-13T17:37:40Z","soleil.anker@ermco-eci.com",,,,"HYQU","False","69","ZIG-ZAG","MALT","A2","4,720","Annexe","22","3",,,,,,,"ronde","4x 88*111","4x 88*111","31.75","370"
"M-HYQU-0062","HYDRO QUEBEC","MR-HYQU-0062-V1","MR-HYQU-0062-V1","False",,,,"1190831-22",,,"2026-04-24T05:53:32Z","soleil.anker@ermco-eci.com","2026-08-13T17:37:40Z","soleil.anker@ermco-eci.com",,,,"HYQU","False","3,000","PADMOUNT","PADMOUNT","A2","4,260",,"5","3",,,,,,,"ronde","7x 65*232","108*253  126*271","34.88","371"
"M-HYQU-0063","HYDRO QUEBEC","MR-HYQU-0063-V1","MR-HYQU-0063-V1","False",,,,"1203364",,,"2026-04-24T05:53:32Z","soleil.anker@ermco-eci.com","2026-08-13T17:37:40Z","soleil.anker@ermco-eci.com",,,,"HYQU","False","0","0","Goujon",,"0",,"32","0",,,,,,,,,,,"372"
"M-HYQU-0064","HYDRO QUEBEC","MR-HYQU-0064-V1","MR-HYQU-0064-V1","False",,,,"4251081",,,"2026-04-24T05:53:33Z","soleil.anker@ermco-eci.com","2026-08-13T17:37:40Z","soleil.anker@ermco-eci.com",,,,"HYQU","False","24.9","ZIG-ZAG + SA","MALT + SA","A2","5,260","Annexe","40","3",,,,,,,"ronde","9x 64*207","9x 64*207","33.625","374"
"M-HYQU-0065","HYDRO QUEBEC","MR-HYQU-0065-V1","MR-HYQU-0065-V1","False",,,,"4251082",,,"2026-04-24T05:53:33Z","soleil.anker@ermco-eci.com","2026-08-13T17:37:40Z","soleil.anker@ermco-eci.com",,,,"HYQU","False","24.94","MALT + SA","MALT + SA","A2","6,210","Annexe","40","3","TYPE TEST",,,"stack",,,"ronde","9x 70*244","9x 70*244","28.125","375"
"M-HYQU-0066","HYDRO QUEBEC","MR-HYQU-0066-V1","MR-HYQU-0066-V1","False",,,,"4261859",,,"2026-04-24T05:53:34Z","soleil.anker@ermco-eci.com","2026-08-13T17:37:40Z","soleil.anker@ermco-eci.com",,,,"HYQU","False","24.94","ZIG-ZAG","MALT","A2","3,440","Annexe","22","3",,,,"stack",,"na","ronde","5x 70*246","5x 70*246","23.875","376"
"M-HYQU-0067","HYDRO QUEBEC","MR-HYQU-0067-V1","MR-HYQU-0067-V1","False",,,,"4261865",,,"2026-04-24T05:53:34Z","soleil.anker@ermco-eci.com","2026-08-13T17:37:40Z","soleil.anker@ermco-eci.com",,,,"HYQU","False","13.8","ZIG-ZAG + SA","MALT + SA",,,"Annexe","40","3","TYPE TEST",,,"stack",,,"ronde",,,,"377"
"M-HYQU-0068","HYDRO QUEBEC","MR-HYQU-0068-V1","MR-HYQU-0068-V1","False",,,,"4261870",,,"2026-04-24T05:53:34Z","soleil.anker@ermco-eci.com","2026-08-13T17:37:40Z","soleil.anker@ermco-eci.com",,,,"HYQU","False","24.94","ZIG-ZAG + SA","MALT + SA","A2","6,210","Annexe","40","3",,,,,,,"ronde","9x 70*244","9x 70*244","28.125","378"
"M-HYQU-0069","HYDRO QUEBEC","MR-HYQU-0069-V1","MR-HYQU-0069-V1","False",,,,"4261871",,,"2026-04-24T05:53:35Z","soleil.anker@ermco-eci.com","2026-08-13T17:37:40Z","soleil.anker@ermco-eci.com",,,,"HYQU","False","26.4","ZIG-ZAG + SA","MALT + SA","A2","5,260","Annexe","22","3",,,,,,,,,,,"379"
"M-HYQU-0070","HYDRO QUEBEC","MR-HYQU-0070-V1","MR-HYQU-0070-V1","False",,,,"4276087",,,"2026-04-24T05:53:36Z","soleil.anker@ermco-eci.com","2026-08-13T17:37:40Z","soleil.anker@ermco-eci.com",,,,"HYQU","False","12.5","ZIG-ZAG + SA","MALT + SA","A2","6,200","Annexe","40","3","TYPE TEST",,,,,,,,,,"380"
"M-HYQU-0071","HYDRO QUEBEC","MR-HYQU-0071-V1","MR-HYQU-0071-V1","False",,,,"4276269",,,"2026-04-24T05:53:35Z","soleil.anker@ermco-eci.com","2026-08-13T17:37:40Z","soleil.anker@ermco-eci.com",,,,"HYQU","False","12.5","LTC","LTC","A2","8,160","Annexe","40","3",,,,,,,"ronde","0.020*27.000","2x 0.040*27.000","30.25","381"
"M-HYQU-0072","HYDRO QUEBEC","MR-HYQU-0072-V1","MR-HYQU-0072-V1","False",,,,"4276691",,,"2026-04-24T05:53:36Z","soleil.anker@ermco-eci.com","2026-08-13T17:37:40Z","soleil.anker@ermco-eci.com",,,,"HYQU","False","12.5","LTC","LTC","A2","8,200","Annexe","40","3","TYPE TEST",,,,,,"ronde","2x 32*34","2x 112*301  2x 130*319","37.25","382"
"M-HYQU-0073","HYDRO QUEBEC","MR-HYQU-0073-V1","MR-HYQU-0073-V1","False",,,,"42510001",,,"2026-04-24T05:53:37Z","soleil.anker@ermco-eci.com","2026-08-13T17:37:41Z","soleil.anker@ermco-eci.com",,,,"HYQU","False","24.9","ZIG-ZAG","MALT","A2","3,830","Annexe","22","3",,,,,,"na","ronde","9x 64*207","9x 64*207","33.625","385"
"M-HYQU-0074","HYDRO QUEBEC","MR-HYQU-0074-V1","MR-HYQU-0074-V1","False",,,,"1002158-22",,,"2026-04-24T05:53:41Z","soleil.anker@ermco-eci.com","2026-08-13T17:37:41Z","soleil.anker@ermco-eci.com",,,,"HYQU","False","250","SUBMERSIBLE","SUBWAY-1PH",,"0","Amorphe",,"1",,,,,,,,,,,"396"
"M-HYQU-0075","HYDRO QUEBEC","MR-HYQU-0075-V1","MR-HYQU-0075-V1","False",,,,"1002178-22",,,"2026-04-24T05:53:42Z","soleil.anker@ermco-eci.com","2026-08-13T17:37:41Z","soleil.anker@ermco-eci.com",,,,"HYQU","False","250","SUBMERSIBLE","SUBWAY-1PH","A2","490","Amorphe","27","1",,,,,,,"7,625x11,75","2x 45*12","91*182","13","397"
"M-HYQU-0076","HYDRO QUEBEC","MR-HYQU-0076-V1","MR-HYQU-0076-V1","False",,,,"4251081/1166353",,,"2026-04-24T05:53:42Z","soleil.anker@ermco-eci.com","2026-08-13T17:37:41Z","soleil.anker@ermco-eci.com",,,,"HYQU","False","300","MALT + SA","MALT + SA",,"0",,"22","3",,,,,,,,,,,"398"
"M-HYQU-0077","HYDRO QUEBEC","MR-HYQU-0077-V1","MR-HYQU-0077-V1","False",,,,"4251082/1166354",,,"2026-04-24T05:53:42Z","soleil.anker@ermco-eci.com","2026-08-13T17:37:41Z","soleil.anker@ermco-eci.com",,,,"HYQU","False","1,000","MALT + SA","MALT + SA",,"0",,"22","3",,,,,,,,,,,"399"
"M-HYQU-0078","HYDRO QUEBEC","MR-HYQU-0078-V1","MR-HYQU-0078-V1","False",,,,"4276269/1189342",,,"2026-04-24T05:53:43Z","soleil.anker@ermco-eci.com","2026-08-13T17:37:41Z","soleil.anker@ermco-eci.com",,,,"HYQU","False","3,000","LTC","LTC",,"0",,"22","3",,,,,,,,,,,"400"
"M-HYQU-0079","HYDRO QUEBEC","MR-HYQU-0079-V1","MR-HYQU-0079-V1","False",,,,"4276086/1189360",,,"2026-04-24T05:53:43Z","soleil.anker@ermco-eci.com","2026-08-13T17:37:41Z","soleil.anker@ermco-eci.com",,,,"HYQU","False","3,000","LTC","LTC",,"0",,"22","3",,,,,,,,,,,"401"
"M-HYQU-0080","HYDRO QUEBEC","MR-HYQU-0080-V1","MR-HYQU-0080-V1","False",,,,"4276087/1189361",,,"2026-04-24T05:53:44Z","soleil.anker@ermco-eci.com","2026-08-13T17:37:41Z","soleil.anker@ermco-eci.com",,,,"HYQU","False","1,000","LTC","LTC",,"0",,"22","3",,,,,,,,,,,"402"
"M-HYQU-0081","HYDRO QUEBEC","MR-HYQU-0081-V1","MR-HYQU-0081-V1","False",,,,"4276691/1189843",,,"2026-04-24T05:53:44Z","soleil.anker@ermco-eci.com","2026-08-13T17:37:41Z","soleil.anker@ermco-eci.com",,,,"HYQU","False","3,000","LTC","LTC",,"0",,"22","3",,,,,,,,,,,"403"
"M-HYQU-0082","HYDRO QUEBEC","MR-HYQU-0082-V1","MR-HYQU-0082-V1","False",,,,"4251001 / 1166058",,,"2026-04-24T05:53:44Z","soleil.anker@ermco-eci.com","2026-08-13T17:37:41Z","soleil.anker@ermco-eci.com",,,,"HYQU","False","24.9","ZIG-ZAG","MALT","A2","3,830","Annexe","22","3",,,,,,"na","ronde","9x 64*207","9x 64*207","33.625","405"
"M-HYQU-0083","HYDRO QUEBEC","MR-HYQU-0083-V1","MR-HYQU-0083-V1","False",,,,"G1168A122",,,"2026-04-24T05:53:49Z","soleil.anker@ermco-eci.com","2026-08-13T17:37:41Z","soleil.anker@ermco-eci.com",,,,"HYQU","False","0","0","PLAQUE ANCRAGE",,"0",,"32","0",,,,,,,,,,,"417"
"M-HYQU-0084","HYDRO QUEBEC","MR-HYQU-0084-V1","MR-HYQU-0084-V1","False",,,,"TMP10",,,"2026-04-24T05:56:32Z","soleil.anker@ermco-eci.com","2026-08-13T17:37:42Z","soleil.anker@ermco-eci.com",,,,"HYQU","False","3,000","POWER-LTC","SUBSTATION LTC","A2","6,900","Annexe","21","3",,,,,,,"ronde","2x 35*34","2x 112*270  130*288","37.25","431"
"M-HYQU-0085","HYDRO QUEBEC","MR-HYQU-0085-V1","MR-HYQU-0085-V1","False",,,,"TMP11",,,"2026-04-24T05:56:32Z","soleil.anker@ermco-eci.com","2026-08-13T17:37:42Z","soleil.anker@ermco-eci.com",,,,"HYQU","False","3,000","POWER-LTC","SUBSTATION LTC","A2","8,160","Annexe","21","3",,,,,,,"ronde",,,,"432"
"M-HYQU-0086","HYDRO QUEBEC","MR-HYQU-0086-V1","MR-HYQU-0086-V1","False",,,,"TMP3",,,"2026-04-24T05:56:33Z","soleil.anker@ermco-eci.com","2026-08-13T17:37:42Z","soleil.anker@ermco-eci.com",,,,"HYQU","False","24.94","ZIG-ZAG + SA","MALT + SA","A2","5,980","Annexe","40","3",,,,,,"na","ronde","9x 70*244","9x 70*244","28.125","434"
"M-HYQU-0087","HYDRO QUEBEC","MR-HYQU-0087-V1","MR-HYQU-0087-V1","False",,,,"TMP4",,,"2026-04-24T05:56:33Z","soleil.anker@ermco-eci.com","2026-08-13T17:37:42Z","soleil.anker@ermco-eci.com",,,,"HYQU","False","24.94","ZIG-ZAG + SA","MALT + SA","A2","5,980","Annexe","40","3",,,,,,"na","9,375x10,25","50*14","81*162","15","435"
"M-HYQU-0088","HYDRO QUEBEC","MR-HYQU-0088-V1","MR-HYQU-0088-V1","False",,,,"TMP5",,,"2026-04-24T05:56:34Z","soleil.anker@ermco-eci.com","2026-08-13T17:37:42Z","soleil.anker@ermco-eci.com",,,,"HYQU","False","24.94","ZIG-ZAG","MALT","A2","3,830","Annexe","22","3",,,,,,"na","ronde","9x 64*207","9x 64*207","33.625","436"
"M-HYQU-0089","HYDRO QUEBEC","MR-HYQU-0089-V1","MR-HYQU-0089-V1","False",,,,"TMP6",,,"2026-04-24T05:56:34Z","soleil.anker@ermco-eci.com","2026-08-13T17:37:42Z","soleil.anker@ermco-eci.com",,,,"HYQU","False","24.94","ZIG-ZAG + SA","MALT + SA","A2","5,250","Annexe","40","3",,,,,,"na","8,375x9,25","45*10","11,5RD","11.25","437"
"M-HYQU-0090","HYDRO QUEBEC","MR-HYQU-0090-V1","MR-HYQU-0090-V1","False",,,,"TMP7",,,"2026-04-24T05:56:35Z","soleil.anker@ermco-eci.com","2026-08-13T17:37:42Z","soleil.anker@ermco-eci.com",,,,"HYQU","False","3,000","POWER-LTC","SUBSTATION LTC","A2","8,080","Annexe","21","3",,,,"HQ Stack Core",,,"ronde","2x 44*29","9x 70*252","31","438"
"M-HYQU-0091","HYDRO QUEBEC","MR-HYQU-0091-V1","MR-HYQU-0091-V1","False",,,,"TMP8",,,"2026-04-24T05:56:35Z","soleil.anker@ermco-eci.com","2026-08-13T17:37:42Z","soleil.anker@ermco-eci.com",,,,"HYQU","False","24.94","POWER-LTC","SUBSTATION LTC","B2","6,280","Annexe","21","3",,,,,,"na","ronde","2x 35*30,250","2x 113*266","32.5","439"
"M-HYQU-0092","HYDRO QUEBEC","MR-HYQU-0092-V1","MR-HYQU-0092-V1","False",,,,"TMP9",,,"2026-04-24T05:56:36Z","soleil.anker@ermco-eci.com","2026-08-13T17:37:42Z","soleil.anker@ermco-eci.com",,,,"HYQU","False","4.16","ZIG-ZAG + SA","MALT + SA","A2","2,970","Annexe","40","3","RAPPORT SISMIQUE",,,,,,"ronde","114*228","114*228","10.625","440"
"M-HYQU-0093","HYDRO QUEBEC","MR-HYQU-0093-V1","MR-HYQU-0093-V1","False",,,,"1002560","Up to Date",,"2026-06-26T17:31:22Z","patrick.vaillancourt@pioneertransformers.com","2026-08-13T17:37:42Z","soleil.anker@ermco-eci.com","0","ASAP",,"HYQU","False","167","MINPAD","MINPAD-1HP","A2","335","None","1","1",,,,,,,"7.25x8.875","45*16","9RD","17.25","498"
"M-HYQU-0094","HYDRO QUEBEC","MR-HYQU-0094-V1","MR-HYQU-0094-V1","False",,,,"G22110","Up to Date",,"2026-07-06T13:49:13Z","patrick.vaillancourt@pioneertransformers.com","2026-08-13T17:37:43Z","soleil.anker@ermco-eci.com","0","ASAP",,"HYQU","False","500","MALT + SA","MALT + SA","None",,"None","22","3",,,,,,,,,,,"502"
"M-HYQU-0095","HYDRO QUEBEC","MR-HYQU-0095-V1","MR-HYQU-0095-V1","False",,,,"4301872/1204685","Up to Date",,"2026-06-22T17:59:17Z","patrick.vaillancourt@pioneertransformers.com","2026-08-13T17:37:43Z","soleil.anker@ermco-eci.com","0","ASAP",,"HYQU","False","6,000","MALT + SA","MALT + SA","None",,"None","22","3",,,,,,,,,,,"493"
"M-HYQU-0096","HYDRO QUEBEC","MR-HYQU-0096-V1","MR-HYQU-0096-V1","False",,,,"426870","Up to Date",,"2026-08-13T23:02:13Z","soleil.anker@ermco-eci.com","2026-08-13T23:40:33Z","soleil.anker@ermco-eci.com","0","ASAP",,"HYQU","False","0","None",,"None",,"None",,,,,,,,,,,,,"513"
"M-HYQU-0097","HYDRO QUEBEC","MR-HYQU-0097-V1","MR-HYQU-0097-V1","False",,,,"4276699","Up to Date",,"2026-08-13T23:02:47Z","soleil.anker@ermco-eci.com","2026-08-13T23:40:33Z","soleil.anker@ermco-eci.com","0","ASAP",,"HYQU","False","0","None",,"None",,"None",,,,,,,,,,,,,"514"
"MSA-HYQU-0002","HYDRO QUEBEC","MRSA-HYQU-0064-V1","MRSA-HYQU-0064-V1","True","G21523","G21523",,"G21523 SA","Up to Date",,"2026-08-13T23:20:22Z","soleil.anker@ermco-eci.com","2026-08-13T23:39:56Z","soleil.anker@ermco-eci.com","0","ASAP",,"HYQU","False","0","None",,"None",,"None",,,,,,,,,,,,,"527"
"MSA-HYQU-0064","HYDRO QUEBEC","MRSA-HYQU-0066-V1","MRSA-HYQU-0066-V1","True","4251081","4251081",,"4251081 SA","Up to Date",,"2026-08-13T23:20:18Z","soleil.anker@ermco-eci.com","2026-08-13T23:39:55Z","soleil.anker@ermco-eci.com","0","ASAP",,"HYQU","False","0","None",,"None",,"None",,,,,,,,,,,,,"515"
"MSA-HYQU-0065","HYDRO QUEBEC","MRSA-HYQU-0069-V1","MRSA-HYQU-0069-V1","True","4251082","4251082",,"4251082 SA","Up to Date",,"2026-08-13T23:20:19Z","soleil.anker@ermco-eci.com","2026-08-13T23:39:55Z","soleil.anker@ermco-eci.com","0","ASAP",,"HYQU","False","0","None",,"None",,"None",,,,,,,,,,,,,"519"
"MSA-HYQU-0066","HYDRO QUEBEC","MRSA-HYQU-0096-V1","MRSA-HYQU-0096-V1","True","4261859","4261859",,"4261859 SA","Up to Date",,"2026-08-13T23:20:19Z","soleil.anker@ermco-eci.com","2026-08-13T23:39:55Z","soleil.anker@ermco-eci.com","0","ASAP",,"HYQU","False","0","None",,"None",,"None",,,,,,,,,,,,,"516"
"MSA-HYQU-0067","HYDRO QUEBEC","MRSA-HYQU-0065-V1","MRSA-HYQU-0065-V1","True","4261865","4261865",,"4261865 SA","Up to Date",,"2026-08-13T23:20:19Z","soleil.anker@ermco-eci.com","2026-08-13T23:39:56Z","soleil.anker@ermco-eci.com","0","ASAP",,"HYQU","False","0","None",,"None",,"None",,,,,,,,,,,,,"520"
"MSA-HYQU-0068","HYDRO QUEBEC","MRSA-HYQU-0067-V1","MRSA-HYQU-0067-V1","True","4261870","4261870",,"4261870 SA","Up to Date",,"2026-08-13T23:20:21Z","soleil.anker@ermco-eci.com","2026-08-13T23:39:55Z","soleil.anker@ermco-eci.com","0","ASAP",,"HYQU","False","0","None",,"None",,"None",,,,,,,,,,,,,"525"
"MSA-HYQU-0069","HYDRO QUEBEC","MRSA-HYQU-0070-V1","MRSA-HYQU-0070-V1","True","4261871","4261871",,"4261871 SA","Up to Date",,"2026-08-13T23:20:18Z","soleil.anker@ermco-eci.com","2026-08-13T23:39:56Z","soleil.anker@ermco-eci.com","0","ASAP",,"HYQU","False","0","None",,"None",,"None",,,,,,,,,,,,,"517"
"MSA-HYQU-0070","HYDRO QUEBEC","MRSA-HYQU-0097-V1","MRSA-HYQU-0097-V1","True","4276087","4276087",,"4276087 SA","Up to Date",,"2026-08-13T23:20:20Z","soleil.anker@ermco-eci.com","2026-08-13T23:39:56Z","soleil.anker@ermco-eci.com","0","ASAP",,"HYQU","False","0","None",,"None",,"None",,,,,,,,,,,,,"521"
"MSA-HYQU-0071","HYDRO QUEBEC","MRSA-HYQU-0082-V1","MRSA-HYQU-0082-V1","True","4276269","4276269",,"4276269","Up to Date",,"2026-08-13T23:20:20Z","soleil.anker@ermco-eci.com","2026-08-13T23:39:58Z","soleil.anker@ermco-eci.com","0","ASAP",,"HYQU","False","0","None",,"None",,"None",,,,,,,,,,,,,"524"
"MSA-HYQU-0076","HYDRO QUEBEC","MRSA-HYQU-0071-V1","MRSA-HYQU-0071-V1","True","4251081/1166353","4251081/1166353",,"4251081/1166353 SA","Up to Date",,"2026-08-13T23:20:22Z","soleil.anker@ermco-eci.com","2026-08-13T23:39:57Z","soleil.anker@ermco-eci.com","0","ASAP",,"HYQU","False","0","None",,"None",,"None",,,,,,,,,,,,,"528"
"MSA-HYQU-0077","HYDRO QUEBEC","MRSA-HYQU-0068-V1","MRSA-HYQU-0068-V1","True","4251082/1166354","4251082/1166354",,"4251082/1166354 SA","Up to Date",,"2026-08-13T23:20:22Z","soleil.anker@ermco-eci.com","2026-08-13T23:39:56Z","soleil.anker@ermco-eci.com","0","ASAP",,"HYQU","False","0","None",,"None",,"None",,,,,,,,,,,,,"529"
"MSA-HYQU-0082","HYDRO QUEBEC","MRSA-HYQU-0092-V1","MRSA-HYQU-0092-V1","True","4251001 / 1166058","4251001 / 1166058",,"4251001 SA","Up to Date",,"2026-08-13T23:20:20Z","soleil.anker@ermco-eci.com","2026-08-13T23:39:55Z","soleil.anker@ermco-eci.com","0","ASAP",,"HYQU","False","0","None",,"None",,"None",,,,,,,,,,,,,"523"
"MSA-HYQU-0092","HYDRO QUEBEC","MRSA-HYQU-0002-V1","MRSA-HYQU-0002-V1","True","TMP9","TMP9",,"TMP9 SA","Up to Date",,"2026-08-13T23:20:21Z","soleil.anker@ermco-eci.com","2026-08-13T23:39:56Z","soleil.anker@ermco-eci.com","0","ASAP",,"HYQU","False","0","None",,"None",,"None",,,,,,,,,,,,,"526"
"MSA-HYQU-0096","HYDRO QUEBEC","MRSA-HYQU-0076-V1","MRSA-HYQU-0076-V1","True","426870","426870",,"426870 SA","Up to Date",,"2026-08-13T23:20:19Z","soleil.anker@ermco-eci.com","2026-08-13T23:39:56Z","soleil.anker@ermco-eci.com","0","ASAP",,"HYQU","False","0","None",,"None",,"None",,,,,,,,,,,,,"518"
"MSA-HYQU-0097","HYDRO QUEBEC","MRSA-HYQU-0077-V1","MRSA-HYQU-0077-V1","True","4276699","4276699",,"4276699 SA","Up to Date",,"2026-08-13T23:20:20Z","soleil.anker@ermco-eci.com","2026-08-13T23:39:55Z","soleil.anker@ermco-eci.com","0","ASAP",,"HYQU","False","0","None",,"None",,"None",,,,,,,,,,,,,"522"
