ListSchema={"schemaXmlList":["<Field ID=\"{fa564e0f-0c70-4ab9-b863-0177e6ddd247}\" Type=\"Text\" Name=\"Title\" DisplayName=\"Title\" Required=\"FALSE\" SourceID=\"http://schemas.microsoft.com/sharepoint/v3\" StaticName=\"Title\" FromBaseType=\"TRUE\" MaxLength=\"255\" />","<Field ID=\"{1df5e554-ec7e-46a6-901d-d85a3881cb18}\" ReadOnly=\"TRUE\" Type=\"User\" List=\"UserInfo\" Name=\"Author\" DisplayName=\"Created_By\" SourceID=\"http://schemas.microsoft.com/sharepoint/v3\" StaticName=\"Author\" FromBaseType=\"TRUE\" Required=\"FALSE\" ShowField=\"ImnName\" />","<Field ID=\"{d31655d1-1d5b-4511-95a1-7a09e9b75bf2}\" ReadOnly=\"TRUE\" Type=\"User\" List=\"UserInfo\" Name=\"Editor\" DisplayName=\"Modified_By\" SourceID=\"http://schemas.microsoft.com/sharepoint/v3\" StaticName=\"Editor\" FromBaseType=\"TRUE\" Required=\"FALSE\" ShowField=\"ImnName\" />","<Field ClientSideComponentId=\"00000000-0000-0000-0000-000000000000\" DisplayName=\"Model_Revion_ID\" EnforceUniqueValues=\"TRUE\" Format=\"Dropdown\" Indexed=\"TRUE\" MaxLength=\"255\" Name=\"ModelID\" Title=\"Model_Revion_ID\" Type=\"Text\" ID=\"{7341f004-bfd1-4148-8e8e-233b3e259027}\" StaticName=\"ModelID\" />","<Field Type=\"Text\" DisplayName=\"Spec_ID\" Required=\"FALSE\" EnforceUniqueValues=\"FALSE\" Indexed=\"FALSE\" MaxLength=\"255\" ID=\"{222ea723-0714-4bcd-b83c-ffeda35c0cb0}\" StaticName=\"SpecID\" Name=\"SpecID\" CustomFormatter=\"\" />","<Field ClientSideComponentId=\"00000000-0000-0000-0000-000000000000\" DisplayName=\"Client_Model_Code\" Format=\"Dropdown\" MaxLength=\"255\" Name=\"ModelName\" Required=\"TRUE\" Title=\"Client_Model_Code\" Type=\"Text\" ID=\"{cd55e311-fa06-43b7-9572-2cb4f30b1f43}\" StaticName=\"ModelName\" />","<Field Type=\"Note\" DisplayName=\"Notes\" Required=\"FALSE\" EnforceUniqueValues=\"FALSE\" Indexed=\"FALSE\" NumLines=\"6\" RichText=\"TRUE\" RichTextMode=\"FullHtml\" IsolateStyles=\"TRUE\" Sortable=\"FALSE\" ID=\"{cb569d8b-53c1-4d3a-90f1-a3b5c99b775e}\" StaticName=\"Notes\" Name=\"Notes\" CustomFormatter=\"\" RestrictedMode=\"TRUE\" AppendOnly=\"FALSE\" />","<Field Type=\"Text\" DisplayName=\"Client_ID_TextField\" Required=\"FALSE\" EnforceUniqueValues=\"FALSE\" Indexed=\"FALSE\" MaxLength=\"255\" ID=\"{afaa104d-4351-4d93-9b9e-83314cf60b23}\" StaticName=\"Client_ID_TextFiel\" Name=\"Client_ID_TextFiel\" CustomFormatter=\"\" />","<Field ClientSideComponentId=\"00000000-0000-0000-0000-000000000000\" CommaSeparator=\"TRUE\" CustomUnitOnRight=\"FALSE\" DisplayName=\"kVA\" Format=\"Dropdown\" Name=\"kVA_x0020_and_x0020_kV\" Percentage=\"FALSE\" Title=\"kVA\" Type=\"Number\" Unit=\"None\" ID=\"{ba47acb3-a901-4b35-a904-a2530aa7c986}\" StaticName=\"kVA_x0020_and_x0020_kV\"><Default>0</Default></Field>","<Field ClientSideComponentId=\"00000000-0000-0000-0000-000000000000\" DisplayName=\"Model Type\" FillInChoice=\"TRUE\" Format=\"Dropdown\" Name=\"Model_x0020_Type\" Title=\"Model Type\" Type=\"Choice\" ID=\"{90acef6a-9d76-4dae-9e78-6bd61349d6b4}\" StaticName=\"Model_x0020_Type\" CustomFormatter=\"\" Required=\"FALSE\" EnforceUniqueValues=\"FALSE\" Indexed=\"FALSE\"><CHOICES><CHOICE>None</CHOICE><CHOICE>1PH PAD (MINIPAD)</CHOICE><CHOICE>3PH PAD (PADMOUNT)</CHOICE><CHOICE>POLEMOUNT</CHOICE><CHOICE>SUBSTATION</CHOICE><CHOICE>NETWORK</CHOICE><CHOICE>1PH SUBMERSIBLE</CHOICE><CHOICE>3PH SUBMERSIBLE</CHOICE><CHOICE>GROUNDING TX</CHOICE></CHOICES><Default>None</Default></Field>","<Field Type=\"Choice\" DisplayName=\"Oil Type\" Required=\"FALSE\" EnforceUniqueValues=\"FALSE\" Indexed=\"FALSE\" Format=\"Dropdown\" FillInChoice=\"TRUE\" ID=\"{e3be1322-4677-489b-aafb-ff3aa653ae84}\" StaticName=\"Oil_x0020_Type\" Name=\"Oil_x0020_Type\" CustomFormatter=\"\"><Default>None</Default><CHOICES><CHOICE>None</CHOICE><CHOICE>A2</CHOICE><CHOICE>B2</CHOICE><CHOICE>BETA</CHOICE><CHOICE>FR3</CHOICE><CHOICE>Inconnu</CHOICE><CHOICE>Luminol</CHOICE><CHOICE>Midel</CHOICE></CHOICES></Field>","<Field Type=\"Choice\" DisplayName=\"Core Type\" Required=\"FALSE\" EnforceUniqueValues=\"FALSE\" Indexed=\"FALSE\" Format=\"Dropdown\" FillInChoice=\"TRUE\" ID=\"{b585289a-af88-4efa-a632-a48c14602e2b}\" StaticName=\"Core_x0020_Type\" Name=\"Core_x0020_Type\" CustomFormatter=\"\"><Default>None</Default><CHOICES><CHOICE>None</CHOICE><CHOICE>Cogent</CHOICE><CHOICE>Amorphe</CHOICE><CHOICE>Annexe</CHOICE></CHOICES></Field>","<Field CommaSeparator=\"TRUE\" CustomUnitOnRight=\"TRUE\" Decimals=\"0\" DisplayName=\"Phases\" Format=\"Dropdown\" IsModern=\"TRUE\" Name=\"Phases\" Percentage=\"FALSE\" Title=\"Phases\" Type=\"Number\" Unit=\"None\" ID=\"{71d85a9d-c008-4ef9-abe4-f46a525a4cc4}\" StaticName=\"Phases\" />","<Field CommaSeparator=\"TRUE\" CustomUnitOnRight=\"TRUE\" DisplayName=\"Oil Amount\" Format=\"Dropdown\" IsModern=\"TRUE\" Name=\"OilAmount\" Percentage=\"FALSE\" Title=\"Oil Amount\" Type=\"Number\" Unit=\"None\" ID=\"{1a6787d8-9efd-4f86-83ff-8454511c200e}\" StaticName=\"OilAmount\" />","<Field DisplayName=\"Cable\" Format=\"Dropdown\" IsModern=\"TRUE\" MaxLength=\"255\" Name=\"Cable\" Title=\"Cable\" Type=\"Text\" ID=\"{a06a4e76-e049-4ccc-908f-7f7d4e5de113}\" StaticName=\"Cable\" />","<Field DisplayName=\"Form\" Format=\"Dropdown\" IsModern=\"TRUE\" MaxLength=\"255\" Name=\"Form\" Title=\"Form\" Type=\"Text\" ID=\"{a40ef034-c521-4e60-b255-4bcdb52af1d6}\" StaticName=\"Form\" />","<Field DisplayName=\"Copper (LV)\" Format=\"Dropdown\" IsModern=\"TRUE\" MaxLength=\"255\" Name=\"Copper_x0028_LV_x0029_\" Title=\"Copper (LV)\" Type=\"Text\" ID=\"{23bf3fab-9e2b-4088-a75f-662b43c4cda2}\" StaticName=\"Copper_x0028_LV_x0029_\" />","<Field DisplayName=\"Wire (HV)\" Format=\"Dropdown\" IsModern=\"TRUE\" MaxLength=\"255\" Name=\"Wire_x0028_HV_x0029_\" Title=\"Wire (HV)\" Type=\"Text\" ID=\"{444aab61-0180-4bec-8c66-78c7bc8e0858}\" StaticName=\"Wire_x0028_HV_x0029_\" />","<Field CommaSeparator=\"TRUE\" CustomUnitOnRight=\"TRUE\" DisplayName=\"Overcoil\" Format=\"Dropdown\" IsModern=\"TRUE\" Name=\"Overcoil\" Percentage=\"FALSE\" Title=\"Overcoil\" Type=\"Number\" Unit=\"None\" ID=\"{b4d09a00-d0ea-48e4-bd39-41cfa4e15306}\" StaticName=\"Overcoil\" />","<Field Name=\"Description\" FromBaseType=\"FALSE\" Type=\"MultiChoice\" DisplayName=\"Model Description\" CustomFormatter=\"{&quot;elmType&quot;:&quot;div&quot;,&quot;style&quot;:{&quot;flex-wrap&quot;:&quot;wrap&quot;,&quot;display&quot;:&quot;flex&quot;},&quot;children&quot;:[{&quot;elmType&quot;:&quot;div&quot;,&quot;style&quot;:{&quot;box-sizing&quot;:&quot;border-box&quot;,&quot;padding&quot;:&quot;4px 8px 5px 8px&quot;,&quot;overflow&quot;:&quot;hidden&quot;,&quot;text-overflow&quot;:&quot;ellipsis&quot;,&quot;display&quot;:&quot;flex&quot;,&quot;border-radius&quot;:&quot;16px&quot;,&quot;height&quot;:&quot;24px&quot;,&quot;align-items&quot;:&quot;center&quot;,&quot;white-space&quot;:&quot;nowrap&quot;,&quot;margin&quot;:&quot;4px 4px 4px 4px&quot;},&quot;attributes&quot;:{&quot;class&quot;:{&quot;operator&quot;:&quot;:&quot;,&quot;operands&quot;:[{&quot;operator&quot;:&quot;==&quot;,&quot;operands&quot;:[&quot;[$Description]&quot;,&quot;ANNEX&quot;]},&quot;sp-css-backgroundColor-BgCornflowerBlue sp-css-color-CornflowerBlueFont sp-css-color-CornflowerBlueFont&quot;,{&quot;operator&quot;:&quot;:&quot;,&quot;operands&quot;:[{&quot;operator&quot;:&quot;==&quot;,&quot;operands&quot;:[&quot;[$Description]&quot;,&quot;FLAT FRONT&quot;]},&quot;sp-css-backgroundColor-BgMintGreen sp-css-color-MintGreenFont sp-css-color-MintGreenFont&quot;,{&quot;operator&quot;:&quot;:&quot;,&quot;operands&quot;:[{&quot;operator&quot;:&quot;==&quot;,&quot;operands&quot;:[&quot;[$Description]&quot;,&quot;Goujon&quot;]},&quot;sp-css-backgroundColor-BgGold sp-css-color-GoldFont sp-css-color-GoldFont&quot;,{&quot;operator&quot;:&quot;:&quot;,&quot;operands&quot;:[{&quot;operator&quot;:&quot;==&quot;,&quot;operands&quot;:[&quot;[$Description]&quot;,&quot;&quot;]},&quot;&quot;,{&quot;operator&quot;:&quot;:&quot;,&quot;operands&quot;:[{&quot;operator&quot;:&quot;==&quot;,&quot;operands&quot;:[&quot;[$Description]&quot;,&quot;MALT&quot;]},&quot;sp-css-backgroundColor-BgCoral sp-css-color-CoralFont sp-css-color-CoralFont&quot;,{&quot;operator&quot;:&quot;:&quot;,&quot;operands&quot;:[{&quot;operator&quot;:&quot;==&quot;,&quot;operands&quot;:[&quot;[$Description]&quot;,&quot;MALT + SA&quot;]},&quot;sp-css-backgroundColor-BgDustRose sp-css-color-DustRoseFont sp-css-color-DustRoseFont&quot;,{&quot;operator&quot;:&quot;:&quot;,&quot;operands&quot;:[{&quot;operator&quot;:&quot;==&quot;,&quot;operands&quot;:[&quot;[$Description]&quot;,&quot;MINPAD-1HP&quot;]},&quot;sp-css-backgroundColor-BgPeach sp-css-color-PeachFont sp-css-color-PeachFont&quot;,{&quot;operator&quot;:&quot;:&quot;,&quot;operands&quot;:[{&quot;operator&quot;:&quot;==&quot;,&quot;operands&quot;:[&quot;[$Description]&quot;,&quot;NETWORK&quot;]},&quot;sp-css-backgroundColor-BgSage sp-css-color-SageFont sp-css-color-SageFont&quot;,{&quot;operator&quot;:&quot;:&quot;,&quot;operands&quot;:[{&quot;operator&quot;:&quot;==&quot;,&quot;operands&quot;:[&quot;[$Description]&quot;,&quot;PADMOUNT&quot;]},&quot;sp-css-backgroundColor-BgLightPurple sp-css-color-LightPurpleFont sp-css-color-LightPurpleFont&quot;,{&quot;operator&quot;:&quot;:&quot;,&quot;operands&quot;:[{&quot;operator&quot;:&quot;==&quot;,&quot;operands&quot;:[&quot;[$Description]&quot;,&quot;PARTS&quot;]},&quot;sp-css-backgroundColor-BgViolet sp-css-color-VioletFont sp-css-color-VioletFont&quot;,{&quot;operator&quot;:&quot;:&quot;,&quot;operands&quot;:[{&quot;operator&quot;:&quot;==&quot;,&quot;operands&quot;:[&quot;[$Description]&quot;,&quot;PLAQUE ANCRAGE&quot;]},&quot;sp-css-backgroundColor-BgLightBlue sp-css-color-LightBlueFont sp-css-color-LightBlueFont&quot;,{&quot;operator&quot;:&quot;:&quot;,&quot;operands&quot;:[{&quot;operator&quot;:&quot;==&quot;,&quot;operands&quot;:[&quot;[$Description]&quot;,&quot;SPAREPARTS&quot;]},&quot;sp-css-backgroundColor-BgLilac sp-css-color-LilacFont sp-css-color-LilacFont&quot;,{&quot;operator&quot;:&quot;:&quot;,&quot;operands&quot;:[{&quot;operator&quot;:&quot;==&quot;,&quot;operands&quot;:[&quot;[$Description]&quot;,&quot;SUBSTATION&quot;]},&quot;sp-css-backgroundColor-BgLightGray sp-css-color-LightGrayFont sp-css-color-LightGrayFont&quot;,{&quot;operator&quot;:&quot;:&quot;,&quot;operands&quot;:[{&quot;operator&quot;:&quot;==&quot;,&quot;operands&quot;:[&quot;[$Description]&quot;,&quot;SUBSTATION + LTC&quot;]},&quot;sp-css-backgroundColor-BgBlue sp-css-color-WhiteFont sp-css-color-WhiteFont&quot;,{&quot;operator&quot;:&quot;:&quot;,&quot;operands&quot;:[{&quot;operator&quot;:&quot;==&quot;,&quot;operands&quot;:[&quot;[$Description]&quot;,&quot;SUBST-STACK&quot;]},&quot;sp-css-backgroundColor-BgGreen sp-css-color-WhiteFont sp-css-color-WhiteFont&quot;,{&quot;operator&quot;:&quot;:&quot;,&quot;operands&quot;:[{&quot;operator&quot;:&quot;==&quot;,&quot;operands&quot;:[&quot;[$Description]&quot;,&quot;SUBWAY&quot;]},&quot;sp-css-backgroundColor-BgBrown sp-css-color-WhiteFont sp-css-color-WhiteFont&quot;,{&quot;operator&quot;:&quot;:&quot;,&quot;operands&quot;:[{&quot;operator&quot;:&quot;==&quot;,&quot;operands&quot;:[&quot;[$Description]&quot;,&quot;Choice 18&quot;]},&quot;sp-css-backgroundColor-BgDarkRed sp-css-color-WhiteFont sp-css-color-WhiteFont&quot;,{&quot;operator&quot;:&quot;:&quot;,&quot;operands&quot;:[{&quot;operator&quot;:&quot;==&quot;,&quot;operands&quot;:[&quot;[$Description]&quot;,&quot;VAULT1-HP&quot;]},&quot;sp-css-backgroundColor-BgRed sp-css-color-WhiteFont sp-css-color-WhiteFont&quot;,&quot;sp-field-borderAllRegular sp-field-borderAllSolid sp-css-borderColor-neutralSecondary&quot;]}]}]}]}]}]}]}]}]}]}]}]}]}]}]}]}]}]}},&quot;children&quot;:[{&quot;elmType&quot;:&quot;span&quot;,&quot;style&quot;:{&quot;overflow&quot;:&quot;hidden&quot;,&quot;text-overflow&quot;:&quot;ellipsis&quot;,&quot;padding&quot;:&quot;0 3px&quot;},&quot;txtContent&quot;:&quot;[$Description]&quot;,&quot;attributes&quot;:{&quot;class&quot;:{&quot;operator&quot;:&quot;:&quot;,&quot;operands&quot;:[{&quot;operator&quot;:&quot;==&quot;,&quot;operands&quot;:[&quot;[$Description]&quot;,&quot;ANNEX&quot;]},&quot;sp-css-color-CornflowerBlueFont&quot;,{&quot;operator&quot;:&quot;:&quot;,&quot;operands&quot;:[{&quot;operator&quot;:&quot;==&quot;,&quot;operands&quot;:[&quot;[$Description]&quot;,&quot;FLAT FRONT&quot;]},&quot;sp-css-color-MintGreenFont&quot;,{&quot;operator&quot;:&quot;:&quot;,&quot;operands&quot;:[{&quot;operator&quot;:&quot;==&quot;,&quot;operands&quot;:[&quot;[$Description]&quot;,&quot;Goujon&quot;]},&quot;sp-css-color-GoldFont&quot;,{&quot;operator&quot;:&quot;:&quot;,&quot;operands&quot;:[{&quot;operator&quot;:&quot;==&quot;,&quot;operands&quot;:[&quot;[$Description]&quot;,&quot;&quot;]},&quot;&quot;,{&quot;operator&quot;:&quot;:&quot;,&quot;operands&quot;:[{&quot;operator&quot;:&quot;==&quot;,&quot;operands&quot;:[&quot;[$Description]&quot;,&quot;MALT&quot;]},&quot;sp-css-color-CoralFont&quot;,{&quot;operator&quot;:&quot;:&quot;,&quot;operands&quot;:[{&quot;operator&quot;:&quot;==&quot;,&quot;operands&quot;:[&quot;[$Description]&quot;,&quot;MALT + SA&quot;]},&quot;sp-css-color-DustRoseFont&quot;,{&quot;operator&quot;:&quot;:&quot;,&quot;operands&quot;:[{&quot;operator&quot;:&quot;==&quot;,&quot;operands&quot;:[&quot;[$Description]&quot;,&quot;MINPAD-1HP&quot;]},&quot;sp-css-color-PeachFont&quot;,{&quot;operator&quot;:&quot;:&quot;,&quot;operands&quot;:[{&quot;operator&quot;:&quot;==&quot;,&quot;operands&quot;:[&quot;[$Description]&quot;,&quot;NETWORK&quot;]},&quot;sp-css-color-SageFont&quot;,{&quot;operator&quot;:&quot;:&quot;,&quot;operands&quot;:[{&quot;operator&quot;:&quot;==&quot;,&quot;operands&quot;:[&quot;[$Description]&quot;,&quot;PADMOUNT&quot;]},&quot;sp-css-color-LightPurpleFont&quot;,{&quot;operator&quot;:&quot;:&quot;,&quot;operands&quot;:[{&quot;operator&quot;:&quot;==&quot;,&quot;operands&quot;:[&quot;[$Description]&quot;,&quot;PARTS&quot;]},&quot;sp-css-color-VioletFont&quot;,{&quot;operator&quot;:&quot;:&quot;,&quot;operands&quot;:[{&quot;operator&quot;:&quot;==&quot;,&quot;operands&quot;:[&quot;[$Description]&quot;,&quot;PLAQUE ANCRAGE&quot;]},&quot;sp-css-color-LightBlueFont&quot;,{&quot;operator&quot;:&quot;:&quot;,&quot;operands&quot;:[{&quot;operator&quot;:&quot;==&quot;,&quot;operands&quot;:[&quot;[$Description]&quot;,&quot;SPAREPARTS&quot;]},&quot;sp-css-color-LilacFont&quot;,{&quot;operator&quot;:&quot;:&quot;,&quot;operands&quot;:[{&quot;operator&quot;:&quot;==&quot;,&quot;operands&quot;:[&quot;[$Description]&quot;,&quot;SUBSTATION&quot;]},&quot;sp-css-color-LightGrayFont&quot;,{&quot;operator&quot;:&quot;:&quot;,&quot;operands&quot;:[{&quot;operator&quot;:&quot;==&quot;,&quot;operands&quot;:[&quot;[$Description]&quot;,&quot;SUBSTATION + LTC&quot;]},&quot;sp-css-color-WhiteFont&quot;,{&quot;operator&quot;:&quot;:&quot;,&quot;operands&quot;:[{&quot;operator&quot;:&quot;==&quot;,&quot;operands&quot;:[&quot;[$Description]&quot;,&quot;SUBST-STACK&quot;]},&quot;sp-css-color-WhiteFont&quot;,{&quot;operator&quot;:&quot;:&quot;,&quot;operands&quot;:[{&quot;operator&quot;:&quot;==&quot;,&quot;operands&quot;:[&quot;[$Description]&quot;,&quot;SUBWAY&quot;]},&quot;sp-css-color-WhiteFont&quot;,{&quot;operator&quot;:&quot;:&quot;,&quot;operands&quot;:[{&quot;operator&quot;:&quot;==&quot;,&quot;operands&quot;:[&quot;[$Description]&quot;,&quot;Choice 18&quot;]},&quot;sp-css-color-WhiteFont&quot;,{&quot;operator&quot;:&quot;:&quot;,&quot;operands&quot;:[{&quot;operator&quot;:&quot;==&quot;,&quot;operands&quot;:[&quot;[$Description]&quot;,&quot;VAULT1-HP&quot;]},&quot;sp-css-color-WhiteFont&quot;,&quot;&quot;]}]}]}]}]}]}]}]}]}]}]}]}]}]}]}]}]}]}}}]}],&quot;templateId&quot;:&quot;BgColorChoicePill&quot;}\" Required=\"FALSE\" EnforceUniqueValues=\"FALSE\" Indexed=\"FALSE\" FillInChoice=\"TRUE\" ID=\"{434d0b55-745a-432d-8f54-1fe47cb201b4}\" StaticName=\"Description\"><CHOICES><CHOICE>POWER-S</CHOICE><CHOICE>POWER-W</CHOICE><CHOICE>C2</CHOICE><CHOICE>UNITIZED</CHOICE><CHOICE>FLAT FRONT</CHOICE><CHOICE>MALT</CHOICE><CHOICE>MALT + SA</CHOICE><CHOICE>ZIG-ZAG</CHOICE><CHOICE>ZIG-ZAG + SA</CHOICE><CHOICE>PARTS</CHOICE><CHOICE>SPAREPARTS</CHOICE><CHOICE>SUBSTATION</CHOICE><CHOICE>SUBST-STACK</CHOICE><CHOICE>SUBWAY</CHOICE><CHOICE>1PH-VAULT</CHOICE><CHOICE>3PH-VAULT</CHOICE><CHOICE>LTC</CHOICE></CHOICES></Field>","<Field Type=\"Text\" DisplayName=\"JS #\" Required=\"FALSE\" EnforceUniqueValues=\"FALSE\" Indexed=\"FALSE\" MaxLength=\"255\" ID=\"{29bab08c-be67-4a22-88dc-aec82a182635}\" StaticName=\"JS_x0020__x0023_\" Name=\"JS_x0020__x0023_\" />","<Field DisplayName=\"Spec_Revision\" Format=\"Dropdown\" IsModern=\"TRUE\" MaxLength=\"255\" Name=\"Spec_Revision\" Title=\"Spec_Revision\" Type=\"Text\" ID=\"{7c6ec7c9-d9a6-4902-8fe2-1034d3417af4}\" StaticName=\"Spec_Revision\" />","<Field DisplayName=\"Spec_Date\" FriendlyDisplayFormat=\"Disabled\" Format=\"DateOnly\" IsModern=\"TRUE\" Name=\"Spec_Date\" Title=\"Spec_Date\" Type=\"DateTime\" ID=\"{c81050f2-00fe-46fa-a9df-b548963fffbe}\" StaticName=\"Spec_Date\" />","<Field DisplayName=\"Pioneer_Model_Code_TextField\" Format=\"Dropdown\" IsModern=\"TRUE\" MaxLength=\"255\" Name=\"Pioneer_Model_Code_TextField\" Title=\"Pioneer_Model_Code_TextField\" Type=\"Text\" ID=\"{177f08a5-e11b-4532-bd3a-27322f275104}\" StaticName=\"Pioneer_Model_Code_TextField\" />","<Field CommaSeparator=\"TRUE\" CustomUnitOnRight=\"TRUE\" DisplayName=\"Primary Voltage\" Format=\"Dropdown\" IsModern=\"TRUE\" Name=\"PrimaryVoltage\" Percentage=\"FALSE\" Title=\"Primary Voltage\" Type=\"Number\" Unit=\"None\" ID=\"{a5ab48d9-e91c-4c8c-8df3-3075e7c0b1ad}\" StaticName=\"PrimaryVoltage\" />","<Field CommaSeparator=\"TRUE\" CustomUnitOnRight=\"TRUE\" DisplayName=\"Secondary Voltage\" Format=\"Dropdown\" IsModern=\"TRUE\" Name=\"SecondaryVoltage\" Percentage=\"FALSE\" Title=\"Secondary Voltage\" Type=\"Number\" Unit=\"None\" ID=\"{c31aea03-b61c-4593-b76c-eeffaf15ea05}\" StaticName=\"SecondaryVoltage\" />","<Field DisplayName=\"Duplicate_Order_TextField\" Format=\"Dropdown\" IsModern=\"TRUE\" MaxLength=\"255\" Name=\"Duplicate_Order_TextField\" Title=\"Duplicate_Order_TextField\" Type=\"Text\" ID=\"{49030783-c5d0-4757-a82d-a567bd6a7f21}\" StaticName=\"Duplicate_Order_TextField\" />","<Field CustomFormatter=\"{&quot;elmType&quot;:&quot;div&quot;,&quot;style&quot;:{&quot;flex-wrap&quot;:&quot;wrap&quot;,&quot;display&quot;:&quot;flex&quot;},&quot;children&quot;:[{&quot;elmType&quot;:&quot;div&quot;,&quot;style&quot;:{&quot;box-sizing&quot;:&quot;border-box&quot;,&quot;padding&quot;:&quot;4px 8px 5px 8px&quot;,&quot;overflow&quot;:&quot;hidden&quot;,&quot;text-overflow&quot;:&quot;ellipsis&quot;,&quot;display&quot;:&quot;flex&quot;,&quot;border-radius&quot;:&quot;16px&quot;,&quot;height&quot;:&quot;24px&quot;,&quot;align-items&quot;:&quot;center&quot;,&quot;white-space&quot;:&quot;nowrap&quot;,&quot;margin&quot;:&quot;4px 4px 4px 4px&quot;},&quot;attributes&quot;:{&quot;class&quot;:{&quot;operator&quot;:&quot;:&quot;,&quot;operands&quot;:[{&quot;operator&quot;:&quot;==&quot;,&quot;operands&quot;:[&quot;@currentField&quot;,&quot;A&quot;]},&quot;sp-css-backgroundColor-BgCornflowerBlue sp-field-fontSizeSmall sp-css-color-CornflowerBlueFont sp-css-color-CornflowerBlueFont&quot;,{&quot;operator&quot;:&quot;:&quot;,&quot;operands&quot;:[{&quot;operator&quot;:&quot;==&quot;,&quot;operands&quot;:[&quot;@currentField&quot;,&quot;B1&quot;]},&quot;sp-css-backgroundColor-BgMintGreen sp-field-fontSizeSmall sp-css-color-MintGreenFont sp-css-color-MintGreenFont&quot;,{&quot;operator&quot;:&quot;:&quot;,&quot;operands&quot;:[{&quot;operator&quot;:&quot;==&quot;,&quot;operands&quot;:[&quot;@currentField&quot;,&quot;B2&quot;]},&quot;sp-css-backgroundColor-BgGold sp-field-fontSizeSmall sp-css-color-GoldFont sp-css-color-GoldFont&quot;,{&quot;operator&quot;:&quot;:&quot;,&quot;operands&quot;:[{&quot;operator&quot;:&quot;==&quot;,&quot;operands&quot;:[&quot;@currentField&quot;,&quot;&quot;]},&quot;&quot;,{&quot;operator&quot;:&quot;:&quot;,&quot;operands&quot;:[{&quot;operator&quot;:&quot;==&quot;,&quot;operands&quot;:[&quot;@currentField&quot;,&quot;C&quot;]},&quot;sp-css-backgroundColor-BgCoral sp-field-fontSizeSmall sp-css-color-CoralFont sp-css-color-CoralFont&quot;,&quot;sp-field-borderAllRegular sp-field-borderAllSolid sp-css-borderColor-neutralSecondary&quot;]}]}]}]}]}},&quot;children&quot;:[{&quot;elmType&quot;:&quot;span&quot;,&quot;style&quot;:{&quot;overflow&quot;:&quot;hidden&quot;,&quot;text-overflow&quot;:&quot;ellipsis&quot;,&quot;padding&quot;:&quot;0 3px&quot;},&quot;txtContent&quot;:&quot;@currentField&quot;,&quot;attributes&quot;:{&quot;class&quot;:{&quot;operator&quot;:&quot;:&quot;,&quot;operands&quot;:[{&quot;operator&quot;:&quot;==&quot;,&quot;operands&quot;:[&quot;@currentField&quot;,&quot;A&quot;]},&quot;sp-field-fontSizeSmall sp-css-color-CornflowerBlueFont&quot;,{&quot;operator&quot;:&quot;:&quot;,&quot;operands&quot;:[{&quot;operator&quot;:&quot;==&quot;,&quot;operands&quot;:[&quot;@currentField&quot;,&quot;B1&quot;]},&quot;sp-field-fontSizeSmall sp-css-color-MintGreenFont&quot;,{&quot;operator&quot;:&quot;:&quot;,&quot;operands&quot;:[{&quot;operator&quot;:&quot;==&quot;,&quot;operands&quot;:[&quot;@currentField&quot;,&quot;B2&quot;]},&quot;sp-field-fontSizeSmall sp-css-color-GoldFont&quot;,{&quot;operator&quot;:&quot;:&quot;,&quot;operands&quot;:[{&quot;operator&quot;:&quot;==&quot;,&quot;operands&quot;:[&quot;@currentField&quot;,&quot;&quot;]},&quot;&quot;,{&quot;operator&quot;:&quot;:&quot;,&quot;operands&quot;:[{&quot;operator&quot;:&quot;==&quot;,&quot;operands&quot;:[&quot;@currentField&quot;,&quot;C&quot;]},&quot;sp-field-fontSizeSmall sp-css-color-CoralFont&quot;,&quot;&quot;]}]}]}]}]}}}]}],&quot;templateId&quot;:&quot;BgColorChoicePill&quot;}\" DisplayName=\"Family\" FillInChoice=\"FALSE\" Format=\"Dropdown\" IsModern=\"TRUE\" Name=\"Family\" Title=\"Family\" Type=\"Choice\" ID=\"{706942a1-e0dc-445f-bb1a-0237a91f8f78}\" StaticName=\"Family\"><CHOICES><CHOICE>A</CHOICE><CHOICE>B1</CHOICE><CHOICE>B2</CHOICE><CHOICE>C</CHOICE></CHOICES></Field>","<Field ID=\"{82642ec8-ef9b-478f-acf9-31f7d45fbc31}\" ReadOnly=\"TRUE\" Type=\"Computed\" Name=\"LinkTitle\" DisplayName=\"Title\" DisplayNameSrcField=\"Title\" ClassInfo=\"Menu\" AuthoringInfo=\"(linked to item with edit menu)\" ListItemMenuAllowed=\"Required\" LinkToItemAllowed=\"Prohibited\" SourceID=\"http://schemas.microsoft.com/sharepoint/v3\" StaticName=\"LinkTitle\" FromBaseType=\"TRUE\"><FieldRefs><FieldRef Name=\"Title\" /><FieldRef Name=\"LinkTitleNoMenu\" /><FieldRef Name=\"_EditMenuTableStart2\" /><FieldRef Name=\"_EditMenuTableEnd\" /></FieldRefs><DisplayPattern><FieldSwitch><Expr><GetVar Name=\"FreeForm\" /></Expr><Case Value=\"TRUE\"><Field Name=\"LinkTitleNoMenu\" /></Case><Default><HTML><![CDATA[<div class=\"ms-vb itx\" onmouseover=\"OnItem(this)\" CTXName=\"ctx]]></HTML><Field Name=\"_EditMenuTableStart2\" /><HTML><![CDATA[\">]]></HTML><Field Name=\"LinkTitleNoMenu\" /><HTML><![CDATA[</div>]]></HTML><HTML><![CDATA[<div class=\"s4-ctx\" onmouseover=\"OnChildItem(this.parentNode); return false;\">]]></HTML><HTML><![CDATA[<span>&nbsp;</span>]]></HTML><HTML><![CDATA[<a onfocus=\"OnChildItem(this.parentNode.parentNode); return false;\" onclick=\"PopMenuFromChevron(event); return false;\" href=\"javascript:;\" title=\"Open Menu\"></a>]]></HTML><HTML><![CDATA[<span>&nbsp;</span>]]></HTML><HTML><![CDATA[</div>]]></HTML></Default></FieldSwitch></DisplayPattern></Field>"]}
"Model_Revion_ID","Client","Pioneer Model Code","Spec_ID","Spec_Revision","Spec_Date","Client_Model_Code","Notes","Created","Created_By","Modified","Modified_By","Client_ID_TextField","Pioneer_Model_Code_TextField","Model Type","Model Description","kVA","Primary Voltage","Secondary Voltage","Oil Type","Oil Amount","Core Type","JS %23","Phases","Cable","Form","Copper (LV)","Wire (HV)","Overcoil","ID","Duplicate Order","Duplicate_Order_TextField","Family"
"MR-HYQU-0001-V1","HYDRO QUEBEC","M-HYQU-0001",,,,"1001912-22A",,"2026-08-05T17:22:15Z","soleil.anker@ermco-eci.com","2026-08-05T20:00:11Z","soleil.anker@ermco-eci.com","HYQU","M-HYQU-0001","ANNEX","[""ANNEX""]","2,000",,,"A2","1,620","Cogent","32","3",,"10.75x13.5","2x 45*16","2x 102*204","16.75","22",,,
"MR-HYQU-0002-V1","HYDRO QUEBEC","M-HYQU-0002",,,,"G21523",,"2026-08-05T19:04:47Z","soleil.anker@ermco-eci.com","2026-08-05T20:00:11Z","soleil.anker@ermco-eci.com","HYQU","M-HYQU-0002","ZIG-ZAG + SA","[""MALT + SA""]","24.94",,,"A2","5,160","Annexe","40","3",,"ronde","9x 64*207","9x 64*207","33.625","309",,,
"MR-HYQU-0003-V1","HYDRO QUEBEC","M-HYQU-0003",,,,"REPARATION",,"2026-08-05T19:08:14Z","soleil.anker@ermco-eci.com","2026-08-05T20:00:11Z","soleil.anker@ermco-eci.com","HYQU","M-HYQU-0003","PADMOUNT","[""PADMOUNT""]",,,,,,,"5","3","0",,,,,"331",,,
"MR-HYQU-0004-V1","HYDRO QUEBEC","M-HYQU-0004",,,,"N/A",,"2026-08-05T19:08:01Z","soleil.anker@ermco-eci.com","2026-08-05T20:00:11Z","soleil.anker@ermco-eci.com","HYQU","M-HYQU-0004",,,,,,,,,,,,,,,,"325",,,
"MR-HYQU-0005-V1","HYDRO QUEBEC","M-HYQU-0005","STERD S5/010",,,"1001893-22",,"2026-08-05T17:22:10Z","soleil.anker@ermco-eci.com","2026-08-05T20:00:11Z","soleil.anker@ermco-eci.com","HYQU","M-HYQU-0005","ANNEX","[""ANNEX""]","500",,,"A2","900","Amorphe","32","3","0","7.25x11.75","45*10","10RD","11","18",,,
"MR-HYQU-0006-V1","HYDRO QUEBEC","M-HYQU-0006","STERD S5/010",,,"1001903-22",,"2026-08-05T17:22:13Z","soleil.anker@ermco-eci.com","2026-08-05T20:00:12Z","soleil.anker@ermco-eci.com","HYQU","M-HYQU-0006","ANNEX","[""ANNEX""]","1,000",,,"A2","1,170","Amorphe","32","3",,"7.75x14","50*14","102*204","15","20",,,
"MR-HYQU-0007-V1","HYDRO QUEBEC","M-HYQU-0007","STERD S5/010",,,"1001912-22",,"2026-08-05T17:22:14Z","soleil.anker@ermco-eci.com","2026-08-05T20:00:12Z","soleil.anker@ermco-eci.com","HYQU","M-HYQU-0007","ANNEX","[""ANNEX""]","2,000",,,"A2","1,620","Cogent","32","3",,"10,75x13,5","2x 45*16","2x 102*204","16.75","21",,,
"MR-HYQU-0008-V1","HYDRO QUEBEC","M-HYQU-0008","STERD S5/011",,,"1002104-22",,"2026-08-05T17:22:18Z","soleil.anker@ermco-eci.com","2026-08-05T20:00:12Z","soleil.anker@ermco-eci.com","HYQU","M-HYQU-0008","SUBMERSIBLE","[""SUBWAY""]","250",,,"A2","670",,"24","1",,"7.125x12.25","33*10 50*10","91*182","11.5","24",,,
"MR-HYQU-0009-V1","HYDRO QUEBEC","M-HYQU-0009","STERD S5/011",,,"1002113-22",,"2026-08-05T17:22:20Z","soleil.anker@ermco-eci.com","2026-08-05T20:00:12Z","soleil.anker@ermco-eci.com","HYQU","M-HYQU-0009","SUBMERSIBLE","[""SUBWAY""]","333",,,"A2","670","Amorphe","24","1","na","8,75x11,75","2x 50*14","114*228","14.75","26",,,
"MR-HYQU-0010-V1","HYDRO QUEBEC","M-HYQU-0010","STERD S5/011",,,"1191450-22",,"2026-08-05T17:24:53Z","soleil.anker@ermco-eci.com","2026-08-05T20:00:12Z","soleil.anker@ermco-eci.com","HYQU","M-HYQU-0010","SUBMERSIBLE","[""SUBWAY""]","250",,,"A2","490","Amorphe","27","1",,"8.5x11.75","45*16","102*204","16.75","129",,,
"MR-HYQU-0011-V1","HYDRO QUEBEC","M-HYQU-0011","STERD S5/011",,,"1191449-22",,"2026-08-05T17:24:51Z","soleil.anker@ermco-eci.com","2026-08-05T20:00:12Z","soleil.anker@ermco-eci.com","HYQU","M-HYQU-0011","SUBMERSIBLE","[""SUBWAY-1PH""]","250",,,"A2","490","Amorphe","27","1","na","7.625x11.75","2x 45*12","91*182","13","128",,,
"MR-HYQU-0012-V1","HYDRO QUEBEC","M-HYQU-0012","STERD S5/012",,,"1002394-22",,"2026-08-05T17:22:26Z","soleil.anker@ermco-eci.com","2026-08-05T20:00:12Z","soleil.anker@ermco-eci.com","HYQU","M-HYQU-0012","SUBMERSIBLE","[""SUBWAY""]","500",,,"A2","1,010","Amorphe","24","3","0","8.75x8.875","33*14","81*162","15","30",,,
"MR-HYQU-0013-V1","HYDRO QUEBEC","M-HYQU-0013","STERD S5/012",,,"1002403-22",,"2026-08-05T17:22:30Z","soleil.anker@ermco-eci.com","2026-08-05T20:00:12Z","soleil.anker@ermco-eci.com","HYQU","M-HYQU-0013","SUBMERSIBLE","[""SUBWAY""]","1,000",,,"A2","1,510","Amorphe","25","3","na","10.375x11.75","33*14 50*14","128*256","15","32",,,
"MR-HYQU-0014-V1","HYDRO QUEBEC","M-HYQU-0014","STERD S5/011",,,"1002458-22",,"2026-08-05T17:22:35Z","soleil.anker@ermco-eci.com","2026-08-05T20:00:12Z","soleil.anker@ermco-eci.com","HYQU","M-HYQU-0014","SUBMERSIBLE","[""SUBWAY""]","167",,,"A2","260","Amorphe","24","1","0","7,875x11,75","2x 33*12","81*162","12.75","35",,,
"MR-HYQU-0015-V1","HYDRO QUEBEC","M-HYQU-0015","STERD S5/008",,,"1002551-22",,"2026-08-05T17:22:36Z","soleil.anker@ermco-eci.com","2026-08-05T20:00:13Z","soleil.anker@ermco-eci.com","HYQU","M-HYQU-0015","MINPAD","[""MINPAD-1PH""]","100",,,"A2","360","Amorphe","1","1","0","7.25x8.875","33*12","11.5RD","12.75","36",,,
"MR-HYQU-0016-V1","HYDRO QUEBEC","M-HYQU-0016","STERD S5/009",,,"1002801-22",,"2026-08-05T17:22:40Z","soleil.anker@ermco-eci.com","2026-08-05T20:00:13Z","soleil.anker@ermco-eci.com","HYQU","M-HYQU-0016","PADMOUNT","[""PADMOUNT""]","750",,,"A2","1,650","Cogent","5","3","0","7,5x12,25","45*14","91*182","15","39",,,
"MR-HYQU-0017-V1","HYDRO QUEBEC","M-HYQU-0017","STERD S5/009",,,"1002812-22",,"2026-08-05T17:22:43Z","soleil.anker@ermco-eci.com","2026-08-05T20:00:13Z","soleil.anker@ermco-eci.com","HYQU","M-HYQU-0017","PADMOUNT","[""PADMOUNT""]","1,500",,,"A2","1,810","Cogent","5","3","0","10x13.5","2x 45*16","128*256","17","41",,,
"MR-HYQU-0018-V1","HYDRO QUEBEC","M-HYQU-0018","STERD S5/009",,,"1002817-22",,"2026-08-05T17:22:45Z","soleil.anker@ermco-eci.com","2026-08-05T20:00:13Z","soleil.anker@ermco-eci.com","HYQU","M-HYQU-0018","PADMOUNT","[""PADMOUNT""]","2,500",,,"A2","1,840","Cogent","5","3","0","10,375x13,5","2x 45*16","2x 114*228","17","43",,,
"MR-HYQU-0019-V1","HYDRO QUEBEC","M-HYQU-0019","STERD S5/009",,,"1002839-22",,"2026-08-05T17:22:46Z","soleil.anker@ermco-eci.com","2026-08-05T20:00:13Z","soleil.anker@ermco-eci.com","HYQU","M-HYQU-0019","PADMOUNT","[""PADMOUNT""]","500",,,"A2","1,170","Cogent","4","3","0","7.75*10.25","45*10","9RD","11.5","44",,,
"MR-HYQU-0020-V1","HYDRO QUEBEC","M-HYQU-0020","STERD S5/009",,,"1002846-22",,"2026-08-05T17:22:49Z","soleil.anker@ermco-eci.com","2026-08-05T20:00:13Z","soleil.anker@ermco-eci.com","HYQU","M-HYQU-0020","PADMOUNT","[""PADMOUNT""]","750",,,"A2","1,620","Cogent","5","3","0","7.5*10.25","45*12","91*182","13.25","46",,,
"MR-HYQU-0021-V1","HYDRO QUEBEC","M-HYQU-0021","STERD S5/009",,,"1002851-22",,"2026-08-05T17:22:52Z","soleil.anker@ermco-eci.com","2026-08-05T20:00:13Z","soleil.anker@ermco-eci.com","HYQU","M-HYQU-0021","PADMOUNT","[""PADMOUNT""]","1,500",,,"A2","1,820","Cogent","5","3","0","9.875x13.5","2x 45*14","128*256","15","48",,,
"MR-HYQU-0022-V1","HYDRO QUEBEC","M-HYQU-0022","STERD S5/009",,,"1002859-22",,"2026-08-05T17:22:55Z","soleil.anker@ermco-eci.com","2026-08-05T20:00:13Z","soleil.anker@ermco-eci.com","HYQU","M-HYQU-0022","PADMOUNT","[""PADMOUNT""]","2,500",,,"A2","1,850","Cogent","5","3","0","10.375x13.5","2x 45*16","2x 114*228","17","50",,,
"MR-HYQU-0023-V1","HYDRO QUEBEC","M-HYQU-0023","STERD S5/009",,,"1002882-22",,"2026-08-05T17:22:58Z","soleil.anker@ermco-eci.com","2026-08-05T20:00:13Z","soleil.anker@ermco-eci.com","HYQU","M-HYQU-0023","PADMOUNT","[""PADMOUNT""]","750",,,"A2",,"Cogent","5",,"?","7.5x12.25","45x14","91x182","15","51",,,
"MR-HYQU-0024-V1","HYDRO QUEBEC","M-HYQU-0024","STERD S5/009",,,"1002890-22",,"2026-08-05T17:23:01Z","soleil.anker@ermco-eci.com","2026-08-05T20:00:13Z","soleil.anker@ermco-eci.com","HYQU","M-HYQU-0024","PADMOUNT","[""PADMOUNT""]","1,500",,,"A2","1,810","Cogent","5","3",,"10x13.5","2x 45*16","128*256","17","53",,,
"MR-HYQU-0025-V1","HYDRO QUEBEC","M-HYQU-0025","STERD S5/009",,,"1089550-22",,"2026-08-05T17:24:02Z","soleil.anker@ermco-eci.com","2026-08-05T20:00:14Z","soleil.anker@ermco-eci.com","HYQU","M-HYQU-0025","PADMOUNT","[""PADMOUNT""]","500",,,"A2","1,140","Amorphe","4","3",,"7.25x11.75","33*12","9RD","13.5","94",,,
"MR-HYQU-0026-V1","HYDRO QUEBEC","M-HYQU-0026","MYDS-065-1-78-4",,,"1120261-22",,"2026-08-05T17:24:03Z","soleil.anker@ermco-eci.com","2026-08-05T20:00:14Z","soleil.anker@ermco-eci.com","HYQU","M-HYQU-0026","ANNEX","[""ANNEX""]","667",,,,,,,,,,,,,"95",,,
"MR-HYQU-0027-V1","HYDRO QUEBEC","M-HYQU-0027","STERD S5/009",,,"1144341-22",,"2026-08-05T17:24:06Z","soleil.anker@ermco-eci.com","2026-08-05T20:00:14Z","soleil.anker@ermco-eci.com","HYQU","M-HYQU-0027","PADMOUNT","[""PADMOUNT""]","1,500",,,"A2","1,820",,"5","3",,"9x13.5","33*16 50*16","114*228","17","97",,,
"MR-HYQU-0028-V1","HYDRO QUEBEC","M-HYQU-0028","STERD S5/009",,,"1146703-22",,"2026-08-05T17:24:09Z","soleil.anker@ermco-eci.com","2026-08-05T20:00:14Z","soleil.anker@ermco-eci.com","HYQU","M-HYQU-0028","PADMOUNT","[""PADMOUNT""]","2,500",,,"A2","2,270",,"5","3","0","10.5x13.5","2x 45*24","2x 114*228","25","99",,,
"MR-HYQU-0029-V1","HYDRO QUEBEC","M-HYQU-0029",,,,"1149646-22",,"2026-08-05T17:24:17Z","soleil.anker@ermco-eci.com","2026-08-05T20:00:14Z","soleil.anker@ermco-eci.com","HYQU","M-HYQU-0029","PADMOUNT","[""PADMOUNT""]","500",,,,,,,,,,,,,"105",,,
"MR-HYQU-0030-V1","HYDRO QUEBEC","M-HYQU-0030","STERD S5/009",,,"1149648-22",,"2026-08-05T17:24:19Z","soleil.anker@ermco-eci.com","2026-08-05T20:00:14Z","soleil.anker@ermco-eci.com","HYQU","M-HYQU-0030","PADMOUNT","[""PADMOUNT""]","1,500",,,"A2","1,835",,"5","3",,"10x13.5","2x 45*16","128*256","17","107",,,
"MR-HYQU-0031-V1","HYDRO QUEBEC","M-HYQU-0031",,,,"1153212-22",,"2026-08-05T17:24:22Z","soleil.anker@ermco-eci.com","2026-08-05T20:00:14Z","soleil.anker@ermco-eci.com","HYQU","M-HYQU-0031","PADMOUNT","[""PADMOUNT""]","500",,,,,,,,,,,,,"109",,,
"MR-HYQU-0032-V1","HYDRO QUEBEC","M-HYQU-0032","STERD S5/009",,,"1153214-22",,"2026-08-05T17:24:23Z","soleil.anker@ermco-eci.com","2026-08-05T20:00:14Z","soleil.anker@ermco-eci.com","HYQU","M-HYQU-0032","PADMOUNT","[""PADMOUNT""]","1,500",,,"A2","1,830",,"5","3",,"10x13.5","2x 45*16","128*256","17","110",,,
"MR-HYQU-0033-V1","HYDRO QUEBEC","M-HYQU-0033","STERD S5/009",,,"1153215-22",,"2026-08-05T17:24:26Z","soleil.anker@ermco-eci.com","2026-08-05T20:00:14Z","soleil.anker@ermco-eci.com","HYQU","M-HYQU-0033","PADMOUNT","[""PADMOUNT""]","2,500",,,"A2","2,270",,"5","3",,"10.5x13.5","2x 45*24","2x 114*228","25","112",,,
"MR-HYQU-0034-V1","HYDRO QUEBEC","M-HYQU-0034","STERD S5/012",,,"1166476-22",,"2026-08-05T17:24:32Z","soleil.anker@ermco-eci.com","2026-08-05T20:00:15Z","soleil.anker@ermco-eci.com","HYQU","M-HYQU-0034","SUBMERSIBLE","[""SUBWAY""]","1,000",,,"A2","1,510","Amorphe","25","3",,"9.75x11.75","33*14 50*14","128*256","15.25","116",,,
"MR-HYQU-0035-V1","HYDRO QUEBEC","M-HYQU-0035",,,,"1169812-22",,"2026-08-05T17:24:36Z","soleil.anker@ermco-eci.com","2026-08-05T20:00:15Z","soleil.anker@ermco-eci.com","HYQU","M-HYQU-0035","PADMOUNT","[""PADMOUNT""]","3,000",,,,,,,,,,,,,"118",,,
"MR-HYQU-0036-V1","HYDRO QUEBEC","M-HYQU-0036",,,,"1169813-22",,"2026-08-05T17:24:37Z","soleil.anker@ermco-eci.com","2026-08-05T20:00:15Z","soleil.anker@ermco-eci.com","HYQU","M-HYQU-0036","PADMOUNT","[""PADMOUNT""]","3,000",,,,,,,,,,,,,"119",,,
"MR-HYQU-0037-V1","HYDRO QUEBEC","M-HYQU-0037","1600-00/20-070",,,"1149647-22",,"2026-08-05T17:24:18Z","soleil.anker@ermco-eci.com","2026-08-05T20:00:15Z","soleil.anker@ermco-eci.com","HYQU","M-HYQU-0037","PADMOUNT","[""PADMOUNT""]","750",,,"A2","1,655","Amorphe",,"3",,"7.5x12.25","45*14","91*182","15","106",,,
"MR-HYQU-0038-V1","HYDRO QUEBEC","M-HYQU-0038",,,,"663",,"2026-08-05T17:27:58Z","soleil.anker@ermco-eci.com","2026-08-05T20:00:15Z","soleil.anker@ermco-eci.com","HYQU","M-HYQU-0038","ZIG-ZAG","[""MALT""]","1,000",,,"A2","6,210","Annexe","22","3",,"ronde","9x 70*244","9x 70*244","28.125","237",,,
"MR-HYQU-0039-V1","HYDRO QUEBEC","M-HYQU-0039",,,,"20757",,"2026-08-05T17:25:50Z","soleil.anker@ermco-eci.com","2026-08-05T20:00:15Z","soleil.anker@ermco-eci.com","HYQU","M-HYQU-0039","ZIG-ZAG","[""MALT""]","29.4",,,"A2","3,830",,"22","3","na","ronde","9x 70*219","9x 70*219","34","168",,,
"MR-HYQU-0040-V1","HYDRO QUEBEC","M-HYQU-0040",,,,"1001608",,"2026-08-05T17:22:09Z","soleil.anker@ermco-eci.com","2026-08-05T20:00:15Z","soleil.anker@ermco-eci.com","HYQU","M-HYQU-0040","C2","[""VAULT-1PH""]","667",,,"A2","700",,"3","1","0","10.375x13.5","2x 50*14","114*228","15","17",,,
"MR-HYQU-0041-V1","HYDRO QUEBEC","M-HYQU-0041",,,,"1001903",,"2026-08-05T17:22:11Z","soleil.anker@ermco-eci.com","2026-08-05T20:00:15Z","soleil.anker@ermco-eci.com","HYQU","M-HYQU-0041","ANNEX","[""ANNEX""]","1,000",,,"A2","1,125","Amorphe","32","3","0","7.625x13.25","50*14","102*204","14.75","19",,,
"MR-HYQU-0042-V1","HYDRO QUEBEC","M-HYQU-0042",,,,"1001912",,"2026-08-05T17:21:46Z","soleil.anker@ermco-eci.com","2026-08-13T17:26:58Z","soleil.anker@ermco-eci.com","HYQU","M-HYQU-0042","ANNEX","[""ANNEX""]","2,000",,,"A2","1,615","Cogent","32","3","0","10.75x13.5","2x 45*16","2x 102*204","16.75","1",,,
"MR-HYQU-0043-V1","HYDRO QUEBEC","M-HYQU-0043",,,,"1002081",,"2026-08-05T17:22:17Z","soleil.anker@ermco-eci.com","2026-08-05T20:00:16Z","soleil.anker@ermco-eci.com","HYQU","M-HYQU-0043","SUBMERSIBLE","[""SUBWAY-1PH""]","333",,,"A2","720","Cogent","27","1","0","8.875x10.25","50*14","114*228","14.75","23",,,
"MR-HYQU-0044-V1","HYDRO QUEBEC","M-HYQU-0044",,,,"1002113",,"2026-08-05T17:22:19Z","soleil.anker@ermco-eci.com","2026-08-05T20:00:16Z","soleil.anker@ermco-eci.com","HYQU","M-HYQU-0044","SUBMERSIBLE","[""SUBWAY""]","333",,,"A2","670","Cogent","24","1","na","8.875x10.25","2x 50*14","114*228","14.75","25",,,
"MR-HYQU-0045-V1","HYDRO QUEBEC","M-HYQU-0045",,,,"1002394",,"2026-08-05T17:22:26Z","soleil.anker@ermco-eci.com","2026-08-05T20:00:16Z","soleil.anker@ermco-eci.com","HYQU","M-HYQU-0045","SUBMERSIBLE","[""SUBWAY""]","500",,,"A2","965","Cogent","24","3","na","8x10.25","33*14","91*182","14.75","29",,,
"MR-HYQU-0046-V1","HYDRO QUEBEC","M-HYQU-0046",,,,"1002403",,"2026-08-05T17:22:29Z","soleil.anker@ermco-eci.com","2026-08-05T20:00:16Z","soleil.anker@ermco-eci.com","HYQU","M-HYQU-0046","SUBMERSIBLE","[""SUBWAY""]","1,000",,,"A2","1,810","Amorphe","25","3","na","10.375x13.25","33*16 46*16","128*256","17.25","31",,,
"MR-HYQU-0047-V1","HYDRO QUEBEC","M-HYQU-0047",,,,"1002417",,"2026-08-05T17:22:33Z","soleil.anker@ermco-eci.com","2026-08-05T20:00:16Z","soleil.anker@ermco-eci.com","HYQU","M-HYQU-0047","SUBMERSIBLE","[""SUBWAY""]","300",,,"A2","810",,"24","3","na","6x10.25","20*12","11RD","13.5","33",,,
"MR-HYQU-0048-V1","HYDRO QUEBEC","M-HYQU-0048",,,,"1002458",,"2026-08-05T17:22:33Z","soleil.anker@ermco-eci.com","2026-08-05T20:00:16Z","soleil.anker@ermco-eci.com","HYQU","M-HYQU-0048","SUBMERSIBLE","[""SUBWAY""]","167",,,"A2","220","Cogent","24","1","0","6.625x12.25","2x 33*12","91*182","13","34",,,
"MR-HYQU-0049-V1","HYDRO QUEBEC","M-HYQU-0049",,,,"1002801",,"2026-08-05T17:22:39Z","soleil.anker@ermco-eci.com","2026-08-05T20:00:16Z","soleil.anker@ermco-eci.com","HYQU","M-HYQU-0049","PADMOUNT","[""PADMOUNT""]","750",,,"A2","1,685","Cogent","5","3","0","7.25x10.25","45*12","91*182","13","38",,,
"MR-HYQU-0050-V1","HYDRO QUEBEC","M-HYQU-0050",,,,"1002812",,"2026-08-05T17:22:41Z","soleil.anker@ermco-eci.com","2026-08-05T20:00:16Z","soleil.anker@ermco-eci.com","HYQU","M-HYQU-0050","PADMOUNT","[""PADMOUNT""]","1,500",,,"A2","1,805",,"5","3","0","10x13.5","2x 45*16","128*256","16.75","40",,,
"MR-HYQU-0051-V1","HYDRO QUEBEC","M-HYQU-0051",,,,"1002817",,"2026-08-05T17:22:43Z","soleil.anker@ermco-eci.com","2026-08-05T20:00:17Z","soleil.anker@ermco-eci.com","HYQU","M-HYQU-0051","PADMOUNT","[""PADMOUNT""]","2,500",,,"A2","1,845","Cogent","5","3","0","10.375x13.5","2x 45*16","2x 114*228","17","42",,,
"MR-HYQU-0052-V1","HYDRO QUEBEC","M-HYQU-0052",,,,"1002846",,"2026-08-05T17:22:48Z","soleil.anker@ermco-eci.com","2026-08-05T20:00:17Z","soleil.anker@ermco-eci.com","HYQU","M-HYQU-0052","PADMOUNT","[""PADMOUNT""]","750",,,"A2","1,615","Cogent","5","3",,"7*10.25","45*12","91*182","13","45",,,
"MR-HYQU-0053-V1","HYDRO QUEBEC","M-HYQU-0053",,,,"1002851",,"2026-08-05T17:22:51Z","soleil.anker@ermco-eci.com","2026-08-05T20:00:17Z","soleil.anker@ermco-eci.com","HYQU","M-HYQU-0053","PADMOUNT","[""PADMOUNT""]","1,500",,,"A2","1,835","Cogent","5","3","0","9.875x13.5","2x 45*14","128*256","14.75","47",,,
"MR-HYQU-0054-V1","HYDRO QUEBEC","M-HYQU-0054",,,,"1002859",,"2026-08-05T17:22:55Z","soleil.anker@ermco-eci.com","2026-08-05T20:00:17Z","soleil.anker@ermco-eci.com","HYQU","M-HYQU-0054","PADMOUNT","[""PADMOUNT""]","2,500",,,"A2","1,845",,"5","3","0","10.375x13.5","2x 45*16","2x 114*228","17","49",,,
"MR-HYQU-0055-V1","HYDRO QUEBEC","M-HYQU-0055",,,,"1002890",,"2026-08-05T17:22:59Z","soleil.anker@ermco-eci.com","2026-08-05T20:00:17Z","soleil.anker@ermco-eci.com","HYQU","M-HYQU-0055","PADMOUNT","[""PADMOUNT""]","1,500",,,"A2","1,125",,"5","3","0","10x13.5","2x 45*16","128*256","16.75","52",,,
"MR-HYQU-0056-V1","HYDRO QUEBEC","M-HYQU-0056",,,,"1089550",,"2026-08-05T17:24:01Z","soleil.anker@ermco-eci.com","2026-08-05T20:00:17Z","soleil.anker@ermco-eci.com","HYQU","M-HYQU-0056","PADMOUNT","[""PADMOUNT""]","500",,,"A2","1,125",,"5","3","0","6.75x10.25","45*12","9RD","12.75","93",,,
"MR-HYQU-0057-V1","HYDRO QUEBEC","M-HYQU-0057",,,,"1146703",,"2026-08-05T17:24:07Z","soleil.anker@ermco-eci.com","2026-08-05T20:00:17Z","soleil.anker@ermco-eci.com","HYQU","M-HYQU-0057","PADMOUNT","[""PADMOUNT""]","2,500",,,"A2","2,270","Cogent","5","3","*","10.5x13.5","2x 45*24","2x 114*228","25","98",,,
"MR-HYQU-0058-V1","HYDRO QUEBEC","M-HYQU-0058",,,,"1149649",,"2026-08-05T17:24:20Z","soleil.anker@ermco-eci.com","2026-08-05T20:00:17Z","soleil.anker@ermco-eci.com","HYQU","M-HYQU-0058","PADMOUNT","[""PADMOUNT""]","2,500",,,"A2","2,330",,"5","3","0","10.5x13.5","2x 45*24","2x 114*228","25","108",,,
"MR-HYQU-0059-V1","HYDRO QUEBEC","M-HYQU-0059",,,,"1153215",,"2026-08-05T17:24:25Z","soleil.anker@ermco-eci.com","2026-08-05T20:00:17Z","soleil.anker@ermco-eci.com","HYQU","M-HYQU-0059","PADMOUNT","[""PADMOUNT""]","2,500",,,"A2","2,333",,"5","3",,"10.5x13.5","2x 45*24","114*228","25","111",,,
"MR-HYQU-0060-V1","HYDRO QUEBEC","M-HYQU-0060",,,,"1166058",,"2026-08-05T17:24:28Z","soleil.anker@ermco-eci.com","2026-08-05T20:00:18Z","soleil.anker@ermco-eci.com","HYQU","M-HYQU-0060","MALT","[""MALT""]","24.9",,,"A2","3,440","Annexe","22","3","na","ronde","125*400","125*400","34.625","113",,,
"MR-HYQU-0061-V1","HYDRO QUEBEC","M-HYQU-0061",,,,"1171120",,"2026-08-05T17:24:38Z","soleil.anker@ermco-eci.com","2026-08-05T20:00:18Z","soleil.anker@ermco-eci.com","HYQU","M-HYQU-0061","ZIG-ZAG","[""MALT""]","69",,,"A2","4,720","Annexe","22","3",,"ronde","4x 88*111","4x 88*111","31.75","120",,,
"MR-HYQU-0062-V1","HYDRO QUEBEC","M-HYQU-0062",,,,"1190831-22",,"2026-08-05T17:24:48Z","soleil.anker@ermco-eci.com","2026-08-05T20:00:18Z","soleil.anker@ermco-eci.com","HYQU","M-HYQU-0062","PADMOUNT","[""PADMOUNT""]","3,000",,,"A2","4,260",,"5","3",,"ronde",,,"34.88","126",,,
"MR-HYQU-0063-V1","HYDRO QUEBEC","M-HYQU-0063",,,,"1203364",,"2026-08-05T17:24:57Z","soleil.anker@ermco-eci.com","2026-08-05T20:00:18Z","soleil.anker@ermco-eci.com","HYQU","M-HYQU-0063","0","[""Goujon""]","0",,,,"0",,"32","0",,,,,,"132",,,
"MR-HYQU-0064-V1","HYDRO QUEBEC","M-HYQU-0064",,,,"4251081",,"2026-08-05T17:26:24Z","soleil.anker@ermco-eci.com","2026-08-05T20:00:18Z","soleil.anker@ermco-eci.com","HYQU","M-HYQU-0064","ZIG-ZAG + SA","[""MALT + SA""]","24.9",,,"A2","5,260","Annexe","40","3",,"ronde","9x 64*207","9x 64*207","33.625","188",,,
"MR-HYQU-0065-V1","HYDRO QUEBEC","M-HYQU-0065",,,,"4251082",,"2026-08-05T17:26:26Z","soleil.anker@ermco-eci.com","2026-08-11T20:50:08Z","soleil.anker@ermco-eci.com","HYQU","M-HYQU-0065","POWER LTC","[""LTC""]","24.94",,,"A2","6,210","Annexe",,"3",,"ronde","9x 70*244","9x 70*244","28.125","189",,,
"MR-HYQU-0066-V1","HYDRO QUEBEC","M-HYQU-0066",,,,"4261859",,"2026-08-05T17:26:28Z","soleil.anker@ermco-eci.com","2026-08-05T20:00:18Z","soleil.anker@ermco-eci.com","HYQU","M-HYQU-0066","ZIG-ZAG","[""MALT""]","24.94",,,"A2","3,444","Annexe",,"3",,"ronde","5x 70*246","5x 70*246","23.875","190",,,
"MR-HYQU-0067-V1","HYDRO QUEBEC","M-HYQU-0067",,,,"4261865",,"2026-08-05T17:26:30Z","soleil.anker@ermco-eci.com","2026-08-05T20:00:18Z","soleil.anker@ermco-eci.com","HYQU","M-HYQU-0067","ZIG-ZAG + SA","[""MALT + SA""]","13.8",,,,,"Annexe","40","3",,"ronde",,,,"191",,,
"MR-HYQU-0068-V1","HYDRO QUEBEC","M-HYQU-0068",,,,"4261870",,"2026-08-05T17:26:31Z","soleil.anker@ermco-eci.com","2026-08-05T20:00:18Z","soleil.anker@ermco-eci.com","HYQU","M-HYQU-0068","ZIG-ZAG + SA","[""MALT + SA""]","24.94",,,"A2","6,210","Annexe","40","3",,"ronde","9x 70*244","9x 70*244","28.125","192",,,
"MR-HYQU-0069-V1","HYDRO QUEBEC","M-HYQU-0069",,,,"4261871",,"2026-08-05T17:26:32Z","soleil.anker@ermco-eci.com","2026-08-05T20:00:18Z","soleil.anker@ermco-eci.com","HYQU","M-HYQU-0069","ZIG-ZAG + SA","[""MALT + SA""]","26.4",,,"A2","5,260","Annexe","22","3",,"ronde",,,,"193",,,
"MR-HYQU-0070-V1","HYDRO QUEBEC","M-HYQU-0070",,,,"4276087",,"2026-08-05T17:26:34Z","soleil.anker@ermco-eci.com","2026-08-05T20:00:19Z","soleil.anker@ermco-eci.com","HYQU","M-HYQU-0070","ZIG-ZAG + SA","[""MALT + SA""]","12.5",,,"A2","6,200","Annexe","40","3",,"ronde",,,,"194",,,
"MR-HYQU-0071-V1","HYDRO QUEBEC","M-HYQU-0071",,,,"4276269",,"2026-08-05T17:26:35Z","soleil.anker@ermco-eci.com","2026-08-05T20:00:19Z","soleil.anker@ermco-eci.com","HYQU","M-HYQU-0071","LTC","[""LTC""]","12.5",,,"A2","8,160","Annexe",,"3",,"ronde",,,"30.25","195",,,
"MR-HYQU-0072-V1","HYDRO QUEBEC","M-HYQU-0072",,,,"4276691",,"2026-08-05T17:26:37Z","soleil.anker@ermco-eci.com","2026-08-05T20:00:19Z","soleil.anker@ermco-eci.com","HYQU","M-HYQU-0072","LTC","[""LTC""]","12.5",,,"A2","8,200","Annexe",,"3",,"ronde",,,"37.25","196",,,
"MR-HYQU-0073-V1","HYDRO QUEBEC","M-HYQU-0073",,,,"42510001",,"2026-08-05T17:26:21Z","soleil.anker@ermco-eci.com","2026-08-05T20:00:19Z","soleil.anker@ermco-eci.com","HYQU","M-HYQU-0073","ZIG-ZAG","[""MALT""]","24.9",,,"A2","3,830","Annexe","22","3","na","ronde","9x 64*207","9x 64*207","33.625","186",,,
"MR-HYQU-0074-V1","HYDRO QUEBEC","M-HYQU-0074",,,,"1002158-22",,"2026-08-05T17:22:22Z","soleil.anker@ermco-eci.com","2026-08-05T20:00:19Z","soleil.anker@ermco-eci.com","HYQU","M-HYQU-0074","SUBMERSIBLE","[""SUBWAY-1PH""]","250",,,,"0","Amorphe",,"1",,,,,,"27",,,
"MR-HYQU-0075-V1","HYDRO QUEBEC","M-HYQU-0075",,,,"1002178-22",,"2026-08-05T17:22:23Z","soleil.anker@ermco-eci.com","2026-08-05T20:00:19Z","soleil.anker@ermco-eci.com","HYQU","M-HYQU-0075","SUBMERSIBLE","[""SUBWAY-1PH""]","250",,,"A2","490","Amorphe","27","1",,"7.625x11.75","2x 45*12","91*182","13","28",,,
"MR-HYQU-0076-V1","HYDRO QUEBEC","M-HYQU-0076",,,,"4251081/1166353",,"2026-08-05T17:24:28Z","soleil.anker@ermco-eci.com","2026-08-05T20:00:19Z","soleil.anker@ermco-eci.com","HYQU","M-HYQU-0076","MALT + SA","[""MALT + SA""]","300",,,"A2","0",,,"3",,,,,"0","114",,,
"MR-HYQU-0077-V1","HYDRO QUEBEC","M-HYQU-0077",,,,"4251082/1166354",,"2026-08-05T17:24:31Z","soleil.anker@ermco-eci.com","2026-08-05T20:00:19Z","soleil.anker@ermco-eci.com","HYQU","M-HYQU-0077","MALT + SA","[""MALT + SA""]","1,000",,,"A2","0",,,"3",,,,,"0","115",,,
"MR-HYQU-0078-V1","HYDRO QUEBEC","M-HYQU-0078",,,,"4276269/1189342",,"2026-08-05T17:24:41Z","soleil.anker@ermco-eci.com","2026-08-05T20:00:19Z","soleil.anker@ermco-eci.com","HYQU","M-HYQU-0078","MALT + SA + LTC","[""MALT + SA + LTC""]","3,000",,,"A2","0",,,"3",,,,,"0","121",,,
"MR-HYQU-0079-V1","HYDRO QUEBEC","M-HYQU-0079",,,,"4276086/1189360",,"2026-08-05T19:21:04Z","soleil.anker@ermco-eci.com","2026-08-05T20:00:20Z","soleil.anker@ermco-eci.com","HYQU","M-HYQU-0079","LTC","[""LTC""]","3,000",,,,"0",,"22","3",,,,,,"383",,,
"MR-HYQU-0080-V1","HYDRO QUEBEC","M-HYQU-0080",,,,"4276087/1189361",,"2026-08-05T17:24:45Z","soleil.anker@ermco-eci.com","2026-08-05T20:00:20Z","soleil.anker@ermco-eci.com","HYQU","M-HYQU-0080","MALT + SA + LTC","[""MALT + SA + LTC""]","1,000",,,"A2","0",,,"3",,,,,"0","123",,,
"MR-HYQU-0081-V1","HYDRO QUEBEC","M-HYQU-0081",,,,"4276691/1189843",,"2026-08-05T17:24:46Z","soleil.anker@ermco-eci.com","2026-08-05T20:00:20Z","soleil.anker@ermco-eci.com","HYQU","M-HYQU-0081","SA + LTC","[""SA + LTC""]","3,000",,,"A2","0",,,"3",,,,,"0","124",,,
"MR-HYQU-0082-V1","HYDRO QUEBEC","M-HYQU-0082",,,,"4251001 / 1166058",,"2026-08-05T17:26:23Z","soleil.anker@ermco-eci.com","2026-08-05T20:00:20Z","soleil.anker@ermco-eci.com","HYQU","M-HYQU-0082","MALT","[""MALT""]","24.9",,,"A2","3,830","Annexe","22","3","na","ronde","9x 64*207","9x 64*207","33.625","187",,,
"MR-HYQU-0083-V1","HYDRO QUEBEC","M-HYQU-0083",,,,"G1168A122",,"2026-08-05T17:29:54Z","soleil.anker@ermco-eci.com","2026-08-05T20:00:20Z","soleil.anker@ermco-eci.com","HYQU","M-HYQU-0083","0","[""PLAQUE ANCRAGE""]","0",,,,"0",,"32","0",,,,,,"297",,,
"MR-HYQU-0084-V1","HYDRO QUEBEC","M-HYQU-0084",,,,"TMP10",,"2026-08-05T19:08:25Z","soleil.anker@ermco-eci.com","2026-08-05T20:00:20Z","soleil.anker@ermco-eci.com","HYQU","M-HYQU-0084","POWER-LTC","[""SUBSTATION LTC""]","3,000",,,"A2","6,900","Annexe","21","3",,"ronde",,,"37.25","335",,,
"MR-HYQU-0085-V1","HYDRO QUEBEC","M-HYQU-0085",,,,"TMP11",,"2026-08-05T19:08:28Z","soleil.anker@ermco-eci.com","2026-08-05T20:00:20Z","soleil.anker@ermco-eci.com","HYQU","M-HYQU-0085","POWER-LTC","[""SUBSTATION LTC""]","3,000",,,"A2","8,160","Annexe","21","3",,"ronde",,,,"336",,,
"MR-HYQU-0086-V1","HYDRO QUEBEC","M-HYQU-0086",,,,"TMP3",,"2026-08-05T19:08:33Z","soleil.anker@ermco-eci.com","2026-08-05T20:00:20Z","soleil.anker@ermco-eci.com","HYQU","M-HYQU-0086","ZIG-ZAG + SA","[""MALT + SA""]","24.94",,,"A2","5,980","Annexe","40","3","na","ronde","9x 70*244","9x 70*244","28.125","338",,,
"MR-HYQU-0087-V1","HYDRO QUEBEC","M-HYQU-0087",,,,"TMP4",,"2026-08-05T19:08:34Z","soleil.anker@ermco-eci.com","2026-08-05T20:00:20Z","soleil.anker@ermco-eci.com","HYQU","M-HYQU-0087","ZIG-ZAG + SA","[""MALT + SA""]","24.94",,,"A2","5,980","Annexe","40","3","na","9.375x10.25","50*14","81*162","15","339",,,
"MR-HYQU-0088-V1","HYDRO QUEBEC","M-HYQU-0088",,,,"TMP5",,"2026-08-05T19:08:39Z","soleil.anker@ermco-eci.com","2026-08-05T20:00:21Z","soleil.anker@ermco-eci.com","HYQU","M-HYQU-0088","ZIG-ZAG","[""MALT""]","24.94",,,"A2","3,830","Annexe","22","3","na","ronde","9x 64*207","9x 64*207","33.625","340",,,
"MR-HYQU-0089-V1","HYDRO QUEBEC","M-HYQU-0089",,,,"TMP6",,"2026-08-05T19:08:40Z","soleil.anker@ermco-eci.com","2026-08-05T20:00:21Z","soleil.anker@ermco-eci.com","HYQU","M-HYQU-0089","ZIG-ZAG + SA","[""MALT + SA""]","24.94",,,"A2","5,250","Annexe","40","3","na","8.375x9.25","45*10","11.5RD","11.25","341",,,
"MR-HYQU-0090-V1","HYDRO QUEBEC","M-HYQU-0090",,,,"TMP7",,"2026-08-05T19:08:44Z","soleil.anker@ermco-eci.com","2026-08-05T20:00:21Z","soleil.anker@ermco-eci.com","HYQU","M-HYQU-0090","POWER-LTC","[""SUBSTATION LTC""]","3,000",,,"A2","8,080","Annexe","21","3",,"ronde","2x 44*29","9x 70*252","31","342",,,
"MR-HYQU-0091-V1","HYDRO QUEBEC","M-HYQU-0091",,,,"TMP8",,"2026-08-05T19:08:48Z","soleil.anker@ermco-eci.com","2026-08-05T20:00:21Z","soleil.anker@ermco-eci.com","HYQU","M-HYQU-0091","POWER-LTC","[""SUBSTATION LTC""]","24.94",,,"B2","6,280","Annexe","21","3","na","ronde","2x 35*30.250","2x 113*266","32.5","343",,,
"MR-HYQU-0092-V1","HYDRO QUEBEC","M-HYQU-0092",,,,"TMP9",,"2026-08-05T19:08:51Z","soleil.anker@ermco-eci.com","2026-08-05T20:00:21Z","soleil.anker@ermco-eci.com","HYQU","M-HYQU-0092","ZIG-ZAG + SA","[""MALT + SA""]","4.16",,,"A2","2,970","Annexe","40","3",,"ronde","152*430","152*430","25.375","344",,,
"MR-HYQU-0093-V1","HYDRO QUEBEC","M-HYQU-0093",,,,"1002560",,"2026-08-05T19:21:05Z","soleil.anker@ermco-eci.com","2026-08-05T20:00:21Z","soleil.anker@ermco-eci.com","HYQU","M-HYQU-0093","MINPAD","[""MINPAD-1HP""]","167",,,"A2","335",,"1","1",,"7.25x8.875","45*16","9RD","17.25","387",,,
"MR-HYQU-0094-V1","HYDRO QUEBEC","M-HYQU-0094",,,,"G22110",,"2026-08-05T19:21:04Z","soleil.anker@ermco-eci.com","2026-08-05T20:00:21Z","soleil.anker@ermco-eci.com","HYQU","M-HYQU-0094","MALT + SA","[""MALT + SA""]","500",,,,,,"22","3",,,,,,"384",,,
"MR-HYQU-0095-V1","HYDRO QUEBEC","M-HYQU-0095",,,,"4301872/1204685",,"2026-08-05T19:21:06Z","soleil.anker@ermco-eci.com","2026-08-13T23:25:21Z","soleil.anker@ermco-eci.com","HYQU","M-HYQU-0095","MALT + SA","[""MALT + SA""]","6,000",,,,,,"22","3",,,,,,"388",,,
"MR-HYQU-0096-V1","HYDRO QUEBEC","M-HYQU-0096",,,,"426870",,"2026-08-13T23:37:58Z","soleil.anker@ermco-eci.com","2026-08-13T23:38:30Z","soleil.anker@ermco-eci.com","HYQU","M-HYQU-0096","None",,"0",,,"None",,"None",,,,,,,,"412",,,
"MR-HYQU-0097-V1","HYDRO QUEBEC","M-HYQU-0097",,,,"4276699",,"2026-08-13T23:37:58Z","soleil.anker@ermco-eci.com","2026-08-13T23:38:30Z","soleil.anker@ermco-eci.com","HYQU","M-HYQU-0097","None",,"0",,,"None",,"None",,,,,,,,"413",,,
"MRSA-HYQU-0002-V1","HYDRO QUEBEC","MSA-HYQU-0002",,,,"G21523 SA",,"2026-08-13T23:28:56Z","soleil.anker@ermco-eci.com","2026-08-13T23:29:23Z","soleil.anker@ermco-eci.com","HYQU","MSA-HYQU-0002","ZIG-ZAG + SA","[""MALT + SA""]","24.94",,,,,"Annexe",,"3",,"8,25x10,25","45*14","9RD","15","409",,,
"MRSA-HYQU-0064-V1","HYDRO QUEBEC","MSA-HYQU-0064",,,,"4251081 SA",,"2026-08-13T23:28:46Z","soleil.anker@ermco-eci.com","2026-08-13T23:29:23Z","soleil.anker@ermco-eci.com","HYQU","MSA-HYQU-0064","ZIG-ZAG + SA","[""MALT + SA""]","24.9",,,,,"Annexe",,"3",,"5,625x9,25","2x 45*10","12RD","11","397",,,
"MRSA-HYQU-0065-V1","HYDRO QUEBEC","MSA-HYQU-0065",,,,"4251082 SA",,"2026-08-13T23:28:48Z","soleil.anker@ermco-eci.com","2026-08-13T23:29:23Z","soleil.anker@ermco-eci.com","HYQU","MSA-HYQU-0065","ZIG-ZAG + SA","[""MALT + SA""]","24.94",,,,,"Annexe",,"3",,"9,375x10,25","50*14","81*162","15","401",,,
"MRSA-HYQU-0066-V1","HYDRO QUEBEC","MSA-HYQU-0066",,,,"4261859 SA",,"2026-08-13T23:28:47Z","soleil.anker@ermco-eci.com","2026-08-13T23:29:23Z","soleil.anker@ermco-eci.com","HYQU","MSA-HYQU-0066","ZIG-ZAG + SA","[""MALT + SA""]","24.94",,,,,"Annexe",,"3","0","8,375x9,25","45*10","11,5RD","1,125","398",,,
"MRSA-HYQU-0067-V1","HYDRO QUEBEC","MSA-HYQU-0067",,,,"4261865 SA",,"2026-08-13T23:28:48Z","soleil.anker@ermco-eci.com","2026-08-13T23:29:23Z","soleil.anker@ermco-eci.com","HYQU","MSA-HYQU-0067","ZIG-ZAG + SA","[""MALT + SA""]","13.8",,,,,"Annexe",,"3",,,,,,"402",,,
"MRSA-HYQU-0068-V1","HYDRO QUEBEC","MSA-HYQU-0068",,,,"4261870 SA",,"2026-08-13T23:28:53Z","soleil.anker@ermco-eci.com","2026-08-13T23:29:23Z","soleil.anker@ermco-eci.com","HYQU","MSA-HYQU-0068","ZIG-ZAG + SA","[""MALT + SA""]","24.94",,,,,"Annexe",,"3",,"9,375x10,25","0.05*14","81*162","15","407",,,
"MRSA-HYQU-0069-V1","HYDRO QUEBEC","MSA-HYQU-0069",,,,"4261871 SA",,"2026-08-13T23:28:47Z","soleil.anker@ermco-eci.com","2026-08-13T23:29:23Z","soleil.anker@ermco-eci.com","HYQU","MSA-HYQU-0069","ZIG-ZAG + SA","[""MALT + SA""]","264",,,,,"Annexe",,"3",,"5,625x9,25","2x 45*10","12RD","11","399",,,
"MRSA-HYQU-0070-V1","HYDRO QUEBEC","MSA-HYQU-0070",,,,"4276087 SA",,"2026-08-13T23:28:48Z","soleil.anker@ermco-eci.com","2026-08-13T23:29:23Z","soleil.anker@ermco-eci.com","HYQU","MSA-HYQU-0070","ZIG-ZAG + SA","[""MALT + SA""]","12.5",,,,,"Annexe",,"3",,,,,,"403",,,
"MRSA-HYQU-0071-V1","HYDRO QUEBEC","MSA-HYQU-0071",,,,"4276269",,"2026-08-13T23:28:53Z","soleil.anker@ermco-eci.com","2026-08-13T23:29:23Z","soleil.anker@ermco-eci.com","HYQU","MSA-HYQU-0071","POWER-LTC","[""SUBSTATION + LTC""]","12.5",,,,,"Annexe",,"3",,,,,,"406",,,
"MRSA-HYQU-0076-V1","HYDRO QUEBEC","MSA-HYQU-0076",,,,"4251081/1166353 SA",,"2026-08-13T23:28:57Z","soleil.anker@ermco-eci.com","2026-08-13T23:29:24Z","soleil.anker@ermco-eci.com","HYQU","MSA-HYQU-0076","MALT + SA","[""MALT + SA""]","300",,,,,,,"3",,,,,,"410",,,
"MRSA-HYQU-0077-V1","HYDRO QUEBEC","MSA-HYQU-0077",,,,"4251082/1166354 SA",,"2026-08-13T23:28:58Z","soleil.anker@ermco-eci.com","2026-08-13T23:29:23Z","soleil.anker@ermco-eci.com","HYQU","MSA-HYQU-0077","MALT + SA","[""MALT + SA""]","1,000",,,,,,,"3",,,,,,"411",,,
"MRSA-HYQU-0082-V1","HYDRO QUEBEC","MSA-HYQU-0082",,,,"4251001 SA",,"2026-08-13T23:28:51Z","soleil.anker@ermco-eci.com","2026-08-13T23:29:23Z","soleil.anker@ermco-eci.com","HYQU","MSA-HYQU-0082","ZIG-ZAG + SA","[""MALT + SA""]","24.94",,,,,"Annexe",,"3",,,,,,"405",,,
"MRSA-HYQU-0092-V1","HYDRO QUEBEC","MSA-HYQU-0092",,,,"TMP9 SA",,"2026-08-13T23:28:55Z","soleil.anker@ermco-eci.com","2026-08-13T23:29:23Z","soleil.anker@ermco-eci.com","HYQU","MSA-HYQU-0092","ZIG-ZAG + SA","[""MALT + SA""]","4.16",,,,,"Annexe",,"3",,"5,75x9,25","33*60","102*204","6.75","408",,,
"MRSA-HYQU-0096-V1","HYDRO QUEBEC","MSA-HYQU-0096",,,,"426870 SA",,"2026-08-13T23:28:47Z","soleil.anker@ermco-eci.com","2026-08-13T23:29:23Z","soleil.anker@ermco-eci.com","HYQU","MSA-HYQU-0096","ZIG-ZAG + SA","[""MALT + SA""]","24.94",,,,,"Annexe",,"3",,"9,375x10,25","50*14","9RD","15","400",,,
"MRSA-HYQU-0097-V1","HYDRO QUEBEC","MSA-HYQU-0097",,,,"4276699 SA",,"2026-08-13T23:28:49Z","soleil.anker@ermco-eci.com","2026-08-13T23:29:24Z","soleil.anker@ermco-eci.com","HYQU","MSA-HYQU-0097","ZIG-ZAG + SA","[""MALT + SA""]","12.5",,,,,"Annexe",,"3",,,,,,"404",,,
