ListSchema={"schemaXmlList":["<Field ID=\"{fa564e0f-0c70-4ab9-b863-0177e6ddd247}\" Type=\"Text\" Name=\"Title\" DisplayName=\"Title\" Required=\"FALSE\" SourceID=\"http://schemas.microsoft.com/sharepoint/v3\" StaticName=\"Title\" FromBaseType=\"TRUE\" MaxLength=\"255\" />","<Field ID=\"{1df5e554-ec7e-46a6-901d-d85a3881cb18}\" ReadOnly=\"TRUE\" Type=\"User\" List=\"UserInfo\" Name=\"Author\" DisplayName=\"Created_By\" SourceID=\"http://schemas.microsoft.com/sharepoint/v3\" StaticName=\"Author\" FromBaseType=\"TRUE\" Required=\"FALSE\" ShowField=\"ImnName\" />","<Field ID=\"{d31655d1-1d5b-4511-95a1-7a09e9b75bf2}\" ReadOnly=\"TRUE\" Type=\"User\" List=\"UserInfo\" Name=\"Editor\" DisplayName=\"Modified_By\" SourceID=\"http://schemas.microsoft.com/sharepoint/v3\" StaticName=\"Editor\" FromBaseType=\"TRUE\" Required=\"FALSE\" ShowField=\"ImnName\" />","<Field DisplayName=\"Model_ID\" Format=\"Dropdown\" IsModern=\"TRUE\" MaxLength=\"255\" Name=\"ModelID\" Title=\"ModelID\" Type=\"Text\" ID=\"{7341f004-bfd1-4148-8e8e-233b3e259027}\" StaticName=\"ModelID\" CustomFormatter=\"\" Required=\"FALSE\" EnforceUniqueValues=\"TRUE\" Indexed=\"TRUE\" />","<Field Type=\"Text\" DisplayName=\"Spec_ID\" Required=\"FALSE\" EnforceUniqueValues=\"FALSE\" Indexed=\"FALSE\" MaxLength=\"255\" ID=\"{222ea723-0714-4bcd-b83c-ffeda35c0cb0}\" StaticName=\"SpecID\" Name=\"SpecID\" CustomFormatter=\"\" />","<Field Type=\"Text\" DisplayName=\"Model_Code\" Required=\"TRUE\" EnforceUniqueValues=\"FALSE\" Indexed=\"FALSE\" MaxLength=\"255\" ID=\"{cd55e311-fa06-43b7-9572-2cb4f30b1f43}\" StaticName=\"ModelName\" Name=\"ModelName\" CustomFormatter=\"\" />","<Field ClientSideComponentId=\"00000000-0000-0000-0000-000000000000\" CustomFormatter=\"{&quot;elmType&quot;:&quot;div&quot;,&quot;style&quot;:{&quot;box-sizing&quot;:&quot;border-box&quot;,&quot;padding&quot;:&quot;0 2px&quot;,&quot;overflow&quot;:&quot;hidden&quot;,&quot;text-overflow&quot;:&quot;ellipsis&quot;},&quot;attributes&quot;:{&quot;class&quot;:{&quot;operator&quot;:&quot;:&quot;,&quot;operands&quot;:[{&quot;operator&quot;:&quot;==&quot;,&quot;operands&quot;:[&quot;[$ModificationStatus]&quot;,&quot;Up to Date&quot;]},&quot;sp-css-backgroundColor-BgMintGreen sp-css-borderColor-MintGreenFont sp-css-color-MintGreenFont sp-css-color-MintGreenFont&quot;,{&quot;operator&quot;:&quot;:&quot;,&quot;operands&quot;:[{&quot;operator&quot;:&quot;==&quot;,&quot;operands&quot;:[&quot;[$ModificationStatus]&quot;,&quot;Minor Changes&quot;]},&quot;sp-css-backgroundColor-BgCyan sp-css-borderColor-CyanFont sp-css-color-CyanFont sp-css-color-CyanFont&quot;,{&quot;operator&quot;:&quot;:&quot;,&quot;operands&quot;:[{&quot;operator&quot;:&quot;==&quot;,&quot;operands&quot;:[&quot;[$ModificationStatus]&quot;,&quot;Moderate Changes&quot;]},&quot;sp-css-backgroundColor-BgGold sp-css-borderColor-GoldFont sp-css-color-GoldFont sp-css-color-GoldFont&quot;,{&quot;operator&quot;:&quot;:&quot;,&quot;operands&quot;:[{&quot;operator&quot;:&quot;==&quot;,&quot;operands&quot;:[&quot;[$ModificationStatus]&quot;,&quot;Major Changes&quot;]},&quot;sp-css-backgroundColor-BgCoral sp-css-color-CoralFont sp-css-color-CoralFont&quot;,{&quot;operator&quot;:&quot;:&quot;,&quot;operands&quot;:[{&quot;operator&quot;:&quot;==&quot;,&quot;operands&quot;:[&quot;[$ModificationStatus]&quot;,&quot;&quot;]},&quot;&quot;,&quot;&quot;]}]}]}]}]}},&quot;children&quot;:[{&quot;elmType&quot;:&quot;span&quot;,&quot;style&quot;:{&quot;overflow&quot;:&quot;hidden&quot;,&quot;text-overflow&quot;:&quot;ellipsis&quot;,&quot;padding&quot;:&quot;0 3px&quot;},&quot;txtContent&quot;:&quot;[$ModificationStatus]&quot;,&quot;attributes&quot;:{&quot;class&quot;:{&quot;operator&quot;:&quot;:&quot;,&quot;operands&quot;:[{&quot;operator&quot;:&quot;==&quot;,&quot;operands&quot;:[&quot;[$ModificationStatus]&quot;,&quot;Up to Date&quot;]},&quot;sp-css-color-MintGreenFont&quot;,{&quot;operator&quot;:&quot;:&quot;,&quot;operands&quot;:[{&quot;operator&quot;:&quot;==&quot;,&quot;operands&quot;:[&quot;[$ModificationStatus]&quot;,&quot;Minor Changes&quot;]},&quot;sp-css-color-CyanFont&quot;,{&quot;operator&quot;:&quot;:&quot;,&quot;operands&quot;:[{&quot;operator&quot;:&quot;==&quot;,&quot;operands&quot;:[&quot;[$ModificationStatus]&quot;,&quot;Moderate Changes&quot;]},&quot;sp-css-color-GoldFont&quot;,{&quot;operator&quot;:&quot;:&quot;,&quot;operands&quot;:[{&quot;operator&quot;:&quot;==&quot;,&quot;operands&quot;:[&quot;[$ModificationStatus]&quot;,&quot;Major Changes&quot;]},&quot;sp-css-color-CoralFont&quot;,{&quot;operator&quot;:&quot;:&quot;,&quot;operands&quot;:[{&quot;operator&quot;:&quot;==&quot;,&quot;operands&quot;:[&quot;[$ModificationStatus]&quot;,&quot;&quot;]},&quot;&quot;,&quot;&quot;]}]}]}]}]}}}],&quot;templateId&quot;:&quot;BgColorChoice&quot;}\" DisplayName=\"Modification_Status\" FillInChoice=\"FALSE\" Format=\"Dropdown\" Name=\"ModificationStatus\" Title=\"Modification_Status\" Type=\"Choice\" ID=\"{ce4a0c06-99b9-4661-9836-4958390109e6}\" StaticName=\"ModificationStatus\"><CHOICES><CHOICE>Up to Date</CHOICE><CHOICE>Minor Changes</CHOICE><CHOICE>Moderate Changes</CHOICE><CHOICE>Major Changes</CHOICE></CHOICES><Default>Up to Date</Default></Field>","<Field Type=\"Note\" DisplayName=\"Notes\" Required=\"FALSE\" EnforceUniqueValues=\"FALSE\" Indexed=\"FALSE\" NumLines=\"6\" RichText=\"TRUE\" RichTextMode=\"FullHtml\" IsolateStyles=\"TRUE\" Sortable=\"FALSE\" ID=\"{cb569d8b-53c1-4d3a-90f1-a3b5c99b775e}\" StaticName=\"Notes\" Name=\"Notes\" CustomFormatter=\"\" RestrictedMode=\"TRUE\" AppendOnly=\"FALSE\" />","<Field Type=\"Number\" DisplayName=\"Estimated Effort\" Required=\"FALSE\" EnforceUniqueValues=\"FALSE\" Indexed=\"FALSE\" ID=\"{1e928e8d-9186-49a6-a7dd-177013fc168f}\" StaticName=\"Estimated_x0020_Effort\" Name=\"Estimated_x0020_Effort\"><Default>0</Default></Field>","<Field Type=\"Choice\" DisplayName=\"Current Changes Priority\" Required=\"FALSE\" EnforceUniqueValues=\"FALSE\" Indexed=\"FALSE\" Format=\"Dropdown\" FillInChoice=\"FALSE\" ID=\"{7dddc5b9-c99a-4488-a44e-321588a4db55}\" StaticName=\"Current_x0020_Changes_x0020_Prio\" Name=\"Current_x0020_Changes_x0020_Prio\"><Default>ASAP</Default><CHOICES><CHOICE>ASAP</CHOICE><CHOICE>Next Month</CHOICE><CHOICE>Next Order</CHOICE><CHOICE>Set Date</CHOICE></CHOICES></Field>","<Field Type=\"DateTime\" DisplayName=\"Changes Due Date\" Required=\"FALSE\" EnforceUniqueValues=\"FALSE\" Indexed=\"FALSE\" Format=\"DateOnly\" FriendlyDisplayFormat=\"Disabled\" ID=\"{709aca0e-11f7-4df9-8cc9-26b8bb87856f}\" StaticName=\"Changes_x0020_Due_x0020_Date\" Name=\"Changes_x0020_Due_x0020_Date\" />","<Field Type=\"Text\" DisplayName=\"Client_ID_TextField\" Required=\"FALSE\" EnforceUniqueValues=\"FALSE\" Indexed=\"FALSE\" MaxLength=\"255\" ID=\"{afaa104d-4351-4d93-9b9e-83314cf60b23}\" StaticName=\"Client_ID_TextFiel\" Name=\"Client_ID_TextFiel\" CustomFormatter=\"\" />","<Field Type=\"Number\" DisplayName=\"kVA and kV\" Required=\"FALSE\" EnforceUniqueValues=\"FALSE\" Indexed=\"FALSE\" ID=\"{ba47acb3-a901-4b35-a904-a2530aa7c986}\" StaticName=\"kVA_x0020_and_x0020_kV\" Name=\"kVA_x0020_and_x0020_kV\"><Default>0</Default></Field>","<Field ClientSideComponentId=\"00000000-0000-0000-0000-000000000000\" DisplayName=\"Model Type\" FillInChoice=\"TRUE\" Format=\"Dropdown\" Name=\"Model_x0020_Type\" Title=\"Model Type\" Type=\"Choice\" ID=\"{90acef6a-9d76-4dae-9e78-6bd61349d6b4}\" StaticName=\"Model_x0020_Type\"><CHOICES><CHOICE>None</CHOICE><CHOICE>ANNEX</CHOICE><CHOICE>C2</CHOICE><CHOICE>FLATFACE</CHOICE><CHOICE>MALT</CHOICE><CHOICE>MINPAD</CHOICE><CHOICE>NETWORK</CHOICE><CHOICE>PADMOUNT</CHOICE><CHOICE>POLEMOUNT</CHOICE><CHOICE>POWER-LTC</CHOICE><CHOICE>POWER-S</CHOICE><CHOICE>POWER-W</CHOICE><CHOICE>SPECIAL</CHOICE><CHOICE>SUBMERSIBLE</CHOICE><CHOICE>UNITIZED</CHOICE><CHOICE>ZIG-ZAG</CHOICE><CHOICE>ZIG-ZAG + SA</CHOICE></CHOICES><Default>None</Default></Field>","<Field Type=\"Choice\" DisplayName=\"Oil Type\" Required=\"FALSE\" EnforceUniqueValues=\"FALSE\" Indexed=\"FALSE\" Format=\"Dropdown\" FillInChoice=\"TRUE\" ID=\"{e3be1322-4677-489b-aafb-ff3aa653ae84}\" StaticName=\"Oil_x0020_Type\" Name=\"Oil_x0020_Type\" CustomFormatter=\"\"><Default>None</Default><CHOICES><CHOICE>None</CHOICE><CHOICE>A2</CHOICE><CHOICE>B2</CHOICE><CHOICE>BETA</CHOICE><CHOICE>FR3</CHOICE><CHOICE>Inconnu</CHOICE><CHOICE>Luminol</CHOICE><CHOICE>Midel</CHOICE></CHOICES></Field>","<Field Type=\"Choice\" DisplayName=\"Core Type\" Required=\"FALSE\" EnforceUniqueValues=\"FALSE\" Indexed=\"FALSE\" Format=\"Dropdown\" FillInChoice=\"TRUE\" ID=\"{b585289a-af88-4efa-a632-a48c14602e2b}\" StaticName=\"Core_x0020_Type\" Name=\"Core_x0020_Type\" CustomFormatter=\"\"><Default>None</Default><CHOICES><CHOICE>None</CHOICE><CHOICE>Cogent</CHOICE><CHOICE>Amorphe</CHOICE><CHOICE>Annexe</CHOICE></CHOICES></Field>","<Field Type=\"Boolean\" DisplayName=\"Is Cancelled\" EnforceUniqueValues=\"FALSE\" Indexed=\"FALSE\" ID=\"{156a75f3-ccf7-4aa5-9a20-00a425c580c8}\" StaticName=\"Is_x0020_Cancelled\" Name=\"Is_x0020_Cancelled\"><Default>0</Default></Field>","<Field CommaSeparator=\"TRUE\" CustomUnitOnRight=\"TRUE\" Decimals=\"0\" DisplayName=\"Phases\" Format=\"Dropdown\" IsModern=\"TRUE\" Name=\"Phases\" Percentage=\"FALSE\" Title=\"Phases\" Type=\"Number\" Unit=\"None\" ID=\"{71d85a9d-c008-4ef9-abe4-f46a525a4cc4}\" StaticName=\"Phases\" />","<Field DisplayName=\"Info+\" Format=\"Dropdown\" IsModern=\"TRUE\" MaxLength=\"255\" Name=\"Info_x002b_\" Title=\"Info+\" Type=\"Text\" ID=\"{2181ce60-cecc-465e-b318-074c5ba81266}\" StaticName=\"Info_x002b_\" />","<Field DisplayName=\"Protector &amp; Switchgear Item #\" Format=\"Dropdown\" IsModern=\"TRUE\" MaxLength=\"255\" Name=\"ProtectorSwitchgearItem_x0023_\" Title=\"Protector &amp; Switchgear Item #\" Type=\"Text\" ID=\"{1fb2de7a-0b93-4432-b5dd-e1ecde728276}\" StaticName=\"ProtectorSwitchgearItem_x0023_\" />","<Field DisplayName=\"SFRA\" Format=\"Dropdown\" IsModern=\"TRUE\" MaxLength=\"255\" Name=\"SFRA\" Title=\"SFRA\" Type=\"Text\" ID=\"{707edcbc-b763-41f9-84aa-26c8c421010d}\" StaticName=\"SFRA\" />","<Field CommaSeparator=\"TRUE\" CustomUnitOnRight=\"TRUE\" DisplayName=\"Oil Amount\" Format=\"Dropdown\" IsModern=\"TRUE\" Name=\"OilAmount\" Percentage=\"FALSE\" Title=\"Oil Amount\" Type=\"Number\" Unit=\"None\" ID=\"{1a6787d8-9efd-4f86-83ff-8454511c200e}\" StaticName=\"OilAmount\" />","<Field DisplayName=\"Configuration\" Format=\"Dropdown\" IsModern=\"TRUE\" MaxLength=\"255\" Name=\"Configuration\" Title=\"Configuration\" Type=\"Text\" ID=\"{25e2f381-ec52-43b7-b689-8a852f324cfa}\" StaticName=\"Configuration\" />","<Field DisplayName=\"Section Qty\" Format=\"Dropdown\" IsModern=\"TRUE\" MaxLength=\"255\" Name=\"SectionQty\" Title=\"Section Qty\" Type=\"Text\" ID=\"{052b9dcc-a972-4a5a-9a58-55002ab1402e}\" StaticName=\"SectionQty\" />","<Field DisplayName=\"Cable\" Format=\"Dropdown\" IsModern=\"TRUE\" MaxLength=\"255\" Name=\"Cable\" Title=\"Cable\" Type=\"Text\" ID=\"{a06a4e76-e049-4ccc-908f-7f7d4e5de113}\" StaticName=\"Cable\" />","<Field DisplayName=\"Form\" Format=\"Dropdown\" IsModern=\"TRUE\" MaxLength=\"255\" Name=\"Form\" Title=\"Form\" Type=\"Text\" ID=\"{a40ef034-c521-4e60-b255-4bcdb52af1d6}\" StaticName=\"Form\" />","<Field DisplayName=\"Copper (LV)\" Format=\"Dropdown\" IsModern=\"TRUE\" MaxLength=\"255\" Name=\"Copper_x0028_LV_x0029_\" Title=\"Copper (LV)\" Type=\"Text\" ID=\"{23bf3fab-9e2b-4088-a75f-662b43c4cda2}\" StaticName=\"Copper_x0028_LV_x0029_\" />","<Field DisplayName=\"Wire (HV)\" Format=\"Dropdown\" IsModern=\"TRUE\" MaxLength=\"255\" Name=\"Wire_x0028_HV_x0029_\" Title=\"Wire (HV)\" Type=\"Text\" ID=\"{444aab61-0180-4bec-8c66-78c7bc8e0858}\" StaticName=\"Wire_x0028_HV_x0029_\" />","<Field CommaSeparator=\"TRUE\" CustomUnitOnRight=\"TRUE\" DisplayName=\"Overcoil\" Format=\"Dropdown\" IsModern=\"TRUE\" Name=\"Overcoil\" Percentage=\"FALSE\" Title=\"Overcoil\" Type=\"Number\" Unit=\"None\" ID=\"{b4d09a00-d0ea-48e4-bd39-41cfa4e15306}\" StaticName=\"Overcoil\" />","<Field CustomFormatter=\"{&quot;elmType&quot;:&quot;div&quot;,&quot;style&quot;:{&quot;flex-wrap&quot;:&quot;wrap&quot;,&quot;display&quot;:&quot;flex&quot;},&quot;children&quot;:[{&quot;elmType&quot;:&quot;div&quot;,&quot;style&quot;:{&quot;box-sizing&quot;:&quot;border-box&quot;,&quot;padding&quot;:&quot;4px 8px 5px 8px&quot;,&quot;overflow&quot;:&quot;hidden&quot;,&quot;text-overflow&quot;:&quot;ellipsis&quot;,&quot;display&quot;:&quot;flex&quot;,&quot;border-radius&quot;:&quot;16px&quot;,&quot;height&quot;:&quot;24px&quot;,&quot;align-items&quot;:&quot;center&quot;,&quot;white-space&quot;:&quot;nowrap&quot;,&quot;margin&quot;:&quot;4px 4px 4px 4px&quot;},&quot;attributes&quot;:{&quot;class&quot;:{&quot;operator&quot;:&quot;:&quot;,&quot;operands&quot;:[{&quot;operator&quot;:&quot;==&quot;,&quot;operands&quot;:[&quot;@currentField&quot;,&quot;ANNEX&quot;]},&quot;sp-css-backgroundColor-BgCornflowerBlue sp-field-fontSizeSmall sp-css-color-CornflowerBlueFont sp-css-color-CornflowerBlueFont&quot;,{&quot;operator&quot;:&quot;:&quot;,&quot;operands&quot;:[{&quot;operator&quot;:&quot;==&quot;,&quot;operands&quot;:[&quot;@currentField&quot;,&quot;FLAT FRONT&quot;]},&quot;sp-css-backgroundColor-BgMintGreen sp-field-fontSizeSmall sp-css-color-MintGreenFont sp-css-color-MintGreenFont&quot;,{&quot;operator&quot;:&quot;:&quot;,&quot;operands&quot;:[{&quot;operator&quot;:&quot;==&quot;,&quot;operands&quot;:[&quot;@currentField&quot;,&quot;Goujon&quot;]},&quot;sp-css-backgroundColor-BgGold sp-field-fontSizeSmall sp-css-color-GoldFont sp-css-color-GoldFont&quot;,{&quot;operator&quot;:&quot;:&quot;,&quot;operands&quot;:[{&quot;operator&quot;:&quot;==&quot;,&quot;operands&quot;:[&quot;@currentField&quot;,&quot;&quot;]},&quot;&quot;,{&quot;operator&quot;:&quot;:&quot;,&quot;operands&quot;:[{&quot;operator&quot;:&quot;==&quot;,&quot;operands&quot;:[&quot;@currentField&quot;,&quot;MALT&quot;]},&quot;sp-css-backgroundColor-BgCoral sp-field-fontSizeSmall sp-css-color-CoralFont sp-css-color-CoralFont&quot;,{&quot;operator&quot;:&quot;:&quot;,&quot;operands&quot;:[{&quot;operator&quot;:&quot;==&quot;,&quot;operands&quot;:[&quot;@currentField&quot;,&quot;MALT + SA&quot;]},&quot;sp-css-backgroundColor-BgDustRose sp-field-fontSizeSmall sp-css-color-DustRoseFont sp-css-color-DustRoseFont&quot;,{&quot;operator&quot;:&quot;:&quot;,&quot;operands&quot;:[{&quot;operator&quot;:&quot;==&quot;,&quot;operands&quot;:[&quot;@currentField&quot;,&quot;MALT + SA + LTC&quot;]},&quot;sp-css-backgroundColor-BgCyan sp-field-fontSizeSmall sp-css-color-CyanFont sp-css-color-CyanFont&quot;,{&quot;operator&quot;:&quot;:&quot;,&quot;operands&quot;:[{&quot;operator&quot;:&quot;==&quot;,&quot;operands&quot;:[&quot;@currentField&quot;,&quot;MINPAD-1HP&quot;]},&quot;sp-css-backgroundColor-BgPeach sp-field-fontSizeSmall sp-css-color-PeachFont sp-css-color-PeachFont&quot;,{&quot;operator&quot;:&quot;:&quot;,&quot;operands&quot;:[{&quot;operator&quot;:&quot;==&quot;,&quot;operands&quot;:[&quot;@currentField&quot;,&quot;NETWORK&quot;]},&quot;sp-css-backgroundColor-BgSage sp-field-fontSizeSmall sp-css-color-SageFont sp-css-color-SageFont&quot;,{&quot;operator&quot;:&quot;:&quot;,&quot;operands&quot;:[{&quot;operator&quot;:&quot;==&quot;,&quot;operands&quot;:[&quot;@currentField&quot;,&quot;PADMOUNT&quot;]},&quot;sp-css-backgroundColor-BgLightPurple sp-field-fontSizeSmall sp-css-color-LightPurpleFont sp-css-color-LightPurpleFont&quot;,{&quot;operator&quot;:&quot;:&quot;,&quot;operands&quot;:[{&quot;operator&quot;:&quot;==&quot;,&quot;operands&quot;:[&quot;@currentField&quot;,&quot;PARTS&quot;]},&quot;sp-css-backgroundColor-BgViolet sp-field-fontSizeSmall sp-css-color-VioletFont sp-css-color-VioletFont&quot;,{&quot;operator&quot;:&quot;:&quot;,&quot;operands&quot;:[{&quot;operator&quot;:&quot;==&quot;,&quot;operands&quot;:[&quot;@currentField&quot;,&quot;PLAQUE ANCRAGE&quot;]},&quot;sp-css-backgroundColor-BgLightBlue sp-field-fontSizeSmall sp-css-color-LightBlueFont sp-css-color-LightBlueFont&quot;,{&quot;operator&quot;:&quot;:&quot;,&quot;operands&quot;:[{&quot;operator&quot;:&quot;==&quot;,&quot;operands&quot;:[&quot;@currentField&quot;,&quot;SA + LTC&quot;]},&quot;sp-css-backgroundColor-BgMauve sp-field-fontSizeSmall sp-css-color-MauveFont sp-css-color-MauveFont&quot;,{&quot;operator&quot;:&quot;:&quot;,&quot;operands&quot;:[{&quot;operator&quot;:&quot;==&quot;,&quot;operands&quot;:[&quot;@currentField&quot;,&quot;SPAREPARTS&quot;]},&quot;sp-css-backgroundColor-BgLilac sp-field-fontSizeSmall sp-css-color-LilacFont sp-css-color-LilacFont&quot;,{&quot;operator&quot;:&quot;:&quot;,&quot;operands&quot;:[{&quot;operator&quot;:&quot;==&quot;,&quot;operands&quot;:[&quot;@currentField&quot;,&quot;SUBSTATION&quot;]},&quot;sp-css-backgroundColor-BgLightGray sp-field-fontSizeSmall sp-css-color-LightGrayFont sp-css-color-LightGrayFont&quot;,{&quot;operator&quot;:&quot;:&quot;,&quot;operands&quot;:[{&quot;operator&quot;:&quot;==&quot;,&quot;operands&quot;:[&quot;@currentField&quot;,&quot;SUBSTATION + LTC&quot;]},&quot;sp-css-backgroundColor-BgBlue sp-field-fontSizeSmall sp-css-color-WhiteFont sp-css-color-WhiteFont&quot;,{&quot;operator&quot;:&quot;:&quot;,&quot;operands&quot;:[{&quot;operator&quot;:&quot;==&quot;,&quot;operands&quot;:[&quot;@currentField&quot;,&quot;SUBST-STACK&quot;]},&quot;sp-css-backgroundColor-BgGreen sp-field-fontSizeSmall sp-css-color-WhiteFont sp-css-color-WhiteFont&quot;,{&quot;operator&quot;:&quot;:&quot;,&quot;operands&quot;:[{&quot;operator&quot;:&quot;==&quot;,&quot;operands&quot;:[&quot;@currentField&quot;,&quot;SUBWAY&quot;]},&quot;sp-css-backgroundColor-BgBrown sp-field-fontSizeSmall sp-css-color-WhiteFont sp-css-color-WhiteFont&quot;,{&quot;operator&quot;:&quot;:&quot;,&quot;operands&quot;:[{&quot;operator&quot;:&quot;==&quot;,&quot;operands&quot;:[&quot;@currentField&quot;,&quot;Choice 18&quot;]},&quot;sp-css-backgroundColor-BgDarkRed sp-field-fontSizeSmall sp-css-color-WhiteFont sp-css-color-WhiteFont&quot;,{&quot;operator&quot;:&quot;:&quot;,&quot;operands&quot;:[{&quot;operator&quot;:&quot;==&quot;,&quot;operands&quot;:[&quot;@currentField&quot;,&quot;VAULT1-HP&quot;]},&quot;sp-css-backgroundColor-BgRed sp-field-fontSizeSmall sp-css-color-WhiteFont sp-css-color-WhiteFont&quot;,&quot;sp-field-borderAllRegular sp-field-borderAllSolid sp-css-borderColor-neutralSecondary&quot;]}]}]}]}]}]}]}]}]}]}]}]}]}]}]}]}]}]}]}]}},&quot;children&quot;:[{&quot;elmType&quot;:&quot;span&quot;,&quot;style&quot;:{&quot;overflow&quot;:&quot;hidden&quot;,&quot;text-overflow&quot;:&quot;ellipsis&quot;,&quot;padding&quot;:&quot;0 3px&quot;},&quot;txtContent&quot;:&quot;@currentField&quot;,&quot;attributes&quot;:{&quot;class&quot;:{&quot;operator&quot;:&quot;:&quot;,&quot;operands&quot;:[{&quot;operator&quot;:&quot;==&quot;,&quot;operands&quot;:[&quot;@currentField&quot;,&quot;ANNEX&quot;]},&quot;sp-field-fontSizeSmall sp-css-color-CornflowerBlueFont&quot;,{&quot;operator&quot;:&quot;:&quot;,&quot;operands&quot;:[{&quot;operator&quot;:&quot;==&quot;,&quot;operands&quot;:[&quot;@currentField&quot;,&quot;FLAT FRONT&quot;]},&quot;sp-field-fontSizeSmall sp-css-color-MintGreenFont&quot;,{&quot;operator&quot;:&quot;:&quot;,&quot;operands&quot;:[{&quot;operator&quot;:&quot;==&quot;,&quot;operands&quot;:[&quot;@currentField&quot;,&quot;Goujon&quot;]},&quot;sp-field-fontSizeSmall sp-css-color-GoldFont&quot;,{&quot;operator&quot;:&quot;:&quot;,&quot;operands&quot;:[{&quot;operator&quot;:&quot;==&quot;,&quot;operands&quot;:[&quot;@currentField&quot;,&quot;&quot;]},&quot;&quot;,{&quot;operator&quot;:&quot;:&quot;,&quot;operands&quot;:[{&quot;operator&quot;:&quot;==&quot;,&quot;operands&quot;:[&quot;@currentField&quot;,&quot;MALT&quot;]},&quot;sp-field-fontSizeSmall sp-css-color-CoralFont&quot;,{&quot;operator&quot;:&quot;:&quot;,&quot;operands&quot;:[{&quot;operator&quot;:&quot;==&quot;,&quot;operands&quot;:[&quot;@currentField&quot;,&quot;MALT + SA&quot;]},&quot;sp-field-fontSizeSmall sp-css-color-DustRoseFont&quot;,{&quot;operator&quot;:&quot;:&quot;,&quot;operands&quot;:[{&quot;operator&quot;:&quot;==&quot;,&quot;operands&quot;:[&quot;@currentField&quot;,&quot;MALT + SA + LTC&quot;]},&quot;sp-field-fontSizeSmall sp-css-color-CyanFont&quot;,{&quot;operator&quot;:&quot;:&quot;,&quot;operands&quot;:[{&quot;operator&quot;:&quot;==&quot;,&quot;operands&quot;:[&quot;@currentField&quot;,&quot;MINPAD-1HP&quot;]},&quot;sp-field-fontSizeSmall sp-css-color-PeachFont&quot;,{&quot;operator&quot;:&quot;:&quot;,&quot;operands&quot;:[{&quot;operator&quot;:&quot;==&quot;,&quot;operands&quot;:[&quot;@currentField&quot;,&quot;NETWORK&quot;]},&quot;sp-field-fontSizeSmall sp-css-color-SageFont&quot;,{&quot;operator&quot;:&quot;:&quot;,&quot;operands&quot;:[{&quot;operator&quot;:&quot;==&quot;,&quot;operands&quot;:[&quot;@currentField&quot;,&quot;PADMOUNT&quot;]},&quot;sp-field-fontSizeSmall sp-css-color-LightPurpleFont&quot;,{&quot;operator&quot;:&quot;:&quot;,&quot;operands&quot;:[{&quot;operator&quot;:&quot;==&quot;,&quot;operands&quot;:[&quot;@currentField&quot;,&quot;PARTS&quot;]},&quot;sp-field-fontSizeSmall sp-css-color-VioletFont&quot;,{&quot;operator&quot;:&quot;:&quot;,&quot;operands&quot;:[{&quot;operator&quot;:&quot;==&quot;,&quot;operands&quot;:[&quot;@currentField&quot;,&quot;PLAQUE ANCRAGE&quot;]},&quot;sp-field-fontSizeSmall sp-css-color-LightBlueFont&quot;,{&quot;operator&quot;:&quot;:&quot;,&quot;operands&quot;:[{&quot;operator&quot;:&quot;==&quot;,&quot;operands&quot;:[&quot;@currentField&quot;,&quot;SA + LTC&quot;]},&quot;sp-field-fontSizeSmall sp-css-color-MauveFont&quot;,{&quot;operator&quot;:&quot;:&quot;,&quot;operands&quot;:[{&quot;operator&quot;:&quot;==&quot;,&quot;operands&quot;:[&quot;@currentField&quot;,&quot;SPAREPARTS&quot;]},&quot;sp-field-fontSizeSmall sp-css-color-LilacFont&quot;,{&quot;operator&quot;:&quot;:&quot;,&quot;operands&quot;:[{&quot;operator&quot;:&quot;==&quot;,&quot;operands&quot;:[&quot;@currentField&quot;,&quot;SUBSTATION&quot;]},&quot;sp-field-fontSizeSmall sp-css-color-LightGrayFont&quot;,{&quot;operator&quot;:&quot;:&quot;,&quot;operands&quot;:[{&quot;operator&quot;:&quot;==&quot;,&quot;operands&quot;:[&quot;@currentField&quot;,&quot;SUBSTATION + LTC&quot;]},&quot;sp-field-fontSizeSmall sp-css-color-WhiteFont&quot;,{&quot;operator&quot;:&quot;:&quot;,&quot;operands&quot;:[{&quot;operator&quot;:&quot;==&quot;,&quot;operands&quot;:[&quot;@currentField&quot;,&quot;SUBST-STACK&quot;]},&quot;sp-field-fontSizeSmall sp-css-color-WhiteFont&quot;,{&quot;operator&quot;:&quot;:&quot;,&quot;operands&quot;:[{&quot;operator&quot;:&quot;==&quot;,&quot;operands&quot;:[&quot;@currentField&quot;,&quot;SUBWAY&quot;]},&quot;sp-field-fontSizeSmall sp-css-color-WhiteFont&quot;,{&quot;operator&quot;:&quot;:&quot;,&quot;operands&quot;:[{&quot;operator&quot;:&quot;==&quot;,&quot;operands&quot;:[&quot;@currentField&quot;,&quot;Choice 18&quot;]},&quot;sp-field-fontSizeSmall sp-css-color-WhiteFont&quot;,{&quot;operator&quot;:&quot;:&quot;,&quot;operands&quot;:[{&quot;operator&quot;:&quot;==&quot;,&quot;operands&quot;:[&quot;@currentField&quot;,&quot;VAULT1-HP&quot;]},&quot;sp-field-fontSizeSmall sp-css-color-WhiteFont&quot;,&quot;&quot;]}]}]}]}]}]}]}]}]}]}]}]}]}]}]}]}]}]}]}]}}}]}],&quot;templateId&quot;:&quot;BgColorChoicePill&quot;}\" DisplayName=\"Description\" FillInChoice=\"TRUE\" Format=\"Dropdown\" IsModern=\"TRUE\" Name=\"Description\" Title=\"Description\" Type=\"Choice\" ID=\"{434d0b55-745a-432d-8f54-1fe47cb201b4}\" StaticName=\"Description\"><CHOICES><CHOICE>ANNEX</CHOICE><CHOICE>FLAT FRONT</CHOICE><CHOICE>Goujon</CHOICE><CHOICE>MALT</CHOICE><CHOICE>MALT + SA</CHOICE><CHOICE>MALT + SA + LTC</CHOICE><CHOICE>MINPAD-1HP</CHOICE><CHOICE>NETWORK</CHOICE><CHOICE>PADMOUNT</CHOICE><CHOICE>PARTS</CHOICE><CHOICE>PLAQUE ANCRAGE</CHOICE><CHOICE>SA + LTC</CHOICE><CHOICE>SPAREPARTS</CHOICE><CHOICE>SUBSTATION</CHOICE><CHOICE>SUBSTATION + LTC</CHOICE><CHOICE>SUBST-STACK</CHOICE><CHOICE>SUBWAY</CHOICE><CHOICE>Choice 18</CHOICE><CHOICE>VAULT1-HP</CHOICE></CHOICES></Field>","<Field ID=\"{82642ec8-ef9b-478f-acf9-31f7d45fbc31}\" ReadOnly=\"TRUE\" Type=\"Computed\" Name=\"LinkTitle\" DisplayName=\"Title\" DisplayNameSrcField=\"Title\" ClassInfo=\"Menu\" AuthoringInfo=\"(linked to item with edit menu)\" ListItemMenuAllowed=\"Required\" LinkToItemAllowed=\"Prohibited\" SourceID=\"http://schemas.microsoft.com/sharepoint/v3\" StaticName=\"LinkTitle\" FromBaseType=\"TRUE\"><FieldRefs><FieldRef Name=\"Title\" /><FieldRef Name=\"LinkTitleNoMenu\" /><FieldRef Name=\"_EditMenuTableStart2\" /><FieldRef Name=\"_EditMenuTableEnd\" /></FieldRefs><DisplayPattern><FieldSwitch><Expr><GetVar Name=\"FreeForm\" /></Expr><Case Value=\"TRUE\"><Field Name=\"LinkTitleNoMenu\" /></Case><Default><HTML><![CDATA[<div class=\"ms-vb itx\" onmouseover=\"OnItem(this)\" CTXName=\"ctx]]></HTML><Field Name=\"_EditMenuTableStart2\" /><HTML><![CDATA[\">]]></HTML><Field Name=\"LinkTitleNoMenu\" /><HTML><![CDATA[</div>]]></HTML><HTML><![CDATA[<div class=\"s4-ctx\" onmouseover=\"OnChildItem(this.parentNode); return false;\">]]></HTML><HTML><![CDATA[<span>&nbsp;</span>]]></HTML><HTML><![CDATA[<a onfocus=\"OnChildItem(this.parentNode.parentNode); return false;\" onclick=\"PopMenuFromChevron(event); return false;\" href=\"javascript:;\" title=\"Open Menu\"></a>]]></HTML><HTML><![CDATA[<span>&nbsp;</span>]]></HTML><HTML><![CDATA[</div>]]></HTML></Default></FieldSwitch></DisplayPattern></Field>"]}
"Model_ID","Client","Spec_ID","Model_Code","Modification_Status","Notes","Created","Created_By","Modified","Modified_By","Estimated Effort","Current Changes Priority","Changes Due Date","Client_ID_TextField","kVA and kV","Description","Model Type","Oil Type","Core Type","Is Cancelled","Phases","Info+","Protector & Switchgear Item %23","SFRA","Oil Amount","Configuration","Section Qty","Cable","Form","Copper (LV)","Wire (HV)","Overcoil","ID"
"MSA-HYQU-0011","HYDRO QUEBEC",,"4261870 SA","Up to Date",,"2026-05-04T07:33:18Z","soleil.anker@ermco-eci.com","2026-08-13T18:07:39Z","soleil.anker@ermco-eci.com","0","ASAP",,"HYQU","24.94","MALT + SA","ZIG-ZAG + SA",,"Annexe","False","3",,,,,,,,"9,375x10,25","0.05*14","81*162","15","1"
"MSA-HYQU-0010","HYDRO QUEBEC",,"4276269","Up to Date",,"2026-05-04T07:33:19Z","soleil.anker@ermco-eci.com","2026-06-25T15:47:00Z","angelique.tiago@pioneertransformers.com","0","ASAP",,"HYQU","12.5","SUBSTATION + LTC","POWER-LTC",,"Annexe","False","3",,,,,,,,,,,,"2"
"MSA-HYQU-0009","HYDRO QUEBEC",,"4251001 SA","Up to Date",,"2026-05-04T07:33:19Z","soleil.anker@ermco-eci.com","2026-05-21T11:57:18Z","angelique.tiago@pioneertransformers.com","0","ASAP",,"HYQU","24.94","MALT + SA","ZIG-ZAG + SA",,"Annexe","False","3",,,,,,,,,,,,"3"
"MSA-HYQU-0008","HYDRO QUEBEC",,"4276699 SA","Up to Date",,"2026-05-04T07:33:19Z","soleil.anker@ermco-eci.com","2026-05-21T11:57:24Z","angelique.tiago@pioneertransformers.com","0","ASAP",,"HYQU","12.5","MALT + SA","ZIG-ZAG + SA",,"Annexe","False","3",,,,,,,,,,,,"4"
"MSA-HYQU-0007","HYDRO QUEBEC",,"4276087 SA","Up to Date",,"2026-05-04T07:33:20Z","soleil.anker@ermco-eci.com","2026-05-21T11:57:29Z","angelique.tiago@pioneertransformers.com","0","ASAP",,"HYQU","12.5","MALT + SA","ZIG-ZAG + SA",,"Annexe","False","3",,,,,,,,,,,,"5"
"MSA-HYQU-0006","HYDRO QUEBEC",,"4261865 SA","Up to Date",,"2026-05-04T07:33:20Z","soleil.anker@ermco-eci.com","2026-05-21T11:57:35Z","angelique.tiago@pioneertransformers.com","0","ASAP",,"HYQU","13.8","MALT + SA","ZIG-ZAG + SA",,"Annexe","False","3",,,,,,,,,,,,"6"
"MSA-HYQU-0005","HYDRO QUEBEC",,"4251082 SA","Up to Date",,"2026-05-04T07:33:20Z","soleil.anker@ermco-eci.com","2026-05-21T11:57:40Z","angelique.tiago@pioneertransformers.com","0","ASAP",,"HYQU","24.94","MALT + SA","ZIG-ZAG + SA",,"Annexe","False","3",,,,,,,,"9,375x10,25","50*14","81*162","15","7"
"MSA-HYQU-0004","HYDRO QUEBEC",,"426870 SA","Up to Date",,"2026-05-04T07:33:20Z","soleil.anker@ermco-eci.com","2026-05-21T11:57:46Z","angelique.tiago@pioneertransformers.com","0","ASAP",,"HYQU","24.94","MALT + SA","ZIG-ZAG + SA",,"Annexe","False","3",,,,,,,,"9,375x10,25","50*14","9RD","15","8"
"MSA-HYQU-0003","HYDRO QUEBEC",,"4261871 SA","Up to Date",,"2026-05-04T07:33:21Z","soleil.anker@ermco-eci.com","2026-05-21T11:57:51Z","angelique.tiago@pioneertransformers.com","0","ASAP",,"HYQU","264","MALT + SA","ZIG-ZAG + SA",,"Annexe","False","3",,,,,,,,"5,625x9,25","2x 45*10","12RD","11","9"
"MSA-HYQU-0002","HYDRO QUEBEC",,"4261859 SA","Up to Date",,"2026-05-04T07:33:21Z","soleil.anker@ermco-eci.com","2026-05-21T11:57:56Z","angelique.tiago@pioneertransformers.com","0","ASAP",,"HYQU","24.94","MALT + SA","ZIG-ZAG + SA","A2","Annexe","False","3",,,,,,,"0","8,375x9,25","45*10","11,5RD","1,125","10"
"MSA-HYQU-0001","HYDRO QUEBEC",,"4251081 SA","Up to Date",,"2026-05-04T07:33:21Z","soleil.anker@ermco-eci.com","2026-05-21T11:58:04Z","angelique.tiago@pioneertransformers.com","0","ASAP",,"HYQU","24.9","MALT + SA","ZIG-ZAG + SA",,"Annexe","False","3",,,,,,,,"5,625x9,25","2x 45*10","12RD","11","11"
"MSA-HYQU-0012","HYDRO QUEBEC",,"TMP9 SA","Up to Date",,"2026-05-06T15:36:59Z","soleil.anker@ermco-eci.com","2026-05-20T13:00:39Z","soleil.anker@ermco-eci.com","0","ASAP",,"HYQU","4.16","MALT + SA","ZIG-ZAG + SA",,"Annexe","False","3",,,,,,,,"5,75x9,25","33*60","102*204","6.75","12"
"MSA-HYQU-0013","HYDRO QUEBEC",,"G21523 SA","Up to Date",,"2026-05-06T15:36:59Z","soleil.anker@ermco-eci.com","2026-05-20T13:00:39Z","soleil.anker@ermco-eci.com","0","ASAP",,"HYQU","24.94","MALT + SA","ZIG-ZAG + SA",,"Annexe","False","3",,,,,,,,"8,25x10,25","45*14","9RD","15","13"
"MSA-HYQU-0014","HYDRO QUEBEC",,"4251081/1166353 SA","Up to Date",,"2026-05-06T15:37:00Z","soleil.anker@ermco-eci.com","2026-06-23T11:53:28Z","patrick.vaillancourt@pioneertransformers.com","0","ASAP",,"HYQU","300","MALT + SA","MALT + SA",,,"False","3",,,,,,,,,,,,"14"
"MSA-HYQU-0015","HYDRO QUEBEC",,"4251082/1166354 SA","Up to Date",,"2026-05-06T15:37:00Z","soleil.anker@ermco-eci.com","2026-06-23T11:53:55Z","patrick.vaillancourt@pioneertransformers.com","0","ASAP",,"HYQU","1,000","MALT + SA","MALT + SA",,,"False","3",,,,,,,,,,,,"15"
