"Id","Title","AuthorId","EditorId","OData__ColorTag","ModelID","ClientId","SpecID","ModelName","ModificationStatus","Notes","Estimated_x0020_Effort","Current_x0020_Changes_x0020_Prio","Changes_x0020_Due_x0020_Date","Client_ID_TextFiel","kVA_x0020_and_x0020_kV","Model_x0020_Type","Oil_x0020_Type","Core_x0020_Type","Is_x0020_Cancelled","Phases","Info_x002b_","ProtectorSwitchgearItem_x0023_","SFRA","OilAmount","Configuration","SectionQty","Cable","Form","Copper_x0028_LV_x0029_","Wire_x0028_HV_x0029_","Overcoil","Description","Modified","Created","Attachments","GUID","Client","Author_Email","Editor_Email"
"1","","106","106","","MSA-HYQU-0011","115","","4261870 SA","Up to Date","","0","ASAP","","HYQU","24.94","ZIG-ZAG + SA","","Annexe","False","3","","","","","","","","9,375x10,25","0.05*14","81*162","15","MALT + SA","2026-08-13T18:07:39Z","2026-05-04T07:33:18Z","False","23979f0e-a5df-4af7-8276-90706c391c6b","HYDRO QUEBEC","soleil.anker@ermco-eci.com","soleil.anker@ermco-eci.com"
"2","","106","105","","MSA-HYQU-0010","115","","4276269","Up to Date","","0","ASAP","","HYQU","12.5","POWER-LTC","","Annexe","False","3","","","","","","","","","","","","SUBSTATION + LTC","2026-06-25T15:47:00Z","2026-05-04T07:33:19Z","False","38b242ef-ce04-41ff-913e-2bd6adda75b4","HYDRO QUEBEC","soleil.anker@ermco-eci.com","angelique.tiago@pioneertransformers.com"
"3","","106","105","","MSA-HYQU-0009","115","","4251001 SA","Up to Date","","0","ASAP","","HYQU","24.94","ZIG-ZAG + SA","","Annexe","False","3","","","","","","","","","","","","MALT + SA","2026-05-21T11:57:18Z","2026-05-04T07:33:19Z","False","323d49c3-5329-46f9-9259-4b4daad636a9","HYDRO QUEBEC","soleil.anker@ermco-eci.com","angelique.tiago@pioneertransformers.com"
"4","","106","105","","MSA-HYQU-0008","115","","4276699 SA","Up to Date","","0","ASAP","","HYQU","12.5","ZIG-ZAG + SA","","Annexe","False","3","","","","","","","","","","","","MALT + SA","2026-05-21T11:57:24Z","2026-05-04T07:33:19Z","False","b5024994-5f40-4136-9711-50175a0077af","HYDRO QUEBEC","soleil.anker@ermco-eci.com","angelique.tiago@pioneertransformers.com"
"5","","106","105","","MSA-HYQU-0007","115","","4276087 SA","Up to Date","","0","ASAP","","HYQU","12.5","ZIG-ZAG + SA","","Annexe","False","3","","","","","","","","","","","","MALT + SA","2026-05-21T11:57:29Z","2026-05-04T07:33:20Z","False","f77f0b95-cc4c-46c1-8ae6-b969229bd9ff","HYDRO QUEBEC","soleil.anker@ermco-eci.com","angelique.tiago@pioneertransformers.com"
"6","","106","105","","MSA-HYQU-0006","115","","4261865 SA","Up to Date","","0","ASAP","","HYQU","13.8","ZIG-ZAG + SA","","Annexe","False","3","","","","","","","","","","","","MALT + SA","2026-05-21T11:57:35Z","2026-05-04T07:33:20Z","False","2945ea05-620d-44a1-866f-562eadbbeb27","HYDRO QUEBEC","soleil.anker@ermco-eci.com","angelique.tiago@pioneertransformers.com"
"7","","106","105","","MSA-HYQU-0005","115","","4251082 SA","Up to Date","","0","ASAP","","HYQU","24.94","ZIG-ZAG + SA","","Annexe","False","3","","","","","","","","9,375x10,25","50*14","81*162","15","MALT + SA","2026-05-21T11:57:40Z","2026-05-04T07:33:20Z","False","681e1353-a69f-4d4a-a51f-eab0ab4ae40c","HYDRO QUEBEC","soleil.anker@ermco-eci.com","angelique.tiago@pioneertransformers.com"
"8","","106","105","","MSA-HYQU-0004","115","","426870 SA","Up to Date","","0","ASAP","","HYQU","24.94","ZIG-ZAG + SA","","Annexe","False","3","","","","","","","","9,375x10,25","50*14","9RD","15","MALT + SA","2026-05-21T11:57:46Z","2026-05-04T07:33:20Z","False","cdcb2647-efda-4437-907e-75dc08743e6b","HYDRO QUEBEC","soleil.anker@ermco-eci.com","angelique.tiago@pioneertransformers.com"
"9","","106","105","","MSA-HYQU-0003","115","","4261871 SA","Up to Date","","0","ASAP","","HYQU","264","ZIG-ZAG + SA","","Annexe","False","3","","","","","","","","5,625x9,25","2x 45*10","12RD","11","MALT + SA","2026-05-21T11:57:51Z","2026-05-04T07:33:21Z","False","467bc50d-eaf1-40a1-9522-4ee20938dd3f","HYDRO QUEBEC","soleil.anker@ermco-eci.com","angelique.tiago@pioneertransformers.com"
"10","","106","105","","MSA-HYQU-0002","115","","4261859 SA","Up to Date","","0","ASAP","","HYQU","24.94","ZIG-ZAG + SA","A2","Annexe","False","3","","","","","","","0","8,375x9,25","45*10","11,5RD","1125","MALT + SA","2026-05-21T11:57:56Z","2026-05-04T07:33:21Z","False","b5838c87-cde7-4c15-839a-3c4be20942be","HYDRO QUEBEC","soleil.anker@ermco-eci.com","angelique.tiago@pioneertransformers.com"
"11","","106","105","","MSA-HYQU-0001","115","","4251081 SA","Up to Date","","0","ASAP","","HYQU","24.9","ZIG-ZAG + SA","","Annexe","False","3","","","","","","","","5,625x9,25","2x 45*10","12RD","11","MALT + SA","2026-05-21T11:58:04Z","2026-05-04T07:33:21Z","False","6cf4327d-fb8d-45d7-9f39-0edc4b27246b","HYDRO QUEBEC","soleil.anker@ermco-eci.com","angelique.tiago@pioneertransformers.com"
"12","","106","106","","MSA-HYQU-0012","115","","TMP9 SA","Up to Date","","0","ASAP","","HYQU","4.16","ZIG-ZAG + SA","","Annexe","False","3","","","","","","","","5,75x9,25","33*60","102*204","6.75","MALT + SA","2026-05-20T13:00:39Z","2026-05-06T15:36:59Z","False","792f5d69-52d8-4955-93d2-b99181387baa","HYDRO QUEBEC","soleil.anker@ermco-eci.com","soleil.anker@ermco-eci.com"
"13","","106","106","","MSA-HYQU-0013","115","","G21523 SA","Up to Date","","0","ASAP","","HYQU","24.94","ZIG-ZAG + SA","","Annexe","False","3","","","","","","","","8,25x10,25","45*14","9RD","15","MALT + SA","2026-05-20T13:00:39Z","2026-05-06T15:36:59Z","False","0c0f36df-a312-4461-8529-5e099d4e8940","HYDRO QUEBEC","soleil.anker@ermco-eci.com","soleil.anker@ermco-eci.com"
"14","","106","155","","MSA-HYQU-0014","115","","4251081/1166353 SA","Up to Date","","0","ASAP","","HYQU","300","MALT + SA","","","False","3","","","","","","","","","","","","MALT + SA","2026-06-23T11:53:28Z","2026-05-06T15:37:00Z","False","f2ded23e-f036-47b2-9aae-5cfe988a5dde","HYDRO QUEBEC","soleil.anker@ermco-eci.com","patrick.vaillancourt@pioneertransformers.com"
"15","","106","155","","MSA-HYQU-0015","115","","4251082/1166354 SA","Up to Date","","0","ASAP","","HYQU","1000","MALT + SA","","","False","3","","","","","","","","","","","","MALT + SA","2026-06-23T11:53:55Z","2026-05-06T15:37:00Z","False","0afa6a8a-c82e-4f73-ad39-aee40b073ccb","HYDRO QUEBEC","soleil.anker@ermco-eci.com","patrick.vaillancourt@pioneertransformers.com"
