"ID","Order Number","Order Date","Initial Promised Date","Created","Modified","Order Date [M type]","Initial Promised Date [M type]","Created [M type]","Modified [M type]"
"4","21865","2025-11-19T00:00:00","2026-05-28T00:00:00","2026-04-24T11:30:00","2026-09-10T18:15:00","datetime","datetime","datetime","datetime"
"5","21589","2024-11-19T00:00:00","2026-01-31T00:00:00","2026-04-24T11:30:00","2026-09-10T18:15:00","datetime","datetime","datetime","datetime"
"6","WRG3025","2026-03-15T00:00:00","2026-05-01T00:00:00","2026-04-24T11:30:00","2026-09-10T18:15:00","datetime","datetime","datetime","datetime"
"7","21717","2025-05-13T00:00:00","2026-03-31T00:00:00","2026-04-24T11:31:00","2026-09-10T18:15:00","datetime","datetime","datetime","datetime"
"8","WRG3024","2026-02-23T00:00:00","2026-02-27T00:00:00","2026-04-24T11:31:00","2026-08-21T01:25:00","datetime","datetime","datetime","datetime"
"9","21866","2025-11-19T00:00:00","2026-05-28T00:00:00","2026-04-24T11:31:00","2026-09-10T18:15:00","datetime","datetime","datetime","datetime"
"10","21863","2025-11-12T00:00:00","2026-04-15T00:00:00","2026-04-24T11:31:00","2026-09-10T18:15:00","datetime","datetime","datetime","datetime"
"11","21827","2025-10-16T00:00:00","2026-04-30T00:00:00","2026-04-24T11:31:00","2026-09-10T18:15:00","datetime","datetime","datetime","datetime"
"12","WRG3023","2026-02-11T00:00:00","2026-05-15T00:00:00","2026-04-24T11:31:00","2026-09-10T18:15:00","datetime","datetime","datetime","datetime"
"13","21883","2025-11-21T00:00:00","2026-04-30T00:00:00","2026-04-24T11:31:00","2026-09-10T18:15:00","datetime","datetime","datetime","datetime"
"14","21824","2025-10-16T00:00:00","2026-04-30T00:00:00","2026-04-24T11:31:00","2026-09-10T18:15:00","datetime","datetime","datetime","datetime"
"15","21812","2025-09-24T00:00:00","2026-04-30T00:00:00","2026-04-24T11:31:00","2026-09-10T18:15:00","datetime","datetime","datetime","datetime"
"16","21825","2025-10-16T00:00:00","2026-04-30T00:00:00","2026-04-24T11:31:00","2026-09-10T18:15:00","datetime","datetime","datetime","datetime"
"17","WRG3015","2025-11-10T00:00:00","2026-02-10T00:00:00","2026-04-24T11:31:00","2026-08-21T01:26:00","datetime","datetime","datetime","datetime"
"18","21808","2025-09-19T00:00:00","2026-04-30T00:00:00","2026-04-24T11:31:00","2026-09-10T18:15:00","datetime","datetime","datetime","datetime"
"19","E21016","2026-02-02T00:00:00","2026-10-05T00:00:00","2026-04-24T11:31:00","2026-09-11T01:04:00","datetime","datetime","datetime","datetime"
"20","21867","2025-11-19T00:00:00","2026-05-28T00:00:00","2026-04-24T11:31:00","2026-09-10T18:15:00","datetime","datetime","datetime","datetime"
"21","E21015","2026-01-19T00:00:00","2026-07-01T00:00:00","2026-04-24T11:31:00","2026-09-11T01:04:00","datetime","datetime","datetime","datetime"
"22","21818","2025-10-03T00:00:00","2026-04-30T00:00:00","2026-04-24T11:31:00","2026-09-10T18:15:00","datetime","datetime","datetime","datetime"
"23","21718","2025-05-15T00:00:00","2026-05-31T00:00:00","2026-04-24T11:31:00","2026-09-10T18:15:00","datetime","datetime","datetime","datetime"
"24","E21014","2026-01-19T00:00:00","2026-07-01T00:00:00","2026-04-24T11:31:00","2026-09-01T06:44:00","datetime","datetime","datetime","datetime"
"25","E21007","2025-03-19T00:00:00","2026-08-20T00:00:00","2026-04-24T11:31:00","2026-09-11T01:04:00","datetime","datetime","datetime","datetime"
"26","21549","2024-08-21T00:00:00","2026-01-31T00:00:00","2026-04-24T11:31:00","2026-09-10T18:15:00","datetime","datetime","datetime","datetime"
"27","E21011","2025-03-18T00:00:00","2026-08-20T00:00:00","2026-04-24T11:31:00","2026-09-11T01:04:00","datetime","datetime","datetime","datetime"
"28","E21010","2025-04-10T00:00:00","","2026-04-24T11:31:00","2026-09-01T06:44:00","datetime","null","datetime","datetime"
"29","21889","2025-12-10T00:00:00","2026-06-30T00:00:00","2026-04-24T11:31:00","2026-09-10T18:15:00","datetime","datetime","datetime","datetime"
"30","21856","2025-11-05T00:00:00","2026-06-01T00:00:00","2026-04-24T11:31:00","2026-09-10T18:15:00","datetime","datetime","datetime","datetime"
"31","E21009","2025-02-26T00:00:00","","2026-04-24T11:31:00","2026-09-11T01:04:00","datetime","null","datetime","datetime"
"33","21721","2025-05-15T00:00:00","2026-05-31T00:00:00","2026-04-24T11:31:00","2026-09-10T18:15:00","datetime","datetime","datetime","datetime"
"34","E21003","2025-04-14T00:00:00","","2026-04-24T11:31:00","2026-08-21T01:26:00","datetime","null","datetime","datetime"
"35","21804","2025-09-19T00:00:00","2026-05-31T00:00:00","2026-04-24T11:31:00","2026-09-10T18:15:00","datetime","datetime","datetime","datetime"
"36","21806","2025-09-19T00:00:00","2026-05-31T00:00:00","2026-04-24T11:31:00","2026-09-10T18:15:00","datetime","datetime","datetime","datetime"
"37","21805","2025-09-19T00:00:00","2026-05-31T00:00:00","2026-04-24T11:31:00","2026-09-10T18:15:00","datetime","datetime","datetime","datetime"
"38","E21006","2025-03-18T00:00:00","","2026-04-24T11:31:00","2026-09-11T01:12:00","datetime","null","datetime","datetime"
"39","21807","2025-09-19T00:00:00","2026-05-31T00:00:00","2026-04-24T11:31:00","2026-09-10T18:15:00","datetime","datetime","datetime","datetime"
"40","E21005A","2025-03-18T00:00:00","","2026-04-24T11:31:00","2026-08-21T01:26:00","datetime","null","datetime","datetime"
"41","21900","2025-12-15T00:00:00","2026-12-17T00:00:00","2026-04-24T11:31:00","2026-09-11T00:26:00","datetime","datetime","datetime","datetime"
"42","E21004","2025-05-13T00:00:00","","2026-04-24T11:31:00","2026-09-08T04:10:00","datetime","null","datetime","datetime"
"43","21815","2025-10-01T00:00:00","2028-01-25T00:00:00","2026-04-24T11:31:00","2026-09-11T01:12:00","datetime","datetime","datetime","datetime"
"44","21728","2025-05-23T00:00:00","","2026-04-24T11:31:00","2026-09-10T18:15:00","datetime","null","datetime","datetime"
"45","21729","2025-05-23T00:00:00","","2026-04-24T11:31:00","2026-09-10T18:15:00","datetime","null","datetime","datetime"
"46","21999","2026-04-10T00:00:00","2027-04-29T00:00:00","2026-04-24T11:31:00","2026-09-11T00:51:00","datetime","datetime","datetime","datetime"
"47","21871","2025-11-19T00:00:00","2026-05-28T00:00:00","2026-04-24T11:31:00","2026-09-10T18:15:00","datetime","datetime","datetime","datetime"
"48","21996","2026-04-10T00:00:00","2026-10-30T00:00:00","2026-04-24T11:31:00","2026-09-11T00:19:00","datetime","datetime","datetime","datetime"
"49","21936","2026-01-22T00:00:00","2026-07-03T00:00:00","2026-04-24T11:31:00","2026-09-10T18:15:00","datetime","datetime","datetime","datetime"
"50","22016","2026-04-14T00:00:00","2027-11-30T00:00:00","2026-04-24T11:31:00","2026-09-11T01:03:00","datetime","datetime","datetime","datetime"
"51","21920","2026-01-15T00:00:00","2026-07-30T00:00:00","2026-04-24T11:31:00","2026-09-10T18:15:00","datetime","datetime","datetime","datetime"
"52","21977","2026-03-15T00:00:00","2027-03-25T00:00:00","2026-04-24T11:31:00","2026-09-11T00:50:00","datetime","datetime","datetime","datetime"
"53","21976","2026-03-15T00:00:00","2027-03-25T00:00:00","2026-04-24T11:31:00","2026-09-11T00:44:00","datetime","datetime","datetime","datetime"
"54","21945","2026-02-11T00:00:00","2026-08-27T00:00:00","2026-04-24T11:31:00","2026-09-10T18:15:00","datetime","datetime","datetime","datetime"
"55","22015","2026-04-14T00:00:00","2027-10-31T00:00:00","2026-04-24T11:31:00","2026-09-11T01:03:00","datetime","datetime","datetime","datetime"
"56","21786","2025-08-25T00:00:00","2026-08-31T00:00:00","2026-04-24T11:31:00","2026-09-10T18:15:00","datetime","datetime","datetime","datetime"
"57","21787","2025-08-25T00:00:00","2026-08-31T00:00:00","2026-04-24T11:31:00","2026-09-10T18:15:00","datetime","datetime","datetime","datetime"
"58","22014","2026-04-14T00:00:00","2027-09-30T00:00:00","2026-04-24T11:31:00","2026-09-11T01:11:00","datetime","datetime","datetime","datetime"
"59","21971","2026-03-15T00:00:00","2026-09-25T00:00:00","2026-04-24T11:31:00","2026-09-11T00:13:00","datetime","datetime","datetime","datetime"
"60","21966","2026-03-15T00:00:00","2026-09-25T00:00:00","2026-04-24T11:31:00","2026-09-10T18:15:00","datetime","datetime","datetime","datetime"
"61","21959","2026-03-10T00:00:00","2027-03-05T00:00:00","2026-04-24T11:31:00","2026-09-11T00:43:00","datetime","datetime","datetime","datetime"
"62","21726","2025-05-22T00:00:00","2026-05-31T00:00:00","2026-04-24T11:31:00","2026-09-10T18:15:00","datetime","datetime","datetime","datetime"
"63","21814","2025-10-01T00:00:00","2027-01-21T00:00:00","2026-04-24T11:31:00","2026-09-11T00:53:00","datetime","datetime","datetime","datetime"
"64","22013","2026-04-14T00:00:00","2027-08-31T00:00:00","2026-04-24T11:31:00","2026-09-11T01:01:00","datetime","datetime","datetime","datetime"
"65","21661","2025-04-07T00:00:00","2027-12-31T00:00:00","2026-04-24T11:31:00","2026-09-11T01:08:00","datetime","datetime","datetime","datetime"
"66","21925","2026-01-14T00:00:00","2027-01-28T00:00:00","2026-04-24T11:31:00","2026-09-11T00:57:00","datetime","datetime","datetime","datetime"
"67","21820","2025-10-03T00:00:00","2026-05-31T00:00:00","2026-04-24T11:31:00","2026-09-10T18:15:00","datetime","datetime","datetime","datetime"
"68","21837","2025-10-03T00:00:00","2026-06-30T00:00:00","2026-04-24T11:31:00","2026-09-10T18:15:00","datetime","datetime","datetime","datetime"
"69","22012","2026-04-14T00:00:00","2027-07-31T00:00:00","2026-04-24T11:31:00","2026-09-11T01:00:00","datetime","datetime","datetime","datetime"
"70","21850","2025-10-29T00:00:00","2026-08-29T00:00:00","2026-04-24T11:31:00","2026-09-10T18:15:00","datetime","datetime","datetime","datetime"
"71","21904","2025-12-15T00:00:00","2026-12-17T00:00:00","2026-04-24T11:31:00","2026-09-11T00:34:00","datetime","datetime","datetime","datetime"
"72","22011","2026-04-14T00:00:00","2027-07-01T00:00:00","2026-04-24T11:31:00","2026-09-11T00:59:00","datetime","datetime","datetime","datetime"
"73","21794","2025-09-11T00:00:00","2026-09-24T00:00:00","2026-04-24T11:31:00","2026-09-10T18:15:00","datetime","datetime","datetime","datetime"
"74","21793","2025-09-11T00:00:00","2026-09-24T00:00:00","2026-04-24T11:31:00","2026-09-11T00:17:00","datetime","datetime","datetime","datetime"
"75","21832","2025-10-16T00:00:00","2026-10-30T00:00:00","2026-04-24T11:31:00","2026-09-11T00:19:00","datetime","datetime","datetime","datetime"
"76","21876","2025-11-19T00:00:00","2026-11-26T00:00:00","2026-04-24T11:31:00","2026-09-11T00:22:00","datetime","datetime","datetime","datetime"
"77","22010","2026-04-14T00:00:00","2027-05-31T00:00:00","2026-04-24T11:31:00","2026-09-11T00:55:00","datetime","datetime","datetime","datetime"
"78","21874","2025-11-19T00:00:00","2026-11-26T00:00:00","2026-04-24T11:31:00","2026-09-11T00:20:00","datetime","datetime","datetime","datetime"
"79","21823","2025-10-16T00:00:00","2026-04-30T00:00:00","2026-04-24T11:31:00","2026-09-10T18:15:00","datetime","datetime","datetime","datetime"
"80","22009","2026-04-14T00:00:00","2027-04-30T00:00:00","2026-04-24T11:31:00","2026-09-11T00:52:00","datetime","datetime","datetime","datetime"
"81","22008","2026-04-14T00:00:00","2027-03-31T00:00:00","2026-04-24T11:31:00","2026-09-11T00:51:00","datetime","datetime","datetime","datetime"
"82","22007","2026-04-14T00:00:00","2027-02-28T00:00:00","2026-04-24T11:31:00","2026-09-11T00:39:00","datetime","datetime","datetime","datetime"
"83","22006","2026-04-14T00:00:00","2027-01-31T00:00:00","2026-04-24T11:31:00","2026-09-11T00:54:00","datetime","datetime","datetime","datetime"
"84","21870","2025-11-19T00:00:00","2026-05-28T00:00:00","2026-04-24T11:32:00","2026-09-10T18:15:00","datetime","datetime","datetime","datetime"
"86","22005","","2027-01-14T00:00:00","2026-04-24T11:37:00","2026-09-11T00:33:00","null","datetime","datetime","datetime"
"87","21895","2025-12-15T00:00:00","2026-06-25T00:00:00","2026-04-24T11:37:00","2026-09-10T18:15:00","datetime","datetime","datetime","datetime"
"88","22004","2026-04-13T00:00:00","2027-04-07T00:00:00","2026-04-24T11:37:00","2026-09-11T00:52:00","datetime","datetime","datetime","datetime"
"89","21943","2026-02-11T00:00:00","2026-08-27T00:00:00","2026-04-24T11:37:00","2026-09-11T00:15:00","datetime","datetime","datetime","datetime"
"90","21838","2025-10-03T00:00:00","2026-08-31T00:00:00","2026-04-24T11:37:00","2026-09-10T18:15:00","datetime","datetime","datetime","datetime"
"91","22003","2026-04-10T00:00:00","2027-04-29T00:00:00","2026-04-24T11:37:00","2026-09-11T00:53:00","datetime","datetime","datetime","datetime"
"92","21858","2025-11-05T00:00:00","2026-06-01T00:00:00","2026-04-24T11:37:00","2026-09-10T18:15:00","datetime","datetime","datetime","datetime"
"93","21830","2025-10-16T00:00:00","2026-10-30T00:00:00","2026-04-24T11:37:00","2026-09-11T00:17:00","datetime","datetime","datetime","datetime"
"94","21873","2025-11-19T00:00:00","2026-11-26T00:00:00","2026-04-24T11:37:00","2026-09-11T00:20:00","datetime","datetime","datetime","datetime"
"95","21869","2025-11-19T00:00:00","2026-05-28T00:00:00","2026-04-24T11:37:00","2026-09-10T18:15:00","datetime","datetime","datetime","datetime"
"96","21974","2026-03-15T00:00:00","2027-03-25T00:00:00","2026-04-24T11:37:00","2026-09-11T00:42:00","datetime","datetime","datetime","datetime"
"97","21499","2024-06-12T00:00:00","2027-06-03T00:00:00","2026-04-24T11:37:00","2026-09-11T01:10:00","datetime","datetime","datetime","datetime"
"98","21981","2026-03-15T00:00:00","2027-12-16T00:00:00","2026-04-24T11:37:00","2026-09-11T01:07:00","datetime","datetime","datetime","datetime"
"99","21987","2026-03-17T00:00:00","2027-11-30T00:00:00","2026-04-24T11:37:00","2026-09-11T01:07:00","datetime","datetime","datetime","datetime"
"100","21857","2025-11-05T00:00:00","2026-06-01T00:00:00","2026-04-24T11:37:00","2026-09-10T18:15:00","datetime","datetime","datetime","datetime"
"101","22002","2026-04-10T00:00:00","2027-04-29T00:00:00","2026-04-24T11:37:00","2026-09-11T00:52:00","datetime","datetime","datetime","datetime"
"102","21408","2024-04-16T00:00:00","2026-01-30T00:00:00","2026-04-24T11:37:00","2026-09-10T18:15:00","datetime","datetime","datetime","datetime"
"103","21778","2025-08-21T00:00:00","2026-05-31T00:00:00","2026-04-24T11:37:00","2026-08-21T01:28:00","datetime","datetime","datetime","datetime"
"104","21819","2025-10-03T00:00:00","2026-05-31T00:00:00","2026-04-24T11:37:00","2026-09-10T18:15:00","datetime","datetime","datetime","datetime"
"105","21719","2025-05-15T00:00:00","2026-05-31T00:00:00","2026-04-24T11:37:00","2026-09-10T18:15:00","datetime","datetime","datetime","datetime"
"106","22001","2026-04-10T00:00:00","2027-04-29T00:00:00","2026-04-24T11:37:00","2026-09-11T00:53:00","datetime","datetime","datetime","datetime"
"107","21894","2025-12-15T00:00:00","2026-06-25T00:00:00","2026-04-24T11:37:00","2026-09-10T18:15:00","datetime","datetime","datetime","datetime"
"108","21998","2026-04-10T00:00:00","2026-10-30T00:00:00","2026-04-24T11:37:00","2026-09-11T00:19:00","datetime","datetime","datetime","datetime"
"109","21720","2025-05-15T00:00:00","2026-05-31T00:00:00","2026-04-24T11:37:00","2026-09-10T18:15:00","datetime","datetime","datetime","datetime"
"110","21810","2025-09-23T00:00:00","2026-06-30T00:00:00","2026-04-24T11:37:00","2026-09-10T18:15:00","datetime","datetime","datetime","datetime"
"111","21657","2025-03-19T00:00:00","2025-10-31T00:00:00","2026-04-24T11:37:00","2026-09-11T00:15:00","datetime","datetime","datetime","datetime"
"112","21878","2025-11-19T00:00:00","2026-05-28T00:00:00","2026-04-24T11:37:00","2026-09-10T18:15:00","datetime","datetime","datetime","datetime"
"113","21611","2025-01-09T00:00:00","2026-06-30T00:00:00","2026-04-24T11:37:00","2026-09-11T04:36:00","datetime","datetime","datetime","datetime"
"114","22000","2026-04-10T00:00:00","2027-04-29T00:00:00","2026-04-24T11:37:00","2026-09-11T00:52:00","datetime","datetime","datetime","datetime"
"115","21885","2025-11-26T00:00:00","2026-04-10T00:00:00","2026-04-24T11:38:00","2026-09-10T18:15:00","datetime","datetime","datetime","datetime"
"116","21912","2026-01-08T00:00:00","2027-01-15T00:00:00","2026-04-24T11:38:00","2026-09-11T00:14:00","datetime","datetime","datetime","datetime"
"117","21914","2026-01-14T00:00:00","2026-06-26T00:00:00","2026-04-24T11:38:00","2026-08-21T01:28:00","datetime","datetime","datetime","datetime"
"118","21888","2025-11-28T00:00:00","2026-05-01T00:00:00","2026-04-24T11:38:00","2026-09-10T18:15:00","datetime","datetime","datetime","datetime"
"119","21893","2025-12-15T00:00:00","2026-06-25T00:00:00","2026-04-24T11:38:00","2026-09-10T18:15:00","datetime","datetime","datetime","datetime"
"120","21735","2025-06-06T00:00:00","2026-05-31T00:00:00","2026-04-24T11:38:00","2026-09-10T18:15:00","datetime","datetime","datetime","datetime"
"121","21756","2025-07-04T00:00:00","2026-05-31T00:00:00","2026-04-24T11:38:00","2026-09-10T18:15:00","datetime","datetime","datetime","datetime"
"122","21809","2025-09-23T00:00:00","2026-06-30T00:00:00","2026-04-24T11:38:00","2026-09-10T18:15:00","datetime","datetime","datetime","datetime"
"123","21997","2026-04-10T00:00:00","2026-10-30T00:00:00","2026-04-24T11:38:00","2026-09-11T00:18:00","datetime","datetime","datetime","datetime"
"124","21899","2025-12-15T00:00:00","2026-06-25T00:00:00","2026-04-24T11:38:00","2026-09-10T18:15:00","datetime","datetime","datetime","datetime"
"125","21992","2026-04-10T00:00:00","2026-09-30T00:00:00","2026-04-24T11:38:00","2026-09-11T00:24:00","datetime","datetime","datetime","datetime"
"126","21722","2025-05-22T00:00:00","2026-05-30T00:00:00","2026-04-24T11:38:00","2026-09-10T18:15:00","datetime","datetime","datetime","datetime"
"127","21872","2025-11-19T00:00:00","2026-05-28T00:00:00","2026-04-24T11:38:00","2026-09-10T18:15:00","datetime","datetime","datetime","datetime"
"128","21406","2024-04-11T00:00:00","2026-04-13T00:00:00","2026-04-24T11:38:00","2026-09-10T18:15:00","datetime","datetime","datetime","datetime"
"129","21913","2026-01-08T00:00:00","2027-01-15T00:00:00","2026-04-24T11:38:00","2026-09-11T00:36:00","datetime","datetime","datetime","datetime"
"130","21991","2026-04-10T00:00:00","2026-09-30T00:00:00","2026-04-24T11:38:00","2026-09-11T00:19:00","datetime","datetime","datetime","datetime"
"131","21882","2025-11-17T00:00:00","2026-07-31T00:00:00","2026-04-24T11:38:00","2026-09-10T18:15:00","datetime","datetime","datetime","datetime"
"132","21931","2026-01-12T00:00:00","2026-06-30T00:00:00","2026-04-24T11:38:00","2026-09-10T18:15:00","datetime","datetime","datetime","datetime"
"133","21748","2025-06-12T00:00:00","2026-06-30T00:00:00","2026-04-24T11:38:00","2026-09-10T18:15:00","datetime","datetime","datetime","datetime"
"134","21989","2026-03-31T00:00:00","2026-10-30T00:00:00","2026-04-24T11:38:00","2026-09-11T00:32:00","datetime","datetime","datetime","datetime"
"135","21995","2026-04-10T00:00:00","2026-10-30T00:00:00","2026-04-24T11:38:00","2026-09-11T00:17:00","datetime","datetime","datetime","datetime"
"136","21986","2026-03-17T00:00:00","2027-09-30T00:00:00","2026-04-24T11:38:00","2026-09-11T01:11:00","datetime","datetime","datetime","datetime"
"137","21994","2026-04-10T00:00:00","2026-10-30T00:00:00","2026-04-24T11:38:00","2026-09-11T00:17:00","datetime","datetime","datetime","datetime"
"138","21727","2025-05-22T00:00:00","2026-06-30T00:00:00","2026-04-24T11:38:00","2026-09-10T18:15:00","datetime","datetime","datetime","datetime"
"139","21789","2025-08-25T00:00:00","2026-08-31T00:00:00","2026-04-24T11:38:00","2026-09-10T18:15:00","datetime","datetime","datetime","datetime"
"140","21985","2026-03-17T00:00:00","2027-10-28T00:00:00","2026-04-24T11:38:00","2026-09-11T01:07:00","datetime","datetime","datetime","datetime"
"141","21788","2025-08-25T00:00:00","2026-08-31T00:00:00","2026-04-24T11:38:00","2026-09-10T18:15:00","datetime","datetime","datetime","datetime"
"142","21993","2026-04-10T00:00:00","2026-10-30T00:00:00","2026-04-24T11:38:00","2026-09-11T00:16:00","datetime","datetime","datetime","datetime"
"143","21984","2026-03-17T00:00:00","2027-07-29T00:00:00","2026-04-24T11:38:00","2026-09-11T01:06:00","datetime","datetime","datetime","datetime"
"144","21745","2025-06-12T00:00:00","2026-06-30T00:00:00","2026-04-24T11:38:00","2026-09-10T18:15:00","datetime","datetime","datetime","datetime"
"145","21983","2026-03-17T00:00:00","2026-12-22T00:00:00","2026-04-24T11:38:00","2026-09-11T00:33:00","datetime","datetime","datetime","datetime"
"146","21747","2025-06-12T00:00:00","2026-06-30T00:00:00","2026-04-24T11:38:00","2026-09-10T18:15:00","datetime","datetime","datetime","datetime"
"147","21982","2026-03-17T00:00:00","2027-08-31T00:00:00","2026-04-24T11:38:00","2026-09-11T01:06:00","datetime","datetime","datetime","datetime"
"148","21881","2025-11-17T00:00:00","2026-08-28T00:00:00","2026-04-24T11:38:00","2026-09-10T18:15:00","datetime","datetime","datetime","datetime"
"149","21941","2026-02-11T00:00:00","2026-08-27T00:00:00","2026-04-24T11:38:00","2026-09-10T18:15:00","datetime","datetime","datetime","datetime"
"150","21980","2026-03-12T00:00:00","2026-08-30T00:00:00","2026-04-24T11:38:00","2026-09-11T00:28:00","datetime","datetime","datetime","datetime"
"151","21868","2025-11-19T00:00:00","2026-05-28T00:00:00","2026-04-24T11:38:00","2026-09-10T18:15:00","datetime","datetime","datetime","datetime"
"152","21979","2026-03-12T00:00:00","2026-08-30T00:00:00","2026-04-24T11:38:00","2026-09-11T00:20:00","datetime","datetime","datetime","datetime"
"153","21909","2026-01-08T00:00:00","2027-01-15T00:00:00","2026-04-24T11:38:00","2026-09-11T00:39:00","datetime","datetime","datetime","datetime"
"154","21953","2026-02-18T00:00:00","2026-07-24T00:00:00","2026-04-24T11:38:00","2026-09-10T18:15:00","datetime","datetime","datetime","datetime"
"155","21910","2026-01-08T00:00:00","2027-01-15T00:00:00","2026-04-24T11:38:00","2026-09-11T00:15:00","datetime","datetime","datetime","datetime"
"156","21990","2026-04-10T00:00:00","2026-12-18T00:00:00","2026-04-24T11:38:00","2026-09-11T00:41:00","datetime","datetime","datetime","datetime"
"157","21952","2026-02-11T00:00:00","2026-08-27T00:00:00","2026-04-24T11:38:00","2026-09-10T18:15:00","datetime","datetime","datetime","datetime"
"158","21988","2026-03-26T00:00:00","2026-10-30T00:00:00","2026-04-24T11:38:00","2026-09-11T00:31:00","datetime","datetime","datetime","datetime"
"159","21773","2025-08-15T00:00:00","2026-07-31T00:00:00","2026-04-24T11:38:00","2026-09-10T18:15:00","datetime","datetime","datetime","datetime"
"160","21973","2026-03-15T00:00:00","2027-03-25T00:00:00","2026-04-24T11:38:00","2026-09-11T00:42:00","datetime","datetime","datetime","datetime"
"161","21839","2025-10-03T00:00:00","2026-08-31T00:00:00","2026-04-24T11:38:00","2026-09-10T18:15:00","datetime","datetime","datetime","datetime"
"162","21972","2026-03-15T00:00:00","2026-09-25T00:00:00","2026-04-24T11:38:00","2026-09-11T00:13:00","datetime","datetime","datetime","datetime"
"163","21844","2025-10-29T00:00:00","2026-06-30T00:00:00","2026-04-24T11:38:00","2026-09-01T07:15:00","datetime","datetime","datetime","datetime"
"164","21776","2025-08-21T00:00:00","2026-03-31T00:00:00","2026-04-24T11:38:00","2026-09-01T07:19:00","datetime","datetime","datetime","datetime"
"165","21835","2025-10-21T00:00:00","2026-09-15T00:00:00","2026-04-24T11:38:00","2026-09-11T00:18:00","datetime","datetime","datetime","datetime"
"166","21892","2025-12-15T00:00:00","2026-06-25T00:00:00","2026-04-24T11:40:00","2026-09-10T18:15:00","datetime","datetime","datetime","datetime"
"167","21777","2025-08-21T00:00:00","2026-03-31T00:00:00","2026-04-24T11:40:00","2026-09-11T00:17:00","datetime","datetime","datetime","datetime"
"168","21970","2026-03-15T00:00:00","2026-09-25T00:00:00","2026-04-24T11:40:00","2026-09-11T00:17:00","datetime","datetime","datetime","datetime"
"169","21790","2025-09-10T00:00:00","2026-08-31T00:00:00","2026-04-24T11:40:00","2026-09-10T18:15:00","datetime","datetime","datetime","datetime"
"170","21886","2025-11-25T00:00:00","2026-09-30T00:00:00","2026-04-24T11:40:00","2026-09-11T00:27:00","datetime","datetime","datetime","datetime"
"171","21978","2026-03-15T00:00:00","2027-03-25T00:00:00","2026-04-24T11:40:00","2026-09-11T00:50:00","datetime","datetime","datetime","datetime"
"172","21831","2025-10-16T00:00:00","2026-10-30T00:00:00","2026-04-24T11:40:00","2026-09-11T00:19:00","datetime","datetime","datetime","datetime"
"173","21896","2025-12-15T00:00:00","2026-06-25T00:00:00","2026-04-24T11:40:00","2026-09-10T18:15:00","datetime","datetime","datetime","datetime"
"174","21887","2025-11-25T00:00:00","2026-09-30T00:00:00","2026-04-24T11:40:00","2026-09-11T00:35:00","datetime","datetime","datetime","datetime"
"175","21956","2026-02-20T00:00:00","2026-09-30T00:00:00","2026-04-24T11:40:00","2026-09-11T00:39:00","datetime","datetime","datetime","datetime"
"176","21908","2026-01-08T00:00:00","2027-01-15T00:00:00","2026-04-24T11:40:00","2026-09-11T00:40:00","datetime","datetime","datetime","datetime"
"177","21963","2026-03-12T00:00:00","2026-10-07T00:00:00","2026-04-24T11:40:00","2026-09-11T00:37:00","datetime","datetime","datetime","datetime"
"178","21880","2025-11-17T00:00:00","2026-09-30T00:00:00","2026-04-24T11:40:00","2026-09-11T01:11:00","datetime","datetime","datetime","datetime"
"179","21962","2026-03-10T00:00:00","2026-12-15T00:00:00","2026-04-24T11:40:00","2026-09-11T00:43:00","datetime","datetime","datetime","datetime"
"180","21955","2026-02-20T00:00:00","2026-09-30T00:00:00","2026-04-24T11:40:00","2026-09-11T00:21:00","datetime","datetime","datetime","datetime"
"181","21879","2025-11-17T00:00:00","2026-10-30T00:00:00","2026-04-24T11:40:00","2026-09-11T00:19:00","datetime","datetime","datetime","datetime"
"182","21958","2026-03-04T00:00:00","2026-12-09T00:00:00","2026-04-24T11:40:00","2026-09-11T00:43:00","datetime","datetime","datetime","datetime"
"183","21897","2025-12-15T00:00:00","2026-06-25T00:00:00","2026-04-24T11:40:00","2026-09-10T18:15:00","datetime","datetime","datetime","datetime"
"184","21746","2025-06-12T00:00:00","2026-06-30T00:00:00","2026-04-24T11:40:00","2026-09-10T18:15:00","datetime","datetime","datetime","datetime"
"185","21975","2026-03-15T00:00:00","2027-03-25T00:00:00","2026-04-24T11:40:00","2026-09-11T00:43:00","datetime","datetime","datetime","datetime"
"186","21772","2025-08-15T00:00:00","2026-06-30T00:00:00","2026-04-24T11:40:00","2026-09-10T18:15:00","datetime","datetime","datetime","datetime"
"187","21918","2026-01-12T00:00:00","2026-11-30T00:00:00","2026-04-24T11:40:00","2026-09-11T00:35:00","datetime","datetime","datetime","datetime"
"188","21906","2025-12-12T00:00:00","2026-12-11T00:00:00","2026-04-24T11:40:00","2026-09-11T00:24:00","datetime","datetime","datetime","datetime"
"189","21523","2024-07-18T00:00:00","2027-01-10T00:00:00","2026-04-24T11:40:00","2026-09-11T00:56:00","datetime","datetime","datetime","datetime"
"190","21937","2026-01-22T00:00:00","2026-12-04T00:00:00","2026-04-24T11:40:00","2026-09-11T00:26:00","datetime","datetime","datetime","datetime"
"191","21934","2026-01-22T00:00:00","2026-12-31T00:00:00","2026-04-24T11:40:00","2026-09-11T00:44:00","datetime","datetime","datetime","datetime"
"192","21935","2026-01-22T00:00:00","2026-12-31T00:00:00","2026-04-24T11:40:00","2026-09-11T00:55:00","datetime","datetime","datetime","datetime"
"193","21939","2026-02-09T00:00:00","2026-12-23T00:00:00","2026-04-24T11:40:00","2026-09-11T00:31:00","datetime","datetime","datetime","datetime"
"194","21660","2025-03-19T00:00:00","2028-04-30T00:00:00","2026-04-24T11:40:00","2026-09-11T01:11:00","datetime","datetime","datetime","datetime"
"195","21924","2026-01-14T00:00:00","2027-01-28T00:00:00","2026-04-24T11:40:00","2026-09-11T00:56:00","datetime","datetime","datetime","datetime"
"196","21654","2025-03-19T00:00:00","2026-04-30T00:00:00","2026-04-24T11:40:00","2026-09-10T18:15:00","datetime","datetime","datetime","datetime"
"197","21852","2025-10-29T00:00:00","2026-07-29T00:00:00","2026-04-24T11:40:00","2026-09-10T18:15:00","datetime","datetime","datetime","datetime"
"198","21946","2026-02-11T00:00:00","2027-02-25T00:00:00","2026-04-24T11:40:00","2026-09-11T00:37:00","datetime","datetime","datetime","datetime"
"199","21759","2025-07-11T00:00:00","2026-07-31T00:00:00","2026-04-24T11:40:00","2026-09-10T18:15:00","datetime","datetime","datetime","datetime"
"200","21662","2025-04-07T00:00:00","2027-02-28T00:00:00","2026-04-24T11:40:00","2026-09-11T00:58:00","datetime","datetime","datetime","datetime"
"201","21663","2025-04-07T00:00:00","2027-05-31T00:00:00","2026-04-24T11:40:00","2026-09-11T01:06:00","datetime","datetime","datetime","datetime"
"202","21665","2025-04-09T00:00:00","2027-08-31T00:00:00","2026-04-24T11:41:00","2026-09-11T01:11:00","datetime","datetime","datetime","datetime"
"203","21898","2025-12-15T00:00:00","2026-06-25T00:00:00","2026-04-24T11:41:00","2026-09-10T18:15:00","datetime","datetime","datetime","datetime"
"204","21749","2025-06-13T00:00:00","2027-12-31T00:00:00","2026-04-24T11:41:00","2026-09-11T01:11:00","datetime","datetime","datetime","datetime"
"205","21664","2025-04-07T00:00:00","2028-04-30T00:00:00","2026-04-24T11:41:00","2026-09-11T01:08:00","datetime","datetime","datetime","datetime"
"206","21932","2026-01-22T00:00:00","2030-01-25T00:00:00","2026-04-24T11:41:00","2026-09-11T01:12:00","datetime","datetime","datetime","datetime"
"207","21969","2026-03-15T00:00:00","2026-09-25T00:00:00","2026-04-24T11:41:00","2026-09-11T00:17:00","datetime","datetime","datetime","datetime"
"208","21050W1","2025-10-29T00:00:00","2099-01-01T00:00:00","2026-04-24T11:41:00","2026-09-10T18:15:00","datetime","datetime","datetime","datetime"
"209","21040W2","2026-01-08T00:00:00","2099-01-01T00:00:00","2026-04-24T11:41:00","2026-09-11T00:15:00","datetime","datetime","datetime","datetime"
"210","20164W2","2026-02-24T00:00:00","2026-06-30T00:00:00","2026-04-24T11:41:00","2026-09-11T00:15:00","datetime","datetime","datetime","datetime"
"211","19515","2026-01-18T00:00:00","2027-02-28T00:00:00","2026-04-24T11:41:00","2026-09-11T01:12:00","datetime","datetime","datetime","datetime"
"212","21968","2026-03-15T00:00:00","2026-09-25T00:00:00","2026-04-24T11:41:00","2026-09-10T18:15:00","datetime","datetime","datetime","datetime"
"213","20883W1","2026-03-19T00:00:00","2026-08-19T00:00:00","2026-04-24T11:41:00","2026-09-10T18:15:00","datetime","datetime","datetime","datetime"
"214","21967","2026-03-15T00:00:00","2026-09-25T00:00:00","2026-04-24T11:41:00","2026-09-11T00:16:00","datetime","datetime","datetime","datetime"
"215","21761","2025-07-11T00:00:00","2026-07-31T00:00:00","2026-04-24T11:41:00","2026-09-10T18:15:00","datetime","datetime","datetime","datetime"
"216","21922","2026-01-14T00:00:00","2026-07-30T00:00:00","2026-04-24T11:41:00","2026-09-10T18:15:00","datetime","datetime","datetime","datetime"
"217","21803","2025-09-11T00:00:00","2026-09-24T00:00:00","2026-04-24T11:41:00","2026-09-11T00:18:00","datetime","datetime","datetime","datetime"
"218","21840","2025-10-03T00:00:00","2026-08-31T00:00:00","2026-04-24T11:41:00","2026-09-11T00:16:00","datetime","datetime","datetime","datetime"
"219","21841","2025-10-03T00:00:00","2026-09-30T00:00:00","2026-04-24T11:41:00","2026-09-11T00:25:00","datetime","datetime","datetime","datetime"
"220","21965","2026-03-15T00:00:00","2026-09-25T00:00:00","2026-04-24T11:41:00","2026-09-10T18:15:00","datetime","datetime","datetime","datetime"
"221","21842","2025-10-03T00:00:00","2026-09-30T00:00:00","2026-04-24T11:41:00","2026-09-11T00:34:00","datetime","datetime","datetime","datetime"
"222","21964","2026-03-12T00:00:00","2026-10-07T00:00:00","2026-04-24T11:41:00","2026-09-11T00:37:00","datetime","datetime","datetime","datetime"
"223","21875","2025-11-19T00:00:00","2026-11-26T00:00:00","2026-04-24T11:41:00","2026-09-11T00:21:00","datetime","datetime","datetime","datetime"
"224","21853","2025-10-29T00:00:00","2026-12-29T00:00:00","2026-04-24T11:41:00","2026-09-11T00:25:00","datetime","datetime","datetime","datetime"
"225","21919","2026-01-15T00:00:00","2026-07-30T00:00:00","2026-04-24T11:41:00","2026-09-10T18:15:00","datetime","datetime","datetime","datetime"
"226","21714","2025-05-13T00:00:00","2026-01-31T00:00:00","2026-04-24T11:41:00","2026-09-11T01:13:00","datetime","datetime","datetime","datetime"
"227","21961","2026-03-10T00:00:00","2027-03-05T00:00:00","2026-04-24T11:41:00","2026-09-11T00:50:00","datetime","datetime","datetime","datetime"
"228","21960","2026-03-10T00:00:00","2027-03-05T00:00:00","2026-04-24T11:41:00","2026-09-11T00:50:00","datetime","datetime","datetime","datetime"
"229","21762","2025-07-11T00:00:00","2026-07-30T00:00:00","2026-04-24T11:41:00","2026-09-10T18:15:00","datetime","datetime","datetime","datetime"
"230","21957","2026-02-26T00:00:00","2026-09-08T00:00:00","2026-04-24T11:41:00","2026-09-11T00:28:00","datetime","datetime","datetime","datetime"
"231","21921","2026-01-15T00:00:00","2026-07-30T00:00:00","2026-04-24T11:41:00","2026-09-10T18:15:00","datetime","datetime","datetime","datetime"
"232","21954","2026-02-18T00:00:00","2026-09-21T00:00:00","2026-04-24T11:41:00","2026-09-11T00:15:00","datetime","datetime","datetime","datetime"
"233","21911","2026-01-08T00:00:00","2027-01-15T00:00:00","2026-04-24T11:41:00","2026-09-11T00:36:00","datetime","datetime","datetime","datetime"
"234","21760","2025-07-11T00:00:00","2026-07-30T00:00:00","2026-04-24T11:41:00","2026-09-10T18:15:00","datetime","datetime","datetime","datetime"
"235","21951","2026-02-11T00:00:00","2027-02-25T00:00:00","2026-04-24T11:41:00","2026-09-11T00:40:00","datetime","datetime","datetime","datetime"
"236","21940","2026-02-11T00:00:00","2026-08-27T00:00:00","2026-04-24T11:41:00","2026-09-10T18:15:00","datetime","datetime","datetime","datetime"
"237","21942","2026-02-11T00:00:00","2026-08-27T00:00:00","2026-04-24T11:41:00","2026-09-10T18:15:00","datetime","datetime","datetime","datetime"
"238","21950","2026-02-11T00:00:00","2027-02-25T00:00:00","2026-04-24T11:41:00","2026-09-11T00:38:00","datetime","datetime","datetime","datetime"
"239","21949","2026-02-11T00:00:00","2027-02-25T00:00:00","2026-04-24T11:41:00","2026-09-11T00:40:00","datetime","datetime","datetime","datetime"
"240","21948","2026-02-11T00:00:00","2027-02-25T00:00:00","2026-04-24T11:41:00","2026-09-11T00:39:00","datetime","datetime","datetime","datetime"
"241","21923","2026-01-14T00:00:00","2026-07-30T00:00:00","2026-04-24T11:41:00","2026-09-10T18:15:00","datetime","datetime","datetime","datetime"
"242","21944","2026-02-11T00:00:00","2026-08-27T00:00:00","2026-04-24T11:41:00","2026-09-10T18:15:00","datetime","datetime","datetime","datetime"
"243","21947","2026-02-11T00:00:00","2027-02-25T00:00:00","2026-04-24T11:41:00","2026-09-11T00:37:00","datetime","datetime","datetime","datetime"
"244","21905","2025-12-12T00:00:00","2026-08-03T00:00:00","2026-04-24T11:41:00","2026-09-10T18:15:00","datetime","datetime","datetime","datetime"
"245","21938","2026-01-29T00:00:00","2027-01-27T00:00:00","2026-04-24T11:41:00","2026-09-11T00:35:00","datetime","datetime","datetime","datetime"
"246","21929","2026-01-14T00:00:00","2027-01-14T00:00:00","2026-04-24T11:41:00","2026-09-11T00:33:00","datetime","datetime","datetime","datetime"
"247","21928","2026-01-14T00:00:00","2027-01-28T00:00:00","2026-04-24T11:41:00","2026-09-11T00:38:00","datetime","datetime","datetime","datetime"
"248","21927","2026-01-14T00:00:00","2027-01-28T00:00:00","2026-04-24T11:41:00","2026-09-11T00:57:00","datetime","datetime","datetime","datetime"
"249","21926","2026-01-14T00:00:00","2027-01-28T00:00:00","2026-04-24T11:41:00","2026-09-11T00:38:00","datetime","datetime","datetime","datetime"
"250","21915","2026-01-13T00:00:00","2026-12-26T00:00:00","2026-04-24T11:41:00","2026-09-11T00:38:00","datetime","datetime","datetime","datetime"
"251","21916","2026-01-13T00:00:00","2026-12-26T00:00:00","2026-04-24T11:41:00","2026-09-11T00:30:00","datetime","datetime","datetime","datetime"
"252","21813","2025-10-01T00:00:00","2026-08-30T00:00:00","2026-04-24T11:41:00","2026-09-10T18:15:00","datetime","datetime","datetime","datetime"
"253","21407","2024-04-12T00:00:00","2027-04-01T00:00:00","2026-04-24T11:41:00","2026-09-11T01:06:00","datetime","datetime","datetime","datetime"
"254","21917","2026-01-13T00:00:00","2027-01-06T00:00:00","2026-04-24T11:41:00","2026-09-11T00:31:00","datetime","datetime","datetime","datetime"
"255","21845","2025-10-29T00:00:00","2026-09-30T00:00:00","2026-04-24T11:41:00","2026-09-10T18:15:00","datetime","datetime","datetime","datetime"
"256","21907","2025-12-12T00:00:00","2026-12-11T00:00:00","2026-04-24T11:41:00","2026-09-11T00:27:00","datetime","datetime","datetime","datetime"
"257","21846","2025-10-29T00:00:00","2026-09-30T00:00:00","2026-04-24T11:41:00","2026-09-10T18:15:00","datetime","datetime","datetime","datetime"
"258","21521","2024-06-17T00:00:00","2026-10-29T00:00:00","2026-04-24T11:41:00","2026-09-11T00:20:00","datetime","datetime","datetime","datetime"
"259","21903","2025-12-15T00:00:00","2026-12-17T00:00:00","2026-04-24T11:41:00","2026-09-11T00:30:00","datetime","datetime","datetime","datetime"
"260","21848","2025-10-29T00:00:00","2026-09-30T00:00:00","2026-04-24T11:41:00","2026-09-11T00:17:00","datetime","datetime","datetime","datetime"
"261","21902","2025-12-15T00:00:00","2026-12-17T00:00:00","2026-04-24T11:41:00","2026-09-11T00:28:00","datetime","datetime","datetime","datetime"
"262","21792","2025-09-11T00:00:00","2026-09-24T00:00:00","2026-04-24T11:41:00","2026-09-10T18:15:00","datetime","datetime","datetime","datetime"
"263","21901","2025-12-15T00:00:00","2026-12-17T00:00:00","2026-04-24T11:41:00","2026-09-11T00:27:00","datetime","datetime","datetime","datetime"
"264","21795","2025-09-11T00:00:00","2026-09-24T00:00:00","2026-04-24T11:41:00","2026-09-11T00:16:00","datetime","datetime","datetime","datetime"
"265","21847","2025-10-29T00:00:00","2026-09-30T00:00:00","2026-04-24T11:41:00","2026-09-11T00:18:00","datetime","datetime","datetime","datetime"
"266","21851","2025-10-29T00:00:00","2026-09-29T00:00:00","2026-04-24T11:41:00","2026-09-11T00:14:00","datetime","datetime","datetime","datetime"
"267","21843","2025-10-29T00:00:00","2026-10-21T00:00:00","2026-04-24T11:41:00","2026-09-11T00:29:00","datetime","datetime","datetime","datetime"
"268","21821","2025-10-14T00:00:00","2026-09-29T00:00:00","2026-04-24T11:41:00","2026-09-11T00:19:00","datetime","datetime","datetime","datetime"
"269","21854","2025-10-29T00:00:00","2026-10-29T00:00:00","2026-04-24T11:41:00","2026-09-11T00:15:00","datetime","datetime","datetime","datetime"
"270","21860","2025-11-05T00:00:00","2026-10-21T00:00:00","2026-04-24T11:41:00","2026-09-11T00:30:00","datetime","datetime","datetime","datetime"
"271","21877","2025-11-19T00:00:00","2026-11-26T00:00:00","2026-04-24T11:41:00","2026-09-11T00:23:00","datetime","datetime","datetime","datetime"
"272","21849","2025-10-29T00:00:00","2026-11-29T00:00:00","2026-04-24T11:41:00","2026-09-11T00:23:00","datetime","datetime","datetime","datetime"
"273","21833","2025-10-16T00:00:00","2026-10-30T00:00:00","2026-04-24T11:41:00","2026-09-11T00:30:00","datetime","datetime","datetime","datetime"
"274","21386","2024-03-01T00:00:00","2026-03-26T00:00:00","2026-04-24T11:41:00","2026-09-11T00:12:00","datetime","datetime","datetime","datetime"
"275","21387","2024-03-01T00:00:00","2026-04-02T00:00:00","2026-04-24T11:41:00","2026-09-11T00:29:00","datetime","datetime","datetime","datetime"
"276","21538","2024-07-03T00:00:00","2027-01-28T00:00:00","2026-04-24T11:41:00","2026-09-11T00:52:00","datetime","datetime","datetime","datetime"
"277","21385","2024-02-29T00:00:00","2026-03-26T00:00:00","2026-04-24T11:41:00","2026-09-10T18:15:00","datetime","datetime","datetime","datetime"
"278","21379","2024-03-22T00:00:00","2025-10-31T00:00:00","2026-04-24T11:41:00","2026-09-10T18:15:00","datetime","datetime","datetime","datetime"
"279","21539","2024-08-26T00:00:00","2027-02-25T00:00:00","2026-04-24T11:41:00","2026-09-11T01:00:00","datetime","datetime","datetime","datetime"
"280","21733","2025-06-02T00:00:00","2028-04-30T00:00:00","2026-04-24T11:41:00","2026-09-11T01:11:00","datetime","datetime","datetime","datetime"
"281","21540","2024-09-09T00:00:00","2027-03-31T00:00:00","2026-04-24T11:41:00","2026-09-11T01:06:00","datetime","datetime","datetime","datetime"
"282","21522","2024-05-29T00:00:00","2027-04-13T00:00:00","2026-04-24T11:41:00","2026-09-11T01:06:00","datetime","datetime","datetime","datetime"
"283","21613","2025-01-09T00:00:00","2027-08-31T00:00:00","2026-04-24T11:42:00","2026-09-11T01:11:00","datetime","datetime","datetime","datetime"
"284","21612","2025-01-09T00:00:00","2027-07-31T00:00:00","2026-04-24T11:42:00","2026-09-11T01:10:00","datetime","datetime","datetime","datetime"
"285","21610","2025-01-09T00:00:00","2027-11-30T00:00:00","2026-04-24T11:42:00","2026-09-11T01:11:00","datetime","datetime","datetime","datetime"
"286","21382","2024-02-29T00:00:00","2028-05-31T00:00:00","2026-04-24T11:42:00","2026-09-11T01:11:00","datetime","datetime","datetime","datetime"
"287","21371","2024-01-30T00:00:00","2027-03-31T00:00:00","2026-04-24T11:42:00","2026-09-11T01:06:00","datetime","datetime","datetime","datetime"
"288","21365","2024-01-30T00:00:00","2027-03-31T00:00:00","2026-04-24T11:42:00","2026-09-11T01:04:00","datetime","datetime","datetime","datetime"
"289","21364","2024-01-30T00:00:00","2027-03-31T00:00:00","2026-04-24T11:42:00","2026-09-11T01:03:00","datetime","datetime","datetime","datetime"
"290","21362","2024-01-30T00:00:00","2028-01-28T00:00:00","2026-04-24T11:42:00","2026-09-11T01:12:00","datetime","datetime","datetime","datetime"
"291","21361","2024-01-30T00:00:00","2027-02-28T00:00:00","2026-04-24T11:42:00","2026-09-11T00:58:00","datetime","datetime","datetime","datetime"
"292","21359","2024-01-29T00:00:00","2027-02-28T00:00:00","2026-04-24T11:42:00","2026-09-11T01:04:00","datetime","datetime","datetime","datetime"
"293","21358","2024-01-29T00:00:00","2026-12-31T00:00:00","2026-04-24T11:42:00","2026-09-11T00:55:00","datetime","datetime","datetime","datetime"
"294","21352","2024-01-29T00:00:00","2026-12-31T00:00:00","2026-04-24T11:42:00","2026-09-11T00:51:00","datetime","datetime","datetime","datetime"
"295","21351","2024-01-29T00:00:00","2028-01-03T00:00:00","2026-04-24T11:42:00","2026-09-11T01:12:00","datetime","datetime","datetime","datetime"
"296","21350","2024-01-29T00:00:00","2028-01-03T00:00:00","2026-04-24T11:42:00","2026-09-11T01:12:00","datetime","datetime","datetime","datetime"
"297","21304","2025-01-08T00:00:00","2027-11-12T00:00:00","2026-04-24T11:42:00","2026-09-11T01:11:00","datetime","datetime","datetime","datetime"
"319","22063","2026-05-08T00:00:00","2026-11-20T00:00:00","2026-05-11T15:11:00","2026-09-11T00:20:00","datetime","datetime","datetime","datetime"
"320","22064","2026-05-08T00:00:00","2026-11-20T00:00:00","2026-05-11T15:30:00","2026-09-11T00:22:00","datetime","datetime","datetime","datetime"
"324","22065","2026-05-11T00:00:00","2026-05-29T00:00:00","2026-05-13T13:34:00","2026-08-21T01:38:00","datetime","datetime","datetime","datetime"
"325","22066","2026-05-11T00:00:00","2027-05-05T00:00:00","2026-05-13T13:53:00","2026-09-11T00:55:00","datetime","datetime","datetime","datetime"
"327","22068","2026-05-15T00:00:00","2026-11-26T00:00:00","2026-05-19T10:03:00","2026-09-11T00:29:00","datetime","datetime","datetime","datetime"
"329","22069","2026-05-15T00:00:00","2026-11-26T00:00:00","2026-05-19T10:24:00","2026-09-11T01:06:00","datetime","datetime","datetime","datetime"
"330","22070","2026-05-15T00:00:00","2026-11-26T00:00:00","2026-05-20T07:48:00","2026-09-11T00:22:00","datetime","datetime","datetime","datetime"
"331","22071","2026-05-15T00:00:00","2026-11-26T00:00:00","2026-05-20T07:58:00","2026-09-11T00:24:00","datetime","datetime","datetime","datetime"
"332","22072","2026-05-15T00:00:00","2026-11-26T00:00:00","2026-05-20T08:41:00","2026-09-11T00:24:00","datetime","datetime","datetime","datetime"
"333","22073","2026-05-15T00:00:00","2027-05-27T00:00:00","2026-05-20T08:50:00","2026-09-11T00:54:00","datetime","datetime","datetime","datetime"
"334","22074","2026-05-15T00:00:00","2027-05-27T00:00:00","2026-05-20T09:02:00","2026-09-11T00:54:00","datetime","datetime","datetime","datetime"
"335","22075","2026-05-15T00:00:00","2027-05-27T00:00:00","2026-05-20T09:13:00","2026-09-11T00:55:00","datetime","datetime","datetime","datetime"
"336","22076","2026-05-15T00:00:00","2027-05-27T00:00:00","2026-05-20T09:21:00","2026-09-11T00:55:00","datetime","datetime","datetime","datetime"
"337","22077","2026-05-15T00:00:00","2027-05-27T00:00:00","2026-05-20T09:28:00","2026-09-11T00:56:00","datetime","datetime","datetime","datetime"
"340","22078","2026-05-21T00:00:00","2026-11-27T00:00:00","2026-05-21T12:54:00","2026-09-11T00:22:00","datetime","datetime","datetime","datetime"
"341","22079","2026-05-21T00:00:00","2027-05-19T00:00:00","2026-05-22T10:05:00","2026-09-11T00:56:00","datetime","datetime","datetime","datetime"
"342","20853R1","2026-05-22T00:00:00","2026-08-28T00:00:00","2026-05-22T11:27:00","2026-09-10T18:16:00","datetime","datetime","datetime","datetime"
"343","22062","2026-05-06T00:00:00","2029-06-28T00:00:00","2026-05-25T10:12:00","2026-09-11T01:10:00","datetime","datetime","datetime","datetime"
"344","22061","2026-05-06T00:00:00","2029-04-30T00:00:00","2026-05-25T10:18:00","2026-09-11T01:03:00","datetime","datetime","datetime","datetime"
"345","22060","2026-05-06T00:00:00","2029-11-29T00:00:00","2026-05-25T10:18:00","2026-09-11T01:10:00","datetime","datetime","datetime","datetime"
"346","22059","2026-05-06T00:00:00","2029-10-30T00:00:00","2026-05-25T10:18:00","2026-09-11T01:10:00","datetime","datetime","datetime","datetime"
"347","22058","2026-05-06T00:00:00","2029-05-30T00:00:00","2026-05-25T10:18:00","2026-09-11T01:09:00","datetime","datetime","datetime","datetime"
"348","22057","2026-05-06T00:00:00","2026-10-30T00:00:00","2026-05-25T10:18:00","2026-09-11T00:37:00","datetime","datetime","datetime","datetime"
"357","22056","2026-05-06T00:00:00","2026-10-30T00:00:00","2026-05-25T10:18:00","2026-09-11T00:31:00","datetime","datetime","datetime","datetime"
"363","22055","2026-05-06T00:00:00","2029-12-20T00:00:00","2026-05-25T10:18:00","2026-09-11T01:04:00","datetime","datetime","datetime","datetime"
"364","22054","2026-05-06T00:00:00","2029-09-27T00:00:00","2026-05-25T10:18:00","2026-09-11T01:04:00","datetime","datetime","datetime","datetime"
"365","22053","2026-05-06T00:00:00","2029-12-20T00:00:00","2026-05-25T10:18:00","2026-09-11T01:10:00","datetime","datetime","datetime","datetime"
"366","22052","2026-05-06T00:00:00","2029-05-30T00:00:00","2026-05-25T10:18:00","2026-09-11T01:09:00","datetime","datetime","datetime","datetime"
"367","22051","2026-05-06T00:00:00","2029-02-28T00:00:00","2026-05-25T10:18:00","2026-09-11T01:09:00","datetime","datetime","datetime","datetime"
"368","22050","2026-05-06T00:00:00","2029-11-29T00:00:00","2026-05-25T10:18:00","2026-09-11T01:10:00","datetime","datetime","datetime","datetime"
"369","22049","2026-05-06T00:00:00","2029-10-25T00:00:00","2026-05-25T10:18:00","2026-09-11T01:10:00","datetime","datetime","datetime","datetime"
"370","22048","2026-05-06T00:00:00","2029-08-30T00:00:00","2026-05-25T10:18:00","2026-09-11T01:04:00","datetime","datetime","datetime","datetime"
"371","22047","2026-05-06T00:00:00","2029-07-26T00:00:00","2026-05-25T10:18:00","2026-09-11T01:10:00","datetime","datetime","datetime","datetime"
"372","22046","2026-05-06T00:00:00","2029-01-25T00:00:00","2026-05-25T10:18:00","2026-09-11T01:03:00","datetime","datetime","datetime","datetime"
"373","22045","2026-05-06T00:00:00","2026-10-30T00:00:00","2026-05-25T10:18:00","2026-09-11T00:17:00","datetime","datetime","datetime","datetime"
"375","22044","2026-05-05T00:00:00","2029-08-30T00:00:00","2026-05-25T10:18:00","2026-09-11T01:04:00","datetime","datetime","datetime","datetime"
"376","22043","2026-05-05T00:00:00","2029-07-27T00:00:00","2026-05-25T10:18:00","2026-09-11T01:03:00","datetime","datetime","datetime","datetime"
"377","22042","2026-05-05T00:00:00","2029-06-28T00:00:00","2026-05-25T10:18:00","2026-09-11T01:10:00","datetime","datetime","datetime","datetime"
"378","22041","2026-05-05T00:00:00","2029-03-30T00:00:00","2026-05-25T10:18:00","2026-09-11T01:03:00","datetime","datetime","datetime","datetime"
"379","22040","2026-05-05T00:00:00","2029-02-28T00:00:00","2026-05-25T10:18:00","2026-09-11T01:03:00","datetime","datetime","datetime","datetime"
"380","22039","2026-05-05T00:00:00","2029-01-28T00:00:00","2026-05-25T10:18:00","2026-09-11T01:03:00","datetime","datetime","datetime","datetime"
"381","22038","2025-08-11T00:00:00","2028-12-21T00:00:00","2026-05-25T10:18:00","2026-09-11T01:09:00","datetime","datetime","datetime","datetime"
"382","22037","2025-08-11T00:00:00","2028-08-30T00:00:00","2026-05-25T10:18:00","2026-09-11T01:09:00","datetime","datetime","datetime","datetime"
"384","22036","2026-05-04T00:00:00","2028-09-28T00:00:00","2026-05-25T10:18:00","2026-09-11T01:09:00","datetime","datetime","datetime","datetime"
"386","22035","2026-05-04T00:00:00","2028-08-30T00:00:00","2026-05-25T10:18:00","2026-09-11T01:08:00","datetime","datetime","datetime","datetime"
"388","22034","2026-05-04T00:00:00","2028-12-21T00:00:00","2026-05-25T10:18:00","2026-09-11T01:09:00","datetime","datetime","datetime","datetime"
"390","22033","2026-05-04T00:00:00","2028-09-28T00:00:00","2026-05-25T10:18:00","2026-09-11T01:09:00","datetime","datetime","datetime","datetime"
"391","22032","2026-05-04T00:00:00","2026-08-31T00:00:00","2026-05-25T10:18:00","2026-09-10T18:16:00","datetime","datetime","datetime","datetime"
"412","22031","2026-04-27T00:00:00","2028-07-27T00:00:00","2026-05-25T10:18:00","2026-09-11T01:08:00","datetime","datetime","datetime","datetime"
"414","22030","2026-04-27T00:00:00","2028-10-26T00:00:00","2026-05-25T10:18:00","2026-09-11T01:09:00","datetime","datetime","datetime","datetime"
"416","22029","2026-04-27T00:00:00","2028-02-24T00:00:00","2026-05-25T10:18:00","2026-09-11T01:08:00","datetime","datetime","datetime","datetime"
"418","22028","2026-04-27T00:00:00","2028-11-30T00:00:00","2026-05-25T10:18:00","2026-09-11T01:09:00","datetime","datetime","datetime","datetime"
"420","22027","2026-04-27T00:00:00","2028-10-26T00:00:00","2026-05-25T10:18:00","2026-09-11T01:09:00","datetime","datetime","datetime","datetime"
"422","22026","2026-04-27T00:00:00","2028-07-27T00:00:00","2026-05-25T10:18:00","2026-09-11T01:08:00","datetime","datetime","datetime","datetime"
"424","22025","2026-04-27T00:00:00","2028-06-29T00:00:00","2026-05-25T10:19:00","2026-09-11T01:08:00","datetime","datetime","datetime","datetime"
"426","22024","2026-04-27T00:00:00","2028-02-24T00:00:00","2026-05-25T10:19:00","2026-09-11T01:08:00","datetime","datetime","datetime","datetime"
"428","22023","2026-04-27T00:00:00","2028-01-26T00:00:00","2026-05-25T10:19:00","2026-09-11T01:08:00","datetime","datetime","datetime","datetime"
"430","22022","2026-04-27T00:00:00","2028-01-26T00:00:00","2026-05-25T10:19:00","2026-09-11T01:08:00","datetime","datetime","datetime","datetime"
"431","22021","2026-04-23T00:00:00","2026-07-24T00:00:00","2026-05-25T10:19:00","2026-09-10T18:16:00","datetime","datetime","datetime","datetime"
"451","22020","2026-04-23T00:00:00","2027-03-25T00:00:00","2026-05-25T10:19:00","2026-09-11T00:56:00","datetime","datetime","datetime","datetime"
"453","22019","2026-04-23T00:00:00","2027-04-21T00:00:00","2026-05-25T10:19:00","2026-09-11T00:53:00","datetime","datetime","datetime","datetime"
"454","22018","2026-04-23T00:00:00","2027-04-21T00:00:00","2026-05-25T10:19:00","2026-09-11T00:53:00","datetime","datetime","datetime","datetime"
"455","22017","2026-04-22T00:00:00","2026-09-30T00:00:00","2026-05-25T10:19:00","2026-09-11T00:21:00","datetime","datetime","datetime","datetime"
"459","P21911_A","2026-05-25T00:00:00","","2026-05-26T07:55:00","2026-09-11T00:36:00","datetime","null","datetime","datetime"
"460","P21911_B","2026-05-25T00:00:00","","2026-05-26T07:57:00","2026-09-11T00:37:00","datetime","null","datetime","datetime"
"462","22080","2026-05-28T00:00:00","2027-05-26T00:00:00","2026-05-29T10:17:00","2026-09-11T00:55:00","datetime","datetime","datetime","datetime"
"463","22081","2026-06-01T00:00:00","2027-02-01T00:00:00","2026-06-04T10:53:00","2026-09-11T01:00:00","datetime","datetime","datetime","datetime"
"464","22082","2026-06-01T00:00:00","2027-02-01T00:00:00","2026-06-04T10:55:00","2026-09-11T01:01:00","datetime","datetime","datetime","datetime"
"465","22083","2026-06-05T00:00:00","2026-11-19T00:00:00","2026-06-08T13:18:00","2026-09-11T00:24:00","datetime","datetime","datetime","datetime"
"466","22084","2026-06-05T00:00:00","2026-11-19T00:00:00","2026-06-08T14:13:00","2026-09-11T00:25:00","datetime","datetime","datetime","datetime"
"467","22085","2026-06-04T00:00:00","2027-06-02T00:00:00","2026-06-08T14:30:00","2026-09-11T00:58:00","datetime","datetime","datetime","datetime"
"468","22086","2026-06-09T00:00:00","2027-01-14T00:00:00","2026-06-10T08:51:00","2026-09-11T00:56:00","datetime","datetime","datetime","datetime"
"471","22087","2026-06-12T00:00:00","2026-12-17T00:00:00","2026-06-15T12:56:00","2026-09-11T00:26:00","datetime","datetime","datetime","datetime"
"472","22088","2026-06-12T00:00:00","2026-12-17T00:00:00","2026-06-15T13:01:00","2026-09-11T00:44:00","datetime","datetime","datetime","datetime"
"473","22089","2026-06-12T00:00:00","2026-12-17T00:00:00","2026-06-15T13:06:00","2026-09-11T00:32:00","datetime","datetime","datetime","datetime"
"474","22090","2026-06-12T00:00:00","2026-12-17T00:00:00","2026-06-15T13:10:00","2026-09-11T00:43:00","datetime","datetime","datetime","datetime"
"475","22091","2026-06-12T00:00:00","2026-12-17T00:00:00","2026-06-15T13:14:00","2026-09-11T00:34:00","datetime","datetime","datetime","datetime"
"476","22092","2026-06-12T00:00:00","2027-06-25T00:00:00","2026-06-15T13:19:00","2026-09-11T00:58:00","datetime","datetime","datetime","datetime"
"477","22093","2026-06-12T00:00:00","2027-06-25T00:00:00","2026-06-15T13:23:00","2026-09-11T00:58:00","datetime","datetime","datetime","datetime"
"478","22094","2026-06-12T00:00:00","2027-06-25T00:00:00","2026-06-15T13:26:00","2026-09-11T00:59:00","datetime","datetime","datetime","datetime"
"479","22095","2026-06-12T00:00:00","2027-06-25T00:00:00","2026-06-15T13:32:00","2026-09-11T00:58:00","datetime","datetime","datetime","datetime"
"480","22096","2026-06-12T00:00:00","2027-06-25T00:00:00","2026-06-15T13:40:00","2026-09-11T00:59:00","datetime","datetime","datetime","datetime"
"481","22097","2026-06-12T00:00:00","2026-12-17T00:00:00","2026-06-15T13:47:00","2026-09-11T00:34:00","datetime","datetime","datetime","datetime"
"482","22098","2026-05-25T00:00:00","2028-06-28T00:00:00","2026-06-22T14:29:00","2026-09-11T01:03:00","datetime","datetime","datetime","datetime"
"483","22099","2026-05-25T00:00:00","2028-11-28T00:00:00","2026-06-22T14:47:00","2026-09-11T01:03:00","datetime","datetime","datetime","datetime"
"484","22100","2026-06-23T00:00:00","2027-01-04T00:00:00","2026-06-23T14:10:00","2026-09-11T00:53:00","datetime","datetime","datetime","datetime"
"485","22101","2026-06-23T00:00:00","2026-12-25T00:00:00","2026-06-25T07:57:00","2026-09-11T00:29:00","datetime","datetime","datetime","datetime"
"486","22102","2026-06-23T00:00:00","2027-03-30T00:00:00","2026-06-25T09:35:00","2026-09-11T00:51:00","datetime","datetime","datetime","datetime"
"488","P20004","2026-06-25T00:00:00","2026-10-30T00:00:00","2026-06-25T10:11:00","2026-09-11T00:26:00","datetime","datetime","datetime","datetime"
"489","22103","2026-06-22T00:00:00","2030-03-29T00:00:00","2026-06-26T10:21:00","2026-09-11T01:04:00","datetime","datetime","datetime","datetime"
"490","22104","2026-06-22T00:00:00","2030-06-27T00:00:00","2026-06-26T10:32:00","2026-09-11T01:12:00","datetime","datetime","datetime","datetime"
"491","22105","2026-06-25T00:00:00","2026-12-15T00:00:00","2026-06-26T13:31:00","2026-09-11T00:22:00","datetime","datetime","datetime","datetime"
"492","22106","2026-06-25T00:00:00","2026-12-15T00:00:00","2026-06-26T13:38:00","2026-09-11T00:34:00","datetime","datetime","datetime","datetime"
"493","22107","2026-06-29T00:00:00","2029-03-29T00:00:00","2026-06-29T10:54:00","2026-09-11T01:09:00","datetime","datetime","datetime","datetime"
"494","22108","2026-06-29T00:00:00","2029-06-29T00:00:00","2026-06-29T11:13:00","2026-09-11T01:10:00","datetime","datetime","datetime","datetime"
"495","WRG3026","2026-06-16T00:00:00","","2026-07-01T08:31:00","2026-09-11T01:05:00","datetime","null","datetime","datetime"
"496","22109","2026-06-26T00:00:00","2027-01-08T00:00:00","2026-07-01T13:10:00","2026-09-11T00:56:00","datetime","datetime","datetime","datetime"
"497","22110","2026-06-18T00:00:00","2029-04-02T00:00:00","2026-07-06T09:49:00","2026-09-11T01:03:00","datetime","datetime","datetime","datetime"
"498","22111","2026-07-08T00:00:00","2026-12-15T00:00:00","2026-07-09T11:37:00","2026-09-11T00:31:00","datetime","datetime","datetime","datetime"
"499","E21017CC","2026-06-16T00:00:00","2027-06-16T00:00:00","2026-07-09T12:04:00","2026-09-11T01:10:00","datetime","datetime","datetime","datetime"
"500","22112","2026-07-09T00:00:00","2026-12-04T00:00:00","2026-07-10T08:29:00","2026-09-11T00:27:00","datetime","datetime","datetime","datetime"
"501","22113","2026-07-10T00:00:00","2027-06-01T00:00:00","2026-07-14T09:37:00","2026-09-11T00:56:00","datetime","datetime","datetime","datetime"
"502","22114","2026-07-10T00:00:00","2027-06-01T00:00:00","2026-07-14T09:44:00","2026-09-11T00:57:00","datetime","datetime","datetime","datetime"
"503","22115","2026-07-10T00:00:00","2027-06-01T00:00:00","2026-07-14T09:47:00","2026-09-11T00:58:00","datetime","datetime","datetime","datetime"
"504","22116","2026-07-10T00:00:00","2027-06-01T00:00:00","2026-07-14T09:53:00","2026-09-11T00:58:00","datetime","datetime","datetime","datetime"
"505","22117","2026-07-14T00:00:00","2027-01-22T00:00:00","2026-07-16T10:41:00","2026-09-11T00:35:00","datetime","datetime","datetime","datetime"
"506","22118","2026-07-17T00:00:00","2027-01-28T00:00:00","2026-07-17T07:56:00","2026-09-11T00:57:00","datetime","datetime","datetime","datetime"
"507","22119","2026-07-17T00:00:00","2027-01-28T00:00:00","2026-07-17T08:04:00","2026-09-11T00:41:00","datetime","datetime","datetime","datetime"
"508","22120","2026-07-17T00:00:00","2027-01-28T00:00:00","2026-07-17T08:14:00","2026-09-11T00:40:00","datetime","datetime","datetime","datetime"
"509","22121","2026-07-17T00:00:00","2027-01-28T00:00:00","2026-07-17T08:21:00","2026-09-11T00:57:00","datetime","datetime","datetime","datetime"
"510","22122","2026-07-17T00:00:00","2027-01-28T00:00:00","2026-07-17T08:25:00","2026-09-11T00:54:00","datetime","datetime","datetime","datetime"
"511","22123","2026-07-17T00:00:00","2027-01-28T00:00:00","2026-07-17T08:30:00","2026-09-11T00:35:00","datetime","datetime","datetime","datetime"
"512","22124","2026-07-17T00:00:00","2027-07-29T00:00:00","2026-07-17T08:39:00","2026-09-11T01:00:00","datetime","datetime","datetime","datetime"
"513","22125","2026-07-17T00:00:00","2027-07-29T00:00:00","2026-07-17T08:43:00","2026-09-11T01:00:00","datetime","datetime","datetime","datetime"
"514","22126","2026-07-17T00:00:00","2027-07-29T00:00:00","2026-07-17T08:48:00","2026-09-11T01:01:00","datetime","datetime","datetime","datetime"
"515","22127","2026-07-17T00:00:00","2027-07-29T00:00:00","2026-07-17T08:52:00","2026-09-11T01:00:00","datetime","datetime","datetime","datetime"
"516","22128","2026-07-17T00:00:00","2027-07-29T00:00:00","2026-07-17T08:56:00","2026-09-11T01:01:00","datetime","datetime","datetime","datetime"
"518","22129","2026-07-16T00:00:00","2027-01-28T00:00:00","2026-07-20T08:31:00","2026-09-11T00:41:00","datetime","datetime","datetime","datetime"
"519","22130","2026-07-16T00:00:00","2027-01-28T00:00:00","2026-07-20T08:37:00","2026-09-11T00:39:00","datetime","datetime","datetime","datetime"
"520","E21003R1","2026-07-21T00:00:00","2026-08-28T00:00:00","2026-07-21T09:04:00","2026-09-11T01:04:00","datetime","datetime","datetime","datetime"
"521","WRG3027","2026-07-10T00:00:00","2026-10-30T00:00:00","2026-07-22T11:52:00","2026-09-11T01:05:00","datetime","datetime","datetime","datetime"
"522","22131","2026-07-20T00:00:00","2027-05-20T00:00:00","2026-07-23T15:13:00","2026-09-11T00:56:00","datetime","datetime","datetime","datetime"
"523","22132","2026-07-20T00:00:00","2027-05-20T00:00:00","2026-07-23T15:15:00","2026-09-11T00:56:00","datetime","datetime","datetime","datetime"
"529","22133","2026-08-10T00:00:00","2027-02-26T00:00:00","2026-08-10T10:49:00","2026-09-11T00:44:00","datetime","datetime","datetime","datetime"
"530","22134","2026-08-12T00:00:00","2027-06-30T00:00:00","2026-08-17T11:05:00","2026-09-11T00:57:00","datetime","datetime","datetime","datetime"
"531","22135","2026-08-12T00:00:00","2027-06-30T00:00:00","2026-08-17T11:07:00","2026-09-11T00:59:00","datetime","datetime","datetime","datetime"
"532","22136","2026-08-13T00:00:00","2027-02-05T00:00:00","2026-08-17T13:55:00","2026-09-11T00:40:00","datetime","datetime","datetime","datetime"
"533","WRG3028","2026-08-19T00:00:00","2026-10-12T00:00:00","2026-08-19T13:48:00","2026-09-11T01:06:00","datetime","datetime","datetime","datetime"
"534","22137","2026-08-11T00:00:00","2027-02-26T00:00:00","2026-08-19T14:04:00","2026-09-11T01:12:00","datetime","datetime","datetime","datetime"
"535","22138","2026-08-20T00:00:00","2027-03-29T00:00:00","2026-08-21T14:34:00","2026-09-11T00:51:00","datetime","datetime","datetime","datetime"
"536","22139","2026-08-20T00:00:00","2027-03-29T00:00:00","2026-08-21T14:35:00","2026-09-11T00:51:00","datetime","datetime","datetime","datetime"
"537","22140","2026-08-03T00:00:00","2027-03-25T00:00:00","2026-08-25T10:05:00","2026-09-11T00:51:00","datetime","datetime","datetime","datetime"
"538","22141","2026-08-03T00:00:00","2027-03-25T00:00:00","2026-08-25T10:13:00","2026-09-11T00:51:00","datetime","datetime","datetime","datetime"
"539","22142","2026-08-03T00:00:00","2027-02-26T00:00:00","2026-08-25T10:39:00","2026-09-11T00:43:00","datetime","datetime","datetime","datetime"
"540","22143","2026-08-26T00:00:00","2027-01-29T00:00:00","2026-08-27T14:41:00","2026-09-11T00:41:00","datetime","datetime","datetime","datetime"
"541","21884","","2026-04-15T00:00:00","2026-08-28T04:56:00","2026-08-28T05:08:00","null","datetime","datetime","datetime"
"543","22144","2026-08-31T00:00:00","2027-02-25T00:00:00","2026-08-31T12:31:00","2026-09-11T00:42:00","datetime","datetime","datetime","datetime"
"544","22145","2026-08-31T00:00:00","2027-02-25T00:00:00","2026-08-31T12:35:00","2026-09-11T00:43:00","datetime","datetime","datetime","datetime"
"545","22146","2026-08-31T00:00:00","2027-02-25T00:00:00","2026-08-31T12:48:00","2026-09-11T00:43:00","datetime","datetime","datetime","datetime"
"546","22147","2026-08-31T00:00:00","2027-08-26T00:00:00","2026-08-31T12:52:00","2026-09-11T01:02:00","datetime","datetime","datetime","datetime"
"547","22148","2026-08-31T00:00:00","2027-08-26T00:00:00","2026-08-31T12:55:00","2026-09-11T01:02:00","datetime","datetime","datetime","datetime"
"548","22149","2026-08-31T00:00:00","2027-08-26T00:00:00","2026-08-31T12:59:00","2026-09-11T01:02:00","datetime","datetime","datetime","datetime"
"549","22150","2026-08-31T00:00:00","2027-08-26T00:00:00","2026-08-31T13:03:00","2026-09-11T01:02:00","datetime","datetime","datetime","datetime"
"550","22151","2026-08-31T00:00:00","2027-08-26T00:00:00","2026-08-31T13:07:00","2026-09-11T01:02:00","datetime","datetime","datetime","datetime"
"551","22152","2026-08-31T00:00:00","2027-02-25T00:00:00","2026-08-31T13:11:00","2026-09-11T00:43:00","datetime","datetime","datetime","datetime"
"552","22153","2026-08-31T00:00:00","2027-02-25T00:00:00","2026-08-31T13:14:00","2026-09-11T00:50:00","datetime","datetime","datetime","datetime"
"553","22154","2026-08-31T00:00:00","2027-02-25T00:00:00","2026-08-31T13:19:00","2026-09-11T00:50:00","datetime","datetime","datetime","datetime"
"554","22155","2026-08-31T00:00:00","2027-02-25T00:00:00","2026-08-31T13:22:00","2026-09-11T00:51:00","datetime","datetime","datetime","datetime"
"558","22156","2026-08-31T00:00:00","2027-01-17T00:00:00","2026-09-01T11:46:00","2026-09-11T00:38:00","datetime","datetime","datetime","datetime"
"559","22157","2026-08-31T00:00:00","2027-01-21T00:00:00","2026-09-02T09:40:00","2026-09-11T00:42:00","datetime","datetime","datetime","datetime"
"560","P00005","2026-09-02T00:00:00","2025-12-30T00:00:00","2026-09-03T13:21:00","2026-09-11T01:04:00","datetime","datetime","datetime","datetime"
"561","P10003","2026-09-02T00:00:00","2026-09-03T00:00:00","2026-09-03T15:00:00","2026-09-11T00:18:00","datetime","datetime","datetime","datetime"
"562","P1_001","2026-04-27T00:00:00","2026-08-30T00:00:00","2026-09-08T07:05:00","2026-09-11T00:16:00","datetime","datetime","datetime","datetime"
"563","P20001","2025-08-11T00:00:00","2026-09-30T00:00:00","2026-09-08T07:05:00","2026-09-11T00:15:00","datetime","datetime","datetime","datetime"
"564","22158","2026-09-09T00:00:00","2027-01-28T00:00:00","2026-09-09T11:38:00","2026-09-11T00:40:00","datetime","datetime","datetime","datetime"
"565","20877R1","2026-04-27T00:00:00","2026-07-30T00:00:00","2026-09-09T16:32:00","2026-09-11T01:04:00","datetime","datetime","datetime","datetime"
"566","P20002","2025-08-11T00:00:00","2026-09-30T00:00:00","2026-09-09T16:32:00","2026-09-11T01:12:00","datetime","datetime","datetime","datetime"
"567","22159","2026-09-08T00:00:00","2027-04-23T00:00:00","2026-09-10T10:53:00","2026-09-11T01:14:00","datetime","datetime","datetime","datetime"
"568","22160","2026-09-08T00:00:00","2027-04-23T00:00:00","2026-09-10T10:59:00","2026-09-11T01:14:00","datetime","datetime","datetime","datetime"
"569","22161","2026-09-08T00:00:00","2027-04-23T00:00:00","2026-09-10T11:04:00","2026-09-11T01:15:00","datetime","datetime","datetime","datetime"
"570","22162","2026-09-08T00:00:00","2027-04-23T00:00:00","2026-09-10T11:07:00","2026-09-11T01:15:00","datetime","datetime","datetime","datetime"
"571","22163","2026-09-08T00:00:00","2027-04-23T00:00:00","2026-09-10T11:10:00","2026-09-11T01:16:00","datetime","datetime","datetime","datetime"
"572","22164","2026-09-08T00:00:00","2027-02-26T00:00:00","2026-09-10T11:13:00","2026-09-11T13:55:00","datetime","datetime","datetime","datetime"
"573","22165","2026-09-08T00:00:00","2027-02-26T00:00:00","2026-09-10T11:15:00","2026-09-11T01:14:00","datetime","datetime","datetime","datetime"
"574","22166","2026-09-09T00:00:00","2027-01-29T00:00:00","2026-09-10T12:36:00","2026-09-11T01:16:00","datetime","datetime","datetime","datetime"
"575","22167","2026-09-10T00:00:00","2027-06-30T00:00:00","2026-09-11T11:58:00","2026-09-11T11:58:00","datetime","datetime","datetime","datetime"
"576","22168","2026-09-10T00:00:00","2027-06-30T00:00:00","2026-09-11T12:00:00","2026-09-11T12:00:00","datetime","datetime","datetime","datetime"
"577","G21922R1","2026-09-14T00:00:00","2026-10-30T00:00:00","2026-09-15T08:59:00","2026-09-15T08:59:00","datetime","datetime","datetime","datetime"
"578","22169","2026-09-16T00:00:00","2027-03-25T00:00:00","2026-09-17T13:39:00","2026-09-17T13:39:00","datetime","datetime","datetime","datetime"
"579","22170","2026-09-16T00:00:00","2027-03-25T00:00:00","2026-09-17T13:46:00","2026-09-17T13:46:00","datetime","datetime","datetime","datetime"
"580","22171","2026-09-16T00:00:00","2027-03-25T00:00:00","2026-09-17T13:51:00","2026-09-17T13:51:00","datetime","datetime","datetime","datetime"
"581","22172","2026-09-16T00:00:00","2027-03-25T00:00:00","2026-09-17T13:57:00","2026-09-17T13:57:00","datetime","datetime","datetime","datetime"
"582","22173","2026-09-16T00:00:00","2027-03-25T00:00:00","2026-09-17T14:40:00","2026-09-17T14:40:00","datetime","datetime","datetime","datetime"
"583","22174","2026-09-16T00:00:00","2027-03-25T00:00:00","2026-09-17T14:50:00","2026-09-17T14:50:00","datetime","datetime","datetime","datetime"
"584","22175","2026-09-16T00:00:00","2027-03-25T00:00:00","2026-09-17T14:56:00","2026-09-17T14:56:00","datetime","datetime","datetime","datetime"
"585","22176","2026-09-14T00:00:00","2027-04-23T00:00:00","2026-09-21T15:23:00","2026-09-21T15:27:00","datetime","datetime","datetime","datetime"
"586","22177","2026-09-14T00:00:00","2027-04-23T00:00:00","2026-09-21T15:24:00","2026-09-21T15:24:00","datetime","datetime","datetime","datetime"
"587","22178","2026-09-22T00:00:00","2026-09-30T00:00:00","2026-09-23T10:31:00","2026-09-23T10:38:00","datetime","datetime","datetime","datetime"
