Action,Column,Model_ID,Model_Revion_ID,Models value,Model Revisions value,Proposed write
BACKFILL,Cable,M-ALPO-0007,MR-ALPO-0007-V1,na,,na
BACKFILL,Cable,M-HYQU-0004,MR-HYQU-0004-V1,na,,na
BACKFILL,Cable,M-HYQU-0066,MR-HYQU-0066-V1,na,,na
BACKFILL,Cable,M-MAGA-0009,MR-MAGA-0009-V1,na,,na
BACKFILL,Cable,M-MAGA-0010,MR-MAGA-0010-V1,NA,,NA
BACKFILL,Cable,M-MAGA-0011,MR-MAGA-0011-V1,0,,0
BACKFILL,Copper (LV),M-HYQU-0003,MR-HYQU-0003-V1,45*12,,45*12
BACKFILL,Copper (LV),M-HYQU-0004,MR-HYQU-0004-V1,45*10,,45*10
BACKFILL,Copper (LV),M-HYQU-0071,MR-HYQU-0071-V1,0.020*27.000,,0.020*27.000
BACKFILL,Copper (LV),M-HYQU-0072,MR-HYQU-0072-V1,2x 32*34,,2x 32*34
BACKFILL,Copper (LV),M-HYQU-0084,MR-HYQU-0084-V1,2x 35*34,,2x 35*34
BACKFILL,Copper (LV),M-PITR-0001,MR-PITR-0001-V1,33*12,,33*12
BACKFILL,Core Type,M-ALPO-0001,MR-ALPO-0001-V1,None,,None
BACKFILL,Core Type,M-ALPO-0002,MR-ALPO-0002-V1,None,,None
BACKFILL,Core Type,M-ALPO-0003,MR-ALPO-0003-V1,None,,None
BACKFILL,Core Type,M-ALPO-0004,MR-ALPO-0004-V1,None,,None
BACKFILL,Core Type,M-ALPO-0006,MR-ALPO-0006-V1,None,,None
BACKFILL,Core Type,M-ALPO-0008,MR-ALPO-0008-V1,None,,None
BACKFILL,Core Type,M-ALPO-0009,MR-ALPO-0009-V1,None,,None
BACKFILL,Core Type,M-ALPO-0010,MR-ALPO-0010-V1,None,,None
BACKFILL,Core Type,M-ATCO-0001,MR-ATCO-0001-V1,None,,None
BACKFILL,Core Type,M-ATCO-0002,MR-ATCO-0002-V1,None,,None
BACKFILL,Core Type,M-AUEN-0001,MR-AUEN-0001-V1,None,,None
BACKFILL,Core Type,M-AUEN-0002,M-AUEN-0002,None,,None
BACKFILL,Core Type,M-AUEN-0003,MR-AUEN-0003-V1,None,,None
BACKFILL,Core Type,M-AUEN-0005,MR-AUEN-0005-V1,None,,None
BACKFILL,Core Type,M-AUEN-0007,MR-AUEN-0007-V1,None,,None
BACKFILL,Core Type,M-AUEN-0008,MR-AUEN-0008-V1,None,,None
BACKFILL,Core Type,M-AUEN-0009,MR-AUEN-0009-V1,None,,None
BACKFILL,Core Type,M-AUEN-0010,MR-AUEN-0010-V1,None,,None
BACKFILL,Core Type,M-AUEN-0011,MR-AUEN-0011-V1,None,,None
BACKFILL,Core Type,M-AUEN-0012,MR-AUEN-0012-V1,None,,None
BACKFILL,Core Type,M-AUEN-0013,MR-AUEN-0013-V1,None,,None
BACKFILL,Core Type,M-AUEN-0014,MR-AUEN-0014-V1,None,,None
BACKFILL,Core Type,M-AUEN-0015,MR-AUEN-0015-V1,None,,None
BACKFILL,Core Type,M-AUEN-0016,MR-AUEN-0016-V1,None,,None
BACKFILL,Core Type,M-AUEN-0017,MR-AUEN-0017-V1,None,,None
BACKFILL,Core Type,M-AUEN-0018,MR-AUEN-0018-V1,None,,None
BACKFILL,Core Type,M-AUEN-0019,MR-AUEN-0019-V1,None,,None
BACKFILL,Core Type,M-BEEL-0001,MR-BEEL-0001-V1,None,,None
BACKFILL,Core Type,M-ELPA-0001,MR-ELPA-0001-V1,None,,None
BACKFILL,Core Type,M-ELPA-0002,MR-ELPA-0002-V1,None,,None
BACKFILL,Core Type,M-ENMA-0001,MR-ENMA-0001-V1,None,,None
BACKFILL,Core Type,M-ENMA-0002,MR-ENMA-0002-V1,None,,None
BACKFILL,Core Type,M-ENMA-0003,MR-ENMA-0003-V1,None,,None
BACKFILL,Core Type,M-ENMA-0004,MR-ENMA-0004-V1,None,,None
BACKFILL,Core Type,M-ENMA-0005,MR-ENMA-0005-V1,None,,None
BACKFILL,Core Type,M-ENMA-0008,MR-ENMA-0008-V1,None,,None
BACKFILL,Core Type,M-ENMA-0009,MR-ENMA-0009-V1,None,,None
BACKFILL,Core Type,M-ENMA-0010,MR-ENMA-0010-V1,None,,None
BACKFILL,Core Type,M-ENMA-0011,MR-ENMA-0011-V1,None,,None
BACKFILL,Core Type,M-ENMA-0012,MR-ENMA-0012-V1,None,,None
BACKFILL,Core Type,M-ENMA-0013,MR-ENMA-0013-V1,None,,None
BACKFILL,Core Type,M-ENMA-0014,M-ENMA-0014,None,,None
BACKFILL,Core Type,M-ENMA-0015,MR-ENMA-0015-V1,None,,None
BACKFILL,Core Type,M-ENMA-0016,MR-ENMA-0016-V1,None,,None
BACKFILL,Core Type,M-ENMA-0017,MR-ENMA-0017-V1,None,,None
BACKFILL,Core Type,M-ENMA-0018,MR-ENMA-0018-V1,None,,None
BACKFILL,Core Type,M-ENMA-0019,MR-ENMA-0019-V1,None,,None
BACKFILL,Core Type,M-ENMA-0020,MR-ENMA-0020-V1,None,,None
BACKFILL,Core Type,M-ENMA-0021,MR-ENMA-0021-V1,None,,None
BACKFILL,Core Type,M-ENMA-0022,MR-ENMA-0022-V1,None,,None
BACKFILL,Core Type,M-ENMA-0023,MR-ENMA-0023-V1,None,,None
BACKFILL,Core Type,M-ENMA-0024,MR-ENMA-0024-V1,None,,None
BACKFILL,Core Type,M-ENMA-0025,MR-ENMA-0025-V1,None,,None
BACKFILL,Core Type,M-ENMA-0026,MR-ENMA-0026-V1,None,,None
BACKFILL,Core Type,M-ENMA-0027,MR-ENMA-0027-V1,None,,None
BACKFILL,Core Type,M-ENMA-0028,MR-ENMA-0028-V1,None,,None
BACKFILL,Core Type,M-ENMA-0029,MR-ENMA-0029-V1,None,,None
BACKFILL,Core Type,M-ENMA-0030,MR-ENMA-0030-V1,None,,None
BACKFILL,Core Type,M-ENMA-0031,MR-ENMA-0031-V1,None,,None
BACKFILL,Core Type,M-ENMA-0032,MR-ENMA-0032-V1,None,,None
BACKFILL,Core Type,M-ENMA-0033,MR-ENMA-0033-V1,None,,None
BACKFILL,Core Type,M-ENMA-0034,MR-ENMA-0034-V1,None,,None
BACKFILL,Core Type,M-ENMA-0036,MR-ENMA-0036-V1,None,,None
BACKFILL,Core Type,M-ENMA-0037,MR-ENMA-0037-V1,None,,None
BACKFILL,Core Type,M-ENMA-0038,MR-ENMA-0038-V1,None,,None
BACKFILL,Core Type,M-ENMA-0039,MR-ENMA-0039-V1,None,,None
BACKFILL,Core Type,M-ENMA-0040,MR-ENMA-0040-V1,None,,None
BACKFILL,Core Type,M-ENMA-0041,MR-ENMA-0041-V1,None,,None
BACKFILL,Core Type,M-ENMA-0042,M-ENMA-0042,None,,None
BACKFILL,Core Type,M-ENMA-0043,MR-ENMA-0043-V1,None,,None
BACKFILL,Core Type,M-ENMA-0044,MR-ENMA-0044-V1,None,,None
BACKFILL,Core Type,M-ENMA-0045,MR-ENMA-0045-V1,None,,None
BACKFILL,Core Type,M-ENMA-0046,MR-ENMA-0046-V1,None,,None
BACKFILL,Core Type,M-EPBC-0001,MR-EPBC-0001-V1,None,,None
BACKFILL,Core Type,M-EPBC-0002,MR-EPBC-0002-V1,None,,None
BACKFILL,Core Type,M-FIEN-0004,MR-FIEN-0004-V1,None,,None
BACKFILL,Core Type,M-GEPO-0001,MR-GEPO-0001-V1,None,,None
BACKFILL,Core Type,M-GEPO-0003,MR-GEPO-0003-V1,None,,None
BACKFILL,Core Type,M-GEPO-0004,MR-GEPO-0004-V1,None,,None
BACKFILL,Core Type,M-GEPO-0007,MR-GEPO-0007-V1,None,,None
BACKFILL,Core Type,M-GEPO-0011,MR-GEPO-0011-V1,None,,None
BACKFILL,Core Type,M-GEPO-0014,MR-GEPO-0014-V1,None,,None
BACKFILL,Core Type,M-GEPO-0015,MR-GEPO-0015-V1,None,,None
BACKFILL,Core Type,M-GEPO-0017,MR-GEPO-0017-V1,None,,None
BACKFILL,Core Type,M-HYQU-0003,MR-HYQU-0003-V1,None,,None
BACKFILL,Core Type,M-HYQU-0004,MR-HYQU-0004-V1,Cogent,,Cogent
BACKFILL,Core Type,M-HYQU-0026,MR-HYQU-0026-V1,None,,None
BACKFILL,Core Type,M-HYQU-0027,MR-HYQU-0027-V1,None,,None
BACKFILL,Core Type,M-HYQU-0028,MR-HYQU-0028-V1,None,,None
BACKFILL,Core Type,M-HYQU-0029,MR-HYQU-0029-V1,None,,None
BACKFILL,Core Type,M-HYQU-0030,M-HYQU-0030,None,,None
BACKFILL,Core Type,M-HYQU-0031,MR-HYQU-0031-V1,None,,None
BACKFILL,Core Type,M-HYQU-0032,MR-HYQU-0032-V1,None,,None
BACKFILL,Core Type,M-HYQU-0033,MR-HYQU-0033-V1,None,,None
BACKFILL,Core Type,M-HYQU-0035,MR-HYQU-0035-V1,None,,None
BACKFILL,Core Type,M-HYQU-0036,MR-HYQU-0036-V1,None,,None
BACKFILL,Core Type,M-HYQU-0093,M-HYQU-0093,None,,None
BACKFILL,Core Type,M-HYQU-0094,MR-HYQU-0094-V1,None,,None
BACKFILL,Core Type,M-HYQU-0095,MR-HYQU-0095-V1,None,,None
BACKFILL,Core Type,M-KORT-0005,M-KORT-0005,None,,None
BACKFILL,Core Type,M-LGEN-0002,MR-LGEN-0002-V1,None,,None
BACKFILL,Core Type,M-LGEN-0005,MR-LGEN-0005-V1,None,,None
BACKFILL,Core Type,M-LISA-0005,MR-LISA-0005-V1,None,,None
BACKFILL,Core Type,M-MAGA-0001,MR-MAGA-0001-V1,None,,None
BACKFILL,Core Type,M-MAGA-0002,MR-MAGA-0002-V1,None,,None
BACKFILL,Core Type,M-MAGA-0003,MR-MAGA-0003-V1,None,,None
BACKFILL,Core Type,M-MAGA-0004,MR-MAGA-0004-V1,None,,None
BACKFILL,Core Type,M-MAGA-0005,MR-MAGA-0005-V1,None,,None
BACKFILL,Core Type,M-MAGA-0006,MR-MAGA-0006-V1,None,,None
BACKFILL,Core Type,M-MAGA-0013,MR-MAGA-0013-V1,Amorphe,,Amorphe
BACKFILL,Core Type,M-MULT-0001,MR-MULT-0001-V1,None,,None
BACKFILL,Core Type,M-NAEL-0001,MR-NAEL-0001-V1,None,,None
BACKFILL,Core Type,M-NAEL-0002,MR-NAEL-0002-V1,None,,None
BACKFILL,Core Type,M-NAEL-0003,M-NAEL-0003,None,,None
BACKFILL,Core Type,M-NAEL-0004,MR-NAEL-0004-V1,None,,None
BACKFILL,Core Type,M-NAEL-0005,MR-NAEL-0005-V1,None,,None
BACKFILL,Core Type,M-NAEL-0006,MR-NAEL-0006-V1,None,,None
BACKFILL,Core Type,M-NAEL-0007,MR-NAEL-0007-V1,None,,None
BACKFILL,Core Type,M-NAEL-0008,MR-NAEL-0008-V1,None,,None
BACKFILL,Core Type,M-OTHY-0006,MR-OTHY-0006-V1,None,,None
BACKFILL,Core Type,M-OTHY-0008,MR-OTHY-0008-V1,None,,None
BACKFILL,Core Type,M-PITR-0001,MR-PITR-0001-V1,None,,None
BACKFILL,Core Type,M-PITR-0004,MR-PITR-0004-V1,None,,None
BACKFILL,Core Type,M-POMT-0001,MR-POMT-0001-V1,None,,None
BACKFILL,Core Type,M-POWE-0001,MR-POWE-0001-V1,None,,None
BACKFILL,Core Type,M-PSEG-0001,MR-PSEG-0001-V1,None,,None
BACKFILL,Core Type,M-PSEG-0002,MR-PSEG-0002-V1,None,,None
BACKFILL,Core Type,M-PSEG-0004,MR-PSEG-0004-V1,None,,None
BACKFILL,Core Type,M-PSEG-0005,MR-PSEG-0005-V1,None,,None
BACKFILL,Core Type,M-PSEG-0006,MR-PSEG-0006-V1,None,,None
BACKFILL,Core Type,M-PSEG-0007,MR-PSEG-0007-V1,None,,None
BACKFILL,Core Type,M-PSEG-0008,MR-PSEG-0008-V1,None,,None
BACKFILL,Core Type,M-PSEG-0009,MR-PSEG-0009-V1,None,,None
BACKFILL,Core Type,M-PSEG-0010,MR-PSEG-0010-V1,None,,None
BACKFILL,Core Type,M-PSEG-0011,MR-PSEG-0011-V1,None,,None
BACKFILL,Core Type,M-PSEG-0012,MR-PSEG-0012-V1,None,,None
BACKFILL,Core Type,M-PSEG-0013,MR-PSEG-0013-V1,None,,None
BACKFILL,Core Type,M-PSEG-0014,MR-PSEG-0014-V1,None,,None
BACKFILL,Core Type,M-PSEG-0015,MR-PSEG-0015-V1,None,,None
BACKFILL,Core Type,M-PSEG-0016,MR-PSEG-0016-V1,None,,None
BACKFILL,Core Type,M-PSEG-0017,MR-PSEG-0017-V1,None,,None
BACKFILL,Core Type,M-PSEG-0018,MR-PSEG-0018-V1,None,,None
BACKFILL,Core Type,M-PSEG-0019,MR-PSEG-0019-V1,None,,None
BACKFILL,Core Type,M-PSEG-0020,MR-PSEG-0020-V1,None,,None
BACKFILL,Core Type,M-PSEG-0021,MR-PSEG-0021-V1,None,,None
BACKFILL,Core Type,M-PSEG-0022,MR-PSEG-0022-V1,None,,None
BACKFILL,Core Type,M-PSEG-0023,MR-PSEG-0023-V1,None,,None
BACKFILL,Core Type,M-PSEG-0024,MR-PSEG-0024-V1,None,,None
BACKFILL,Core Type,M-PSEG-0025,MR-PSEG-0025-V1,None,,None
BACKFILL,Core Type,M-REDE-0001,MR-REDE-0001-V1,None,,None
BACKFILL,Core Type,M-RIED-0001,MR-RIED-0001-V1,None,,None
BACKFILL,Core Type,M-TOHY-0003,MR-TOHY-0003-V1,None,,None
BACKFILL,Core Type,M-TOHY-0004,MR-TOHY-0004-V1,None,,None
BACKFILL,Core Type,M-TOHY-0007,MR-TOHY-0007-V1,None,,None
BACKFILL,Core Type,M-TOHY-0008,MR-TOHY-0008-V1,None,,None
BACKFILL,Core Type,M-TOHY-0009,MR-TOHY-0009-V1,None,,None
BACKFILL,Core Type,M-TOHY-0010,MR-TOHY-0010-V1,None,,None
BACKFILL,Core Type,M-TOHY-0011,MR-TOHY-0011-V1,None,,None
BACKFILL,Core Type,M-TOHY-0012,MR-TOHY-0012-V1,None,,None
BACKFILL,Core Type,M-TOHY-0013,MR-TOHY-0013-V1,None,,None
BACKFILL,Core Type,M-TOHY-0014,MR-TOHY-0014-V1,None,,None
BACKFILL,Core Type,M-TOHY-0015,MR-TOHY-0015-V1,None,,None
BACKFILL,Core Type,M-TOHY-0016,MR-TOHY-0016-V1,None,,None
BACKFILL,Core Type,M-TOHY-0017,MR-TOHY-0017-V1,None,,None
BACKFILL,Core Type,M-TOHY-0018,MR-TOHY-0018-V1,None,,None
BACKFILL,Core Type,M-TOHY-0019,MR-TOHY-0019-V1,None,,None
BACKFILL,Core Type,M-TOHY-0020,M-TOHY-0020,None,,None
BACKFILL,Core Type,M-TOHY-0021,MR-TOHY-0021-V1,None,,None
BACKFILL,Core Type,M-TOHY-0022,MR-TOHY-0022-V1,None,,None
BACKFILL,Core Type,M-TOHY-0023,MR-TOHY-0023-V1,None,,None
BACKFILL,Core Type,M-TOHY-0024,MR-TOHY-0024-V1,None,,None
BACKFILL,Core Type,M-TOHY-0025,MR-TOHY-0025-V1,None,,None
BACKFILL,Core Type,M-TOHY-0026,MR-TOHY-0026-V1,None,,None
BACKFILL,Core Type,M-TOHY-0027,MR-TOHY-0027-V1,None,,None
BACKFILL,Core Type,M-TOHY-0028,MR-TOHY-0028-V1,None,,None
BACKFILL,Core Type,M-TOHY-0029,MR-TOHY-0029-V1,None,,None
BACKFILL,Core Type,M-TOHY-0030,MR-TOHY-0030-V1,None,,None
BACKFILL,Core Type,M-TOHY-0031,MR-TOHY-0031-V1,None,,None
BACKFILL,Core Type,M-TRIV-0001,MR-TRIV-0001-V1,None,,None
BACKFILL,Core Type,M-WESC-0001,MR-WESC-0001-V1,None,,None
BACKFILL,Core Type,M-WIHI-0001,MR-WIHI-0001-V1,None,,None
BACKFILL,Core Type,M-XCEN-0004,MR-XCEN-0004-V1,None,,None
BACKFILL,Core Type,M-XCEN-0006,MR-XCEN-0006-V1,None,,None
BACKFILL,Core Type,M-XCEN-0007,MR-XCEN-0007-V1,None,,None
BACKFILL,Core Type,M-XCEN-0009,MR-XCEN-0009-V1,None,,None
BACKFILL,Core Type,MSA-HYQU-0076,MRSA-HYQU-0076-V1,None,,None
BACKFILL,Core Type,MSA-HYQU-0077,MRSA-HYQU-0077-V1,None,,None
BACKFILL,Description -> Model Description,M-REDE-0001,MR-REDE-0001-V1,SUBWAY,,SUBWAY
BACKFILL,Form,M-HYQU-0003,MR-HYQU-0003-V1,7.5x10.25,,7.5x10.25
BACKFILL,Form,M-HYQU-0004,MR-HYQU-0004-V1,ronde,,ronde
BACKFILL,Form,M-PITR-0001,MR-PITR-0001-V1,7.25x8.875,,7.25x8.875
BACKFILL,JS %23,M-ENMA-0005,MR-ENMA-0005-V1,15,,15
BACKFILL,JS %23,M-EXEL-0001,MR-EXEL-0001-V1,16,,16
BACKFILL,JS %23,M-HYQU-0065,MR-HYQU-0065-V1,40,,40
BACKFILL,JS %23,M-HYQU-0066,MR-HYQU-0066-V1,22,,22
BACKFILL,JS %23,M-HYQU-0071,MR-HYQU-0071-V1,40,,40
BACKFILL,JS %23,M-HYQU-0072,MR-HYQU-0072-V1,40,,40
BACKFILL,JS %23,M-HYQU-0076,MR-HYQU-0076-V1,22,,22
BACKFILL,JS %23,M-HYQU-0077,MR-HYQU-0077-V1,22,,22
BACKFILL,JS %23,M-HYQU-0078,MR-HYQU-0078-V1,22,,22
BACKFILL,JS %23,M-HYQU-0080,MR-HYQU-0080-V1,22,,22
BACKFILL,JS %23,M-HYQU-0081,MR-HYQU-0081-V1,22,,22
BACKFILL,JS %23,M-REDE-0001,MR-REDE-0001-V1,25,,25
BACKFILL,Model Type,M-ALPO-0003,MR-ALPO-0003-V1,None,,None
BACKFILL,Model Type,M-ALPO-0008,MR-ALPO-0008-V1,None,,None
BACKFILL,Model Type,M-ATCO-0002,MR-ATCO-0002-V1,None,,None
BACKFILL,Model Type,M-AUEN-0013,MR-AUEN-0013-V1,None,,None
BACKFILL,Model Type,M-AUEN-0014,MR-AUEN-0014-V1,None,,None
BACKFILL,Model Type,M-AUEN-0015,MR-AUEN-0015-V1,None,,None
BACKFILL,Model Type,M-AUEN-0016,MR-AUEN-0016-V1,None,,None
BACKFILL,Model Type,M-AUEN-0017,MR-AUEN-0017-V1,None,,None
BACKFILL,Model Type,M-AUEN-0018,MR-AUEN-0018-V1,None,,None
BACKFILL,Model Type,M-AUEN-0019,MR-AUEN-0019-V1,None,,None
BACKFILL,Model Type,M-ENMA-0025,MR-ENMA-0025-V1,None,,None
BACKFILL,Model Type,M-ENMA-0029,MR-ENMA-0029-V1,None,,None
BACKFILL,Model Type,M-ENMA-0032,MR-ENMA-0032-V1,None,,None
BACKFILL,Model Type,M-ENMA-0038,MR-ENMA-0038-V1,None,,None
BACKFILL,Model Type,M-ENMA-0045,MR-ENMA-0045-V1,None,,None
BACKFILL,Model Type,M-ENMA-0046,MR-ENMA-0046-V1,None,,None
BACKFILL,Model Type,M-GEPO-0014,MR-GEPO-0014-V1,None,,None
BACKFILL,Model Type,M-GEPO-0015,MR-GEPO-0015-V1,None,,None
BACKFILL,Model Type,M-GEPO-0017,MR-GEPO-0017-V1,None,,None
BACKFILL,Model Type,M-HYQU-0004,MR-HYQU-0004-V1,ZIG-ZAG + SA,,ZIG-ZAG + SA
BACKFILL,Model Type,M-NAEL-0001,MR-NAEL-0001-V1,None,,None
BACKFILL,Model Type,M-NAEL-0004,MR-NAEL-0004-V1,None,,None
BACKFILL,Model Type,M-NAEL-0005,MR-NAEL-0005-V1,None,,None
BACKFILL,Model Type,M-NAEL-0008,MR-NAEL-0008-V1,None,,None
BACKFILL,Model Type,M-OTHY-0006,MR-OTHY-0006-V1,None,,None
BACKFILL,Model Type,M-PSEG-0001,MR-PSEG-0001-V1,None,,None
BACKFILL,Model Type,M-PSEG-0002,MR-PSEG-0002-V1,None,,None
BACKFILL,Model Type,M-PSEG-0005,MR-PSEG-0005-V1,None,,None
BACKFILL,Model Type,M-PSEG-0006,MR-PSEG-0006-V1,None,,None
BACKFILL,Model Type,M-PSEG-0008,MR-PSEG-0008-V1,None,,None
BACKFILL,Model Type,M-PSEG-0009,MR-PSEG-0009-V1,None,,None
BACKFILL,Model Type,M-PSEG-0010,MR-PSEG-0010-V1,None,,None
BACKFILL,Model Type,M-PSEG-0014,MR-PSEG-0014-V1,None,,None
BACKFILL,Model Type,M-PSEG-0017,MR-PSEG-0017-V1,None,,None
BACKFILL,Model Type,M-PSEG-0018,MR-PSEG-0018-V1,None,,None
BACKFILL,Model Type,M-PSEG-0022,MR-PSEG-0022-V1,None,,None
BACKFILL,Model Type,M-PSEG-0023,MR-PSEG-0023-V1,None,,None
BACKFILL,Model Type,M-PSEG-0024,MR-PSEG-0024-V1,None,,None
BACKFILL,Model Type,M-PSEG-0025,MR-PSEG-0025-V1,None,,None
BACKFILL,Model Type,M-TOHY-0007,MR-TOHY-0007-V1,None,,None
BACKFILL,Model Type,M-TOHY-0008,MR-TOHY-0008-V1,None,,None
BACKFILL,Model Type,M-TOHY-0014,MR-TOHY-0014-V1,None,,None
BACKFILL,Model Type,M-TOHY-0015,MR-TOHY-0015-V1,None,,None
BACKFILL,Model Type,M-TOHY-0021,MR-TOHY-0021-V1,None,,None
BACKFILL,Model Type,M-TOHY-0022,MR-TOHY-0022-V1,None,,None
BACKFILL,Model Type,M-TOHY-0023,MR-TOHY-0023-V1,None,,None
BACKFILL,Model Type,M-TOHY-0024,MR-TOHY-0024-V1,None,,None
BACKFILL,Model Type,M-TOHY-0027,MR-TOHY-0027-V1,None,,None
BACKFILL,Model Type,M-TOHY-0029,MR-TOHY-0029-V1,None,,None
BACKFILL,Model Type,M-TOHY-0030,MR-TOHY-0030-V1,None,,None
BACKFILL,Model Type,M-TOHY-0031,MR-TOHY-0031-V1,None,,None
BACKFILL,Model Type,M-TRIV-0001,MR-TRIV-0001-V1,None,,None
BACKFILL,Model Type,M-XCEN-0004,MR-XCEN-0004-V1,None,,None
BACKFILL,Model Type,M-XCEN-0006,MR-XCEN-0006-V1,None,,None
BACKFILL,Model Type,M-XCEN-0007,MR-XCEN-0007-V1,None,,None
BACKFILL,Oil Amount,M-ALPO-0007,MR-ALPO-0007-V1,525,,525
BACKFILL,Oil Amount,M-HYQU-0003,MR-HYQU-0003-V1,"1,805",,"1,805"
BACKFILL,Oil Amount,M-LITE-0001,MR-LITE-0001-V1,740,,740
BACKFILL,Oil Type,M-ALPO-0003,MR-ALPO-0003-V1,None,,None
BACKFILL,Oil Type,M-ALPO-0008,MR-ALPO-0008-V1,None,,None
BACKFILL,Oil Type,M-ATCO-0001,MR-ATCO-0001-V1,None,,None
BACKFILL,Oil Type,M-ATCO-0002,MR-ATCO-0002-V1,None,,None
BACKFILL,Oil Type,M-AUEN-0013,MR-AUEN-0013-V1,None,,None
BACKFILL,Oil Type,M-AUEN-0014,MR-AUEN-0014-V1,None,,None
BACKFILL,Oil Type,M-AUEN-0015,MR-AUEN-0015-V1,None,,None
BACKFILL,Oil Type,M-AUEN-0016,MR-AUEN-0016-V1,None,,None
BACKFILL,Oil Type,M-AUEN-0017,MR-AUEN-0017-V1,None,,None
BACKFILL,Oil Type,M-AUEN-0018,MR-AUEN-0018-V1,None,,None
BACKFILL,Oil Type,M-AUEN-0019,MR-AUEN-0019-V1,None,,None
BACKFILL,Oil Type,M-BEEL-0001,MR-BEEL-0001-V1,None,,None
BACKFILL,Oil Type,M-ELPA-0001,MR-ELPA-0001-V1,None,,None
BACKFILL,Oil Type,M-ELPA-0002,MR-ELPA-0002-V1,None,,None
BACKFILL,Oil Type,M-ENMA-0045,MR-ENMA-0045-V1,None,,None
BACKFILL,Oil Type,M-ENMA-0046,MR-ENMA-0046-V1,None,,None
BACKFILL,Oil Type,M-FIEN-0004,MR-FIEN-0004-V1,None,,None
BACKFILL,Oil Type,M-GEPO-0014,MR-GEPO-0014-V1,None,,None
BACKFILL,Oil Type,M-GEPO-0015,MR-GEPO-0015-V1,None,,None
BACKFILL,Oil Type,M-GEPO-0017,MR-GEPO-0017-V1,None,,None
BACKFILL,Oil Type,M-HYQU-0003,MR-HYQU-0003-V1,A2,,A2
BACKFILL,Oil Type,M-HYQU-0004,MR-HYQU-0004-V1,A2,,A2
BACKFILL,Oil Type,M-HYQU-0026,MR-HYQU-0026-V1,None,,None
BACKFILL,Oil Type,M-HYQU-0029,MR-HYQU-0029-V1,None,,None
BACKFILL,Oil Type,M-HYQU-0031,MR-HYQU-0031-V1,None,,None
BACKFILL,Oil Type,M-HYQU-0035,MR-HYQU-0035-V1,None,,None
BACKFILL,Oil Type,M-HYQU-0036,MR-HYQU-0036-V1,None,,None
BACKFILL,Oil Type,M-HYQU-0094,MR-HYQU-0094-V1,None,,None
BACKFILL,Oil Type,M-HYQU-0095,MR-HYQU-0095-V1,None,,None
BACKFILL,Oil Type,M-LISA-0005,MR-LISA-0005-V1,None,,None
BACKFILL,Oil Type,M-LITE-0001,MR-LITE-0001-V1,FR3,,FR3
BACKFILL,Oil Type,M-MAGA-0006,MR-MAGA-0006-V1,None,,None
BACKFILL,Oil Type,M-MULT-0001,MR-MULT-0001-V1,None,,None
BACKFILL,Oil Type,M-NAEL-0001,MR-NAEL-0001-V1,None,,None
BACKFILL,Oil Type,M-NAEL-0004,MR-NAEL-0004-V1,None,,None
BACKFILL,Oil Type,M-NAEL-0005,MR-NAEL-0005-V1,None,,None
BACKFILL,Oil Type,M-NAEL-0008,MR-NAEL-0008-V1,None,,None
BACKFILL,Oil Type,M-OTHY-0006,MR-OTHY-0006-V1,None,,None
BACKFILL,Oil Type,M-PSEG-0001,MR-PSEG-0001-V1,None,,None
BACKFILL,Oil Type,M-PSEG-0002,MR-PSEG-0002-V1,None,,None
BACKFILL,Oil Type,M-PSEG-0005,MR-PSEG-0005-V1,None,,None
BACKFILL,Oil Type,M-PSEG-0006,MR-PSEG-0006-V1,None,,None
BACKFILL,Oil Type,M-PSEG-0008,MR-PSEG-0008-V1,None,,None
BACKFILL,Oil Type,M-PSEG-0009,MR-PSEG-0009-V1,None,,None
BACKFILL,Oil Type,M-PSEG-0010,MR-PSEG-0010-V1,None,,None
BACKFILL,Oil Type,M-PSEG-0014,MR-PSEG-0014-V1,None,,None
BACKFILL,Oil Type,M-PSEG-0017,MR-PSEG-0017-V1,None,,None
BACKFILL,Oil Type,M-PSEG-0018,MR-PSEG-0018-V1,None,,None
BACKFILL,Oil Type,M-PSEG-0022,MR-PSEG-0022-V1,None,,None
BACKFILL,Oil Type,M-PSEG-0023,MR-PSEG-0023-V1,None,,None
BACKFILL,Oil Type,M-PSEG-0024,MR-PSEG-0024-V1,None,,None
BACKFILL,Oil Type,M-PSEG-0025,MR-PSEG-0025-V1,None,,None
BACKFILL,Oil Type,M-RIED-0001,MR-RIED-0001-V1,None,,None
BACKFILL,Oil Type,M-TOHY-0007,MR-TOHY-0007-V1,None,,None
BACKFILL,Oil Type,M-TOHY-0008,MR-TOHY-0008-V1,None,,None
BACKFILL,Oil Type,M-TOHY-0014,MR-TOHY-0014-V1,None,,None
BACKFILL,Oil Type,M-TOHY-0015,MR-TOHY-0015-V1,None,,None
BACKFILL,Oil Type,M-TOHY-0021,MR-TOHY-0021-V1,None,,None
BACKFILL,Oil Type,M-TOHY-0022,MR-TOHY-0022-V1,None,,None
BACKFILL,Oil Type,M-TOHY-0023,MR-TOHY-0023-V1,None,,None
BACKFILL,Oil Type,M-TOHY-0024,MR-TOHY-0024-V1,None,,None
BACKFILL,Oil Type,M-TOHY-0027,MR-TOHY-0027-V1,None,,None
BACKFILL,Oil Type,M-TOHY-0029,MR-TOHY-0029-V1,None,,None
BACKFILL,Oil Type,M-TOHY-0030,MR-TOHY-0030-V1,None,,None
BACKFILL,Oil Type,M-TOHY-0031,MR-TOHY-0031-V1,None,,None
BACKFILL,Oil Type,M-TRIV-0001,MR-TRIV-0001-V1,None,,None
BACKFILL,Oil Type,M-WESC-0001,MR-WESC-0001-V1,None,,None
BACKFILL,Oil Type,M-WIHI-0001,MR-WIHI-0001-V1,None,,None
BACKFILL,Oil Type,M-XCEN-0004,MR-XCEN-0004-V1,None,,None
BACKFILL,Oil Type,M-XCEN-0006,MR-XCEN-0006-V1,None,,None
BACKFILL,Oil Type,M-XCEN-0007,MR-XCEN-0007-V1,None,,None
BACKFILL,Oil Type,MSA-HYQU-0002,MRSA-HYQU-0002-V1,None,,None
BACKFILL,Oil Type,MSA-HYQU-0064,MRSA-HYQU-0064-V1,None,,None
BACKFILL,Oil Type,MSA-HYQU-0065,MRSA-HYQU-0065-V1,None,,None
BACKFILL,Oil Type,MSA-HYQU-0066,MRSA-HYQU-0066-V1,None,,None
BACKFILL,Oil Type,MSA-HYQU-0067,MRSA-HYQU-0067-V1,None,,None
BACKFILL,Oil Type,MSA-HYQU-0068,MRSA-HYQU-0068-V1,None,,None
BACKFILL,Oil Type,MSA-HYQU-0069,MRSA-HYQU-0069-V1,None,,None
BACKFILL,Oil Type,MSA-HYQU-0070,MRSA-HYQU-0070-V1,None,,None
BACKFILL,Oil Type,MSA-HYQU-0071,MRSA-HYQU-0071-V1,None,,None
BACKFILL,Oil Type,MSA-HYQU-0076,MRSA-HYQU-0076-V1,None,,None
BACKFILL,Oil Type,MSA-HYQU-0077,MRSA-HYQU-0077-V1,None,,None
BACKFILL,Oil Type,MSA-HYQU-0082,MRSA-HYQU-0082-V1,None,,None
BACKFILL,Oil Type,MSA-HYQU-0092,MRSA-HYQU-0092-V1,None,,None
BACKFILL,Oil Type,MSA-HYQU-0096,MRSA-HYQU-0096-V1,None,,None
BACKFILL,Oil Type,MSA-HYQU-0097,MRSA-HYQU-0097-V1,None,,None
BACKFILL,Overcoil,M-HYQU-0003,MR-HYQU-0003-V1,"1,675",,"1,675"
BACKFILL,Overcoil,M-HYQU-0004,MR-HYQU-0004-V1,"1,125",,"1,125"
BACKFILL,Overcoil,M-PITR-0001,MR-PITR-0001-V1,12.75,,12.75
BACKFILL,Spec_ID,M-OTHY-0010,MR-OTHY-0010-V1,GMS-0002,,GMS-0002
BACKFILL,Spec_ID,M-OTHY-0011,MR-OTHY-0011-V1,GMS-0002,,GMS-0002
BACKFILL,Wire (HV),M-HYQU-0003,MR-HYQU-0003-V1,91*182,,91*182
BACKFILL,Wire (HV),M-HYQU-0004,MR-HYQU-0004-V1,"11,5 RD",,"11,5 RD"
BACKFILL,Wire (HV),M-HYQU-0071,MR-HYQU-0071-V1,2x 0.040*27.000,,2x 0.040*27.000
BACKFILL,Wire (HV),M-HYQU-0072,MR-HYQU-0072-V1,2x 112*301  2x 130*319,,2x 112*301  2x 130*319
BACKFILL,Wire (HV),M-HYQU-0084,MR-HYQU-0084-V1,2x 112*270  130*288,,2x 112*270  130*288
BACKFILL,Wire (HV),M-PITR-0001,MR-PITR-0001-V1,11.5RD,,11.5RD
BACKFILL,kVA and kV -> kVA,M-HYQU-0003,MR-HYQU-0003-V1,"1,500",,"1,500"
BACKFILL,kVA and kV -> kVA,M-HYQU-0004,MR-HYQU-0004-V1,"2,494",,"2,494"
BACKFILL,kVA and kV -> kVA,M-MULT-0001,MR-MULT-0001-V1,0,,0
REVIEW,Copper (LV),M-ENBR-0001,MR-ENBR-0001-V1,"35*24,88",35*24.88,
REVIEW,Copper (LV),M-ENMA-0030,MR-ENMA-0030-V1,2x 45*12,2s 45*12,
REVIEW,Copper (LV),M-ENMA-0052,MR-ENMA-0052-V1,2x 33*14,3x 45*18,
REVIEW,Copper (LV),M-HITA-0001,MR-HITA-0001-V1,"2x 32*34,5",2x 32*34.5,
REVIEW,Copper (LV),M-HITA-0002,MR-HITA-0002-V1,"2x 32*34,5",2x 32*34.5,
REVIEW,Copper (LV),M-HITA-0003,MR-HITA-0003-V1,"2x 32*34,5",2x 32*34.5,
REVIEW,Copper (LV),M-HYQU-0091,MR-HYQU-0091-V1,"2x 35*30,250",2x 35*30.250,
REVIEW,Copper (LV),M-HYQU-0092,M-HYQU-0092,114*228,152*430,
REVIEW,Core Type,M-EPCO-0001,MR-EPCO-0001-V1,None,Annexe,
REVIEW,Core Type,M-EPCO-0003,MR-EPCO-0003-V1,None,Annexe,
REVIEW,Core Type,M-EPCO-0004,MR-EPCO-0004-V1,None,Annexe,
REVIEW,Core Type,M-EPCO-0005,MR-EPCO-0005-V1,None,Annexe,
REVIEW,Core Type,M-HYQU-0034,MR-HYQU-0034-V1,None,Amorphe,
REVIEW,Core Type,M-HYQU-0037,MR-HYQU-0037-V1,None,Amorphe,
REVIEW,Core Type,MSA-HYQU-0002,MRSA-HYQU-0002-V1,None,Annexe,
REVIEW,Core Type,MSA-HYQU-0064,MRSA-HYQU-0064-V1,None,Annexe,
REVIEW,Core Type,MSA-HYQU-0065,MRSA-HYQU-0065-V1,None,Annexe,
REVIEW,Core Type,MSA-HYQU-0066,MRSA-HYQU-0066-V1,None,Annexe,
REVIEW,Core Type,MSA-HYQU-0067,MRSA-HYQU-0067-V1,None,Annexe,
REVIEW,Core Type,MSA-HYQU-0068,MRSA-HYQU-0068-V1,None,Annexe,
REVIEW,Core Type,MSA-HYQU-0069,MRSA-HYQU-0069-V1,None,Annexe,
REVIEW,Core Type,MSA-HYQU-0070,MRSA-HYQU-0070-V1,None,Annexe,
REVIEW,Core Type,MSA-HYQU-0071,MRSA-HYQU-0071-V1,None,Annexe,
REVIEW,Core Type,MSA-HYQU-0082,MRSA-HYQU-0082-V1,None,Annexe,
REVIEW,Core Type,MSA-HYQU-0092,MRSA-HYQU-0092-V1,None,Annexe,
REVIEW,Core Type,MSA-HYQU-0096,MRSA-HYQU-0096-V1,None,Annexe,
REVIEW,Core Type,MSA-HYQU-0097,MRSA-HYQU-0097-V1,None,Annexe,
REVIEW,Description -> Model Description,M-HYQU-0065,MR-HYQU-0065-V1,MALT + SA,"[""LTC""]",
REVIEW,Description -> Model Description,M-KBAU-0001,MR-KBAU-0001-V1,SUBSTATION LTC,"[""NETWORK""]",
REVIEW,Description -> Model Description,M-MULT-0002,MR-MULT-0002-V1,SUBSTATION,"[""PADMOUNT""]",
REVIEW,Description -> Model Description,M-PITR-0004,MR-PITR-0004-V1,PROTOTYPE,"[""NETWORK""]",
REVIEW,Description -> Model Description,M-TOHY-0011,MR-TOHY-0011-V1,SUBWAY,"[""NETWORK""]",
REVIEW,Form,M-ENMA-0052,MR-ENMA-0052-V1,"6,5 x 9,25",12x14.5,
REVIEW,Form,M-EPCO-0003,MR-EPCO-0003-V1,"25,5x12,25",5.25x12.25,
REVIEW,Form,M-OTHY-0004,MR-OTHY-0004-V1,"10x13,5",10.25x13.5,
REVIEW,JS %23,M-ENMA-0006,MR-ENMA-0006-V1,15,16,
REVIEW,JS %23,M-HYQU-0060,MR-HYQU-0060-V1,23,22,
REVIEW,JS %23,M-TOHY-0016,MR-TOHY-0016-V1,24,25,
REVIEW,Model Type,M-HYQU-0060,MR-HYQU-0060-V1,ZIG-ZAG,MALT,
REVIEW,Model Type,M-HYQU-0065,MR-HYQU-0065-V1,MALT + SA,POWER LTC,
REVIEW,Model Type,M-HYQU-0082,MR-HYQU-0082-V1,ZIG-ZAG,MALT,
REVIEW,Model Type,M-KBAU-0001,MR-KBAU-0001-V1,POWER-LTC,NETWORK,
REVIEW,Model Type,M-MULT-0002,MR-MULT-0002-V1,POWER-W,PADMOUNT,
REVIEW,Model Type,MSA-HYQU-0002,MRSA-HYQU-0002-V1,None,ZIG-ZAG + SA,
REVIEW,Model Type,MSA-HYQU-0064,MRSA-HYQU-0064-V1,None,ZIG-ZAG + SA,
REVIEW,Model Type,MSA-HYQU-0065,MRSA-HYQU-0065-V1,None,ZIG-ZAG + SA,
REVIEW,Model Type,MSA-HYQU-0066,MRSA-HYQU-0066-V1,None,ZIG-ZAG + SA,
REVIEW,Model Type,MSA-HYQU-0067,MRSA-HYQU-0067-V1,None,ZIG-ZAG + SA,
REVIEW,Model Type,MSA-HYQU-0068,MRSA-HYQU-0068-V1,None,ZIG-ZAG + SA,
REVIEW,Model Type,MSA-HYQU-0069,MRSA-HYQU-0069-V1,None,ZIG-ZAG + SA,
REVIEW,Model Type,MSA-HYQU-0070,MRSA-HYQU-0070-V1,None,ZIG-ZAG + SA,
REVIEW,Model Type,MSA-HYQU-0071,MRSA-HYQU-0071-V1,None,POWER-LTC,
REVIEW,Model Type,MSA-HYQU-0076,MRSA-HYQU-0076-V1,None,MALT + SA,
REVIEW,Model Type,MSA-HYQU-0077,MRSA-HYQU-0077-V1,None,MALT + SA,
REVIEW,Model Type,MSA-HYQU-0082,MRSA-HYQU-0082-V1,None,ZIG-ZAG + SA,
REVIEW,Model Type,MSA-HYQU-0092,MRSA-HYQU-0092-V1,None,ZIG-ZAG + SA,
REVIEW,Model Type,MSA-HYQU-0096,MRSA-HYQU-0096-V1,None,ZIG-ZAG + SA,
REVIEW,Model Type,MSA-HYQU-0097,MRSA-HYQU-0097-V1,None,ZIG-ZAG + SA,
REVIEW,Oil Amount,M-ALPO-0004,MR-ALPO-0004-V1,0,357,
REVIEW,Oil Amount,M-ENMA-0031,MR-ENMA-0031-V1,0,"2,500",
REVIEW,Oil Amount,M-ENMA-0034,MR-ENMA-0034-V1,0,"1,165",
REVIEW,Oil Amount,M-ENMA-0036,MR-ENMA-0036-V1,0,"1,220",
REVIEW,Oil Amount,M-ENMA-0039,MR-ENMA-0039-V1,0,"1,240",
REVIEW,Oil Amount,M-ENMA-0041,MR-ENMA-0041-V1,0,"1,350",
REVIEW,Oil Amount,M-ENMA-0044,MR-ENMA-0044-V1,0,"2,500",
REVIEW,Oil Amount,M-FIEN-0002,M-FIEN-0002,"1,060","4,020",
REVIEW,Oil Amount,M-HYQU-0066,MR-HYQU-0066-V1,"3,440","3,444",
REVIEW,Oil Amount,M-KBAU-0001,MR-KBAU-0001-V1,636,"2,410",
REVIEW,Oil Amount,M-KEEL-0001,MR-KEEL-0001-V1,0,"1,170",
REVIEW,Oil Type,M-ENMA-0015,MR-ENMA-0015-V1,None,Midel,
REVIEW,Oil Type,M-ENMA-0016,MR-ENMA-0016-V1,None,Midel,
REVIEW,Oil Type,M-FIEN-0002,M-FIEN-0002,FR3,B2,
REVIEW,Oil Type,M-PSEG-0007,MR-PSEG-0007-V1,None,FR3,
REVIEW,Oil Type,M-REDE-0001,MR-REDE-0001-V1,None,B2,
REVIEW,Overcoil,M-ENMA-0052,MR-ENMA-0052-V1,15,19,
REVIEW,Overcoil,M-EPCO-0004,MR-EPCO-0004-V1,28.75,"2,875",
REVIEW,Overcoil,M-HYQU-0039,MR-HYQU-0039-V1,"34,313",34,
REVIEW,Overcoil,M-HYQU-0092,M-HYQU-0092,10.625,25.375,
REVIEW,Overcoil,M-KORT-0004,MR-KORT-0004-V1,"14,375",14.75,
REVIEW,Overcoil,M-MAGA-0009,MR-MAGA-0009-V1,16.75,"1,675",
REVIEW,Overcoil,M-OTHY-0004,MR-OTHY-0004-V1,14.75,15,
REVIEW,Overcoil,M-POWE-0001,MR-POWE-0001-V1,"1,675",16.75,
REVIEW,Overcoil,M-TOHY-0010,MR-TOHY-0010-V1,14.75,"1,475",
REVIEW,Phases,M-ENMA-0031,MR-ENMA-0031-V1,0,3,
REVIEW,Phases,M-ENMA-0034,MR-ENMA-0034-V1,0,3,
REVIEW,Phases,M-ENMA-0036,MR-ENMA-0036-V1,0,3,
REVIEW,Phases,M-ENMA-0039,MR-ENMA-0039-V1,0,3,
REVIEW,Phases,M-ENMA-0040,MR-ENMA-0040-V1,0,3,
REVIEW,Phases,M-ENMA-0041,MR-ENMA-0041-V1,0,3,
REVIEW,Phases,M-ENMA-0044,MR-ENMA-0044-V1,0,3,
REVIEW,Wire (HV),M-AUEN-0010,MR-AUEN-0010-V1,"12,5RD",12.5RD,
REVIEW,Wire (HV),M-ENMA-0052,MR-ENMA-0052-V1,10RD,4x114*228,
REVIEW,Wire (HV),M-GEPO-0011,MR-GEPO-0011-V1,"10,5rd",10.5rd,
REVIEW,Wire (HV),M-HYQU-0015,MR-HYQU-0015-V1,"11,5 RD",11.5RD,
REVIEW,Wire (HV),M-HYQU-0039,MR-HYQU-0039-V1,70*219,9x 70*219,
REVIEW,Wire (HV),M-HYQU-0089,MR-HYQU-0089-V1,"11,5RD",11.5RD,
REVIEW,Wire (HV),M-HYQU-0092,M-HYQU-0092,114*228,152*430,
REVIEW,Wire (HV),M-POWE-0001,MR-POWE-0001-V1,"11,5RD",11.5RD,
REVIEW,kVA and kV -> kVA,M-MEEN-0001,MR-MEEN-0001-V1,"1,500","7,500",
REVIEW,kVA and kV -> kVA,M-MEEN-0005,MR-MEEN-0005-V1,"7,500","1,500",
REVIEW,kVA and kV -> kVA,M-OTHY-0009,MR-OTHY-0009-V1,883,833,
REVIEW,kVA and kV -> kVA,M-WESC-0001,MR-WESC-0001-V1,0,"1,500",
REVIEW,kVA and kV -> kVA,MSA-HYQU-0002,MRSA-HYQU-0002-V1,0,24.94,
REVIEW,kVA and kV -> kVA,MSA-HYQU-0064,MRSA-HYQU-0064-V1,0,24.9,
REVIEW,kVA and kV -> kVA,MSA-HYQU-0065,MRSA-HYQU-0065-V1,0,24.94,
REVIEW,kVA and kV -> kVA,MSA-HYQU-0066,MRSA-HYQU-0066-V1,0,24.94,
REVIEW,kVA and kV -> kVA,MSA-HYQU-0067,MRSA-HYQU-0067-V1,0,13.8,
REVIEW,kVA and kV -> kVA,MSA-HYQU-0068,MRSA-HYQU-0068-V1,0,24.94,
REVIEW,kVA and kV -> kVA,MSA-HYQU-0069,MRSA-HYQU-0069-V1,0,264,
REVIEW,kVA and kV -> kVA,MSA-HYQU-0070,MRSA-HYQU-0070-V1,0,12.5,
REVIEW,kVA and kV -> kVA,MSA-HYQU-0071,MRSA-HYQU-0071-V1,0,12.5,
REVIEW,kVA and kV -> kVA,MSA-HYQU-0076,MRSA-HYQU-0076-V1,0,300,
REVIEW,kVA and kV -> kVA,MSA-HYQU-0077,MRSA-HYQU-0077-V1,0,"1,000",
REVIEW,kVA and kV -> kVA,MSA-HYQU-0082,MRSA-HYQU-0082-V1,0,24.94,
REVIEW,kVA and kV -> kVA,MSA-HYQU-0092,MRSA-HYQU-0092-V1,0,4.16,
REVIEW,kVA and kV -> kVA,MSA-HYQU-0096,MRSA-HYQU-0096-V1,0,24.94,
REVIEW,kVA and kV -> kVA,MSA-HYQU-0097,MRSA-HYQU-0097-V1,0,12.5,
